Wavelength (µm) raw,Icelandic tephra JB501C  45-125 µm raw,Wavelength (µm) bin avg,Icelandic tephra JB501C  45-125 µm bin avg,Wavelength (µm) cubic spline of bin avg,Icelandic tephra JB501C  45-125 µm cubic spline of bin avg
0.32,0.01734,0.44602,0.05725,0.44602,0.05725
0.325,0.01939,0.456,0.059955,0.45600098039215686,0.05995523581703612
0.33,0.01889,0.46598,0.062505,0.46598196078431375,0.06250557498470058
0.335,0.0195,0.47596,0.06605,0.47596294117647064,0.0660512315531618
0.34,0.02039,0.48595,0.070635,0.4859439215686275,0.07063211649714449
0.345,0.02161,0.49593,0.075455,0.4959249019607843,0.07545240241886322
0.35,0.02287,0.50591,0.08072499999999999,0.5059058823529412,0.08072285672432174
0.355,0.02397,0.51589,0.085605,0.5158868627450981,0.08560355818434587
0.36,0.02492,0.52587,0.08991,0.525867843137255,0.0899091323977284
0.365,0.02612,0.53585,0.09382,0.5358488235294118,0.09381952837241378
0.37,0.02773,0.54583,0.09809000000000001,0.5458298039215687,0.09808991115204127
0.375,0.02939,0.55581,0.10256,0.5558107843137255,0.10256032459806537
0.38,0.03158,0.56579,0.10616,0.5657917647058823,0.10616055985434276
0.385,0.03336,0.57577,0.10910500000000001,0.5757727450980392,0.10910578109190068
0.39,0.03464,0.58576,0.111815,0.5857537254901961,0.11181347095503157
0.395,0.03691,0.59574,0.114005,0.595734705882353,0.1140038729807065
0.4,0.03829,0.60572,0.11614,0.6057156862745099,0.11613911614357139
0.405,0.04015,0.6157,0.11788000000000001,0.6156966666666667,0.11787955860913225
0.41,0.04161,0.62568,0.118825,0.6256776470588236,0.11882482910056698
0.415,0.04353,0.63566,0.1196,0.6356586274509805,0.1195998708324261
0.42,0.04553,0.64564,0.12081,0.6456396078431372,0.12080994211173478
0.425,0.04784,0.65562,0.122335,0.6556205882352941,0.12233508092130346
0.43,0.05037,0.6656,0.123365,0.665601568627451,0.1233651100262371
0.435,0.05289,0.67558,0.123885,0.6755825490196079,0.12388512178979445
0.44,0.05474,0.68556,0.124335,0.6855635294117648,0.12433510701265836
0.445,0.05657,0.69555,0.12432499999999999,0.6955445098039216,0.12432520192444439
0.45,0.05793,0.70553,0.123785,0.7055254901960785,0.12378521875118545
0.455,0.05938,0.71551,0.12353,0.7155064705882352,0.12353002897527336
0.46,0.06053,0.72549,0.123395,0.7254874509803921,0.12339509153418379
0.465,0.06203,0.73547,0.12282,0.735468431372549,0.122820096541102
0.47,0.06298,0.74545,0.12234500000000001,0.7454494117647059,0.12234501973020248
0.475,0.06475,0.75543,0.12201999999999999,0.7554303921568628,0.1220199824403355
0.48,0.06735,0.76541,0.121265,0.7654113725490197,0.12126484626084466
0.485,0.06965,0.77539,0.11984,0.7753923529411766,0.11983961760068931
0.49,0.07162,0.78537,0.118445,0.7853733333333334,0.11844471469346066
0.495,0.07422,0.79536,0.11801500000000001,0.7953543137254901,0.11801524751744862
0.5,0.07669,0.80534,0.117255,0.805335294117647,0.11725546018433806
0.505,0.07955,0.81532,0.116215,0.8153162745098039,0.11621539621472769
0.51,0.0819,0.8253,0.115125,0.8252972549019608,0.1151253213864442
0.515,0.08465,0.83528,0.11386,0.8352782352941177,0.11386023513569597
0.52,0.08656,0.84526,0.11252999999999999,0.8452592156862746,0.11253010196394067
0.525,0.08905,0.85524,0.11123,0.8552401960784315,0.11122997307387258
0.53,0.09077,0.86522,0.10983,0.8652211764705883,0.10982984432281831
0.535,0.09301,0.8752,0.108575,0.875202156862745,0.10857471644632997
0.54,0.09463,0.88518,0.10722,0.8851831372549019,0.10721960349350211
0.545,0.09674,0.89517,0.1061,0.8951641176470588,0.10610062726723822
0.55,0.09944,0.90515,0.10502500000000001,0.9051450980392157,0.10502552227642854
0.555,0.10135,0.91513,0.104015,0.9151260784313726,0.10401536842698185
0.56,0.10377,0.92511,0.103115,0.9251070588235295,0.10311527006589619
0.565,0.10561,0.93509,0.102145,0.9350880392156864,0.10214519780519131
0.57,0.10671,0.94507,0.101165,0.9450690196078432,0.10116508904400154
0.575,0.10844,0.95505,0.10037,0.95505,0.10037
0.58,0.10977,0.96503,0.09972,0.9650309803921568,0.09971993531333022
0.585,0.11123,0.97501,0.099105,0.9750119607843137,0.099104907950912
0.59,0.1124,0.98499,0.09875,0.9849929411764706,0.09874988879929283
0.595,0.11376,0.99497,0.098285,0.9949739215686275,0.09828481048366818
0.6,0.11425,1.00496,0.09786,1.0049549019607844,0.09786018504531639
0.605,0.11559,1.01494,0.09754499999999999,1.0149358823529413,0.09754511861357598
0.61,0.11669,1.02492,0.097275,1.0249168627450982,0.09727507634702681
0.615,0.11768,1.0349,0.09709999999999999,1.0348978431372549,0.09710001644973701
0.62,0.11808,1.04488,0.09714,1.0448788235294117,0.09713998323790861
0.625,0.11867,1.05486,0.09728500000000001,1.0548598039215686,0.09728499877644083
0.63,0.11898,1.06484,0.09724,1.0648407843137255,0.09723999282520197
0.635,0.11934,1.07482,0.09719,1.0748217647058824,0.09719000317059809
0.64,0.11986,1.0848,0.097245,1.0848027450980393,0.09724500952234787
0.645,0.12049,1.09478,0.0973,1.0947837254901962,0.09730006480580639
0.65,0.12113,1.10477,0.09759999999999999,1.104764705882353,0.09759982219823059
0.655,0.12195,1.11475,0.09792000000000001,1.1147456862745098,0.09791985091940192
0.66,0.12272,1.12473,0.0983,1.1247266666666667,0.09829987136602081
0.665,0.12321,1.13471,0.098665,1.1347076470588235,0.09866491758049983
0.67,0.12352,1.14469,0.09903500000000001,1.1446886274509804,0.09903494202456768
0.675,0.12372,1.15467,0.099495,1.1546696078431373,0.09949498215308693
0.68,0.12405,1.16465,0.09997,1.1646505882352942,0.09997003340292739
0.685,0.12433,1.17463,0.100635,1.174631568627451,0.10063510986572113
0.69,0.12434,1.18461,0.101325,1.184612549019608,0.10132517937954523
0.695,0.1244,1.19459,0.10203999999999999,1.1945935294117647,0.10204024995054686
0.7,0.12425,1.20458,0.10277,1.2045745098039216,0.10276955808010377
0.705,0.12387,1.21456,0.10358999999999999,1.2145554901960784,0.10358967116458227
0.71,0.1237,1.22454,0.10422000000000001,1.2245364705882353,0.10421977502780619
0.715,0.1236,1.23452,0.10493,1.2345174509803922,0.10492980904034765
0.72,0.12346,1.2445,0.10567,1.2444984313725491,0.10566988632749966
0.725,0.12346,1.25448,0.1064,1.254479411764706,0.10639995464404726
0.73,0.12333,1.26446,0.107225,1.264460392156863,0.1072250339399846
0.735,0.12293,1.27444,0.10808999999999999,1.2744413725490196,0.10809011628569576
0.74,0.12271,1.28442,0.10891500000000001,1.2844223529411765,0.10891519430033958
0.745,0.12245,1.2944,0.109765,1.2944033333333334,0.10976529492187867
0.75,0.12224,1.30438,0.11069999999999999,1.3043843137254902,0.11070043179678023
0.755,0.12211,1.31437,0.111785,1.3143652941176471,0.11178444461168352
0.76,0.12193,1.32435,0.11297499999999999,1.324346274509804,0.11297458511692236
0.765,0.12158,1.33433,0.114015,1.334327254901961,0.1140147065921225
0.77,0.12095,1.34431,0.115145,1.3443082352941178,0.11514479988640774
0.775,0.12021,1.35429,0.11613166666666669,1.3542892156862745,0.11613160721511895
0.78,0.11947,1.36427,0.11666714285714284,1.3642701960784314,0.11666715089014434
0.785,0.11871,1.37425,0.11721999999999999,1.3742511764705883,0.11722010292758507
0.79,0.11818,1.38423,0.11820428571428573,1.3842321568627451,0.11820443918371895
0.795,0.1179,1.39421,0.11866666666666666,1.394213137254902,0.11866686347332683
0.8,0.11813,1.40419,0.11956857142857143,1.404194117647059,0.11956893406264349
0.805,0.11748,1.41418,0.12040000000000001,1.4141750980392158,0.1203994815716004
0.81,0.11703,1.42416,0.12167571428571429,1.4241560784313727,0.1216752358325258
0.815,0.11649,1.43414,0.12271666666666665,1.4341370588235294,0.12271636479794008
0.82,0.11594,1.44412,0.12381166666666665,1.4441180392156863,0.12381145192036726
0.825,0.11542,1.4541,0.12479166666666668,1.4540990196078432,0.12479158526157705
0.83,0.11483,1.46408,0.12555333333333332,1.46408,0.12555333333333332
0.835,0.11418,1.47406,0.12648833333333334,1.474060980392157,0.1264884307628046
0.84,0.11354,1.48404,0.12742,1.4840419607843138,0.12742016020352392
0.845,0.1129,1.49402,0.128215,1.4940229411764707,0.12821527305760025
0.85,0.11216,1.504,0.1291783333333333,1.5040039215686276,0.12917862943959252
0.855,0.11156,1.51399,0.129714,1.5139849019607845,0.12971371684854324
0.86,0.1109,1.52397,0.13040333333333334,1.5239658823529412,0.13040304360342067
0.865,0.11016,1.53395,0.131025,1.533946862745098,0.13102482086071318
0.87,0.1095,1.54393,0.13149799999999998,1.543927843137255,0.13149793463570625
0.875,0.10895,1.55391,0.13168200000000002,1.5539088235294118,0.13168197741928891
0.88,0.1082,1.56389,0.13198833333333335,1.5638898039215687,0.13198832542863936
0.885,0.10747,1.57387,0.13245600000000002,1.5738707843137256,0.13245604095224361
0.89,0.10697,1.58385,0.13286599999999998,1.5838517647058825,0.13286602585479995
0.895,0.10639,1.59383,0.132822,1.5938327450980394,0.1328219977483452
0.9,0.10581,1.60381,0.132958,1.6038137254901963,0.13295806073787952
0.905,0.1053,1.6138,0.133098,1.613794705882353,0.13309790191325718
0.91,0.10475,1.62378,0.133252,1.6237756862745099,0.13325200897660158
0.915,0.10424,1.63376,0.133134,1.6337566666666667,0.13313399781487395
0.92,0.10379,1.64374,0.13326599999999997,1.6437376470588236,0.13326599143028023
0.925,0.10334,1.65372,0.13316,1.6537186274509805,0.13316001014717174
0.93,0.10289,1.6637,0.13319399999999998,1.6636996078431374,0.13319399832047757
0.935,0.10237,1.67368,0.133174,1.6736805882352943,0.13317399674632657
0.94,0.10192,1.68366,0.13312,1.683661568627451,0.1331199930951855
0.945,0.10139,1.69364,0.13308999999999999,1.6936425490196079,0.13308999461970422
0.95,0.10094,1.70362,0.13303500000000001,1.7036235294117648,0.13303495514278996
0.955,0.10052,1.7136,0.13286000000000003,1.7136045098039216,0.1328599269347205
0.96,0.10022,1.72359,0.13273249999999998,1.7235854901960785,0.1327325603140198
0.965,0.09984,1.73357,0.13258999999999999,1.7335664705882354,0.13259004031229976
0.97,0.0996,1.74355,0.13249500000000003,1.7435474509803923,0.13249503144691221
0.975,0.09927,1.75353,0.132358,1.7535284313725492,0.1323580140651807
0.98,0.09894,1.76351,0.1323375,1.763509411764706,0.1323374994979318
0.985,0.09875,1.77349,0.13230250000000002,1.7734903921568628,0.13230249563421073
0.99,0.09844,1.78347,0.1321775,1.7834713725490197,0.1321774939362377
0.995,0.09813,1.79345,0.1322225,1.7934523529411766,0.13222251120817127
1.0,0.09794,1.80343,0.132195,1.8034333333333334,0.1321949687236147
1.005,0.09778,1.81341,0.1321175,1.8134143137254903,0.13211750518714044
1.01,0.09757,1.8234,0.1321975,1.8233952941176472,0.13219747498289502
1.015,0.09752,1.83338,0.13216750000000002,1.8333762745098041,0.13216752772880674
1.02,0.09737,1.84336,0.13212333333333334,1.8433572549019608,0.13212332739007254
1.025,0.09718,1.85334,0.13223500000000002,1.8533382352941177,0.1322349663625372
1.03,0.09711,1.86332,0.13233999999999999,1.8633192156862746,0.13234001041896729
1.035,0.09709,1.8733,0.1318575,1.8733001960784315,0.13185748443315945
1.04,0.0971,1.88328,0.13093000000000002,1.8832811764705883,0.13092989059125118
1.045,0.09718,1.89326,0.12997750000000002,1.8932621568627452,0.1299772546542442
1.05,0.09728,1.90324,0.12878333333333333,1.9032431372549021,0.12878302807739017
1.055,0.09729,1.91322,0.1282925,1.913224117647059,0.12829248564413945
1.06,0.09723,1.92321,0.1285275,1.923205098039216,0.12852733177408157
1.065,0.09725,1.93319,0.12898,1.9331860784313726,0.1289797144609032
1.07,0.0972,1.94317,0.12988999999999998,1.9431670588235295,0.1298897531045761
1.075,0.09718,1.95315,0.1305775,1.9531480392156864,0.13057735953415384
1.08,0.09721,1.96313,0.13135,1.9631290196078433,0.1313499329619095
1.085,0.09728,1.97311,0.13196333333333332,1.9731100000000001,0.13196333333333335
1.09,0.09727,1.98309,0.13282500000000003,1.983090980392157,0.13282508751704358
1.095,0.09733,1.99307,0.13363666666666665,1.993071960784314,0.13363681273783962
1.1,0.09752,2.00305,0.13435666666666668,2.0030529411764704,0.13435688185540573
1.105,0.09768,2.01303,0.13514666666666666,2.0130339215686273,0.13514700691176412
1.11,0.09784,2.02301,0.1360325,2.023014901960784,0.13603290957358455
1.115,0.098,2.033,0.13680333333333333,2.032995882352941,0.13680301718509777
1.12,0.09823,2.04298,0.13757,2.042976862745098,0.13756977641497303
1.125,0.09837,2.05296,0.13822333333333334,2.052957843137255,0.1382231931058133
1.13,0.09857,2.06294,0.13890333333333335,2.0629388235294117,0.1389032515981735
1.135,0.09876,2.07292,0.13962666666666668,2.0729198039215686,0.13962665119048595
1.14,0.09896,2.0829,0.14037666666666668,2.0829007843137255,0.14037671191657025
1.145,0.09911,2.09288,0.1409,2.0928817647058824,0.1409001289307185
1.15,0.0994,2.10286,0.14178666666666667,2.1028627450980393,0.14178686960900916
1.155,0.09959,2.11284,0.14235333333333333,2.112843725490196,0.14235358692708452
1.16,0.09981,2.12282,0.14314333333333332,2.122824705882353,0.14314362336642147
1.165,0.10013,2.13281,0.143575,2.13280568627451,0.14357477368184432
1.17,0.1005,2.14279,0.14423666666666665,2.142786666666667,0.14423647667000916
1.175,0.10077,2.15277,0.14461333333333334,2.1527676470588237,0.14461325877032588
1.18,0.10115,2.16275,0.14492666666666668,2.16274862745098,0.14492663418542467
1.185,0.1015,2.17273,0.14495333333333335,2.172729607843137,0.14495334279864494
1.19,0.10185,2.18271,0.14465,2.182710588235294,0.14464999395582093
1.195,0.10223,2.19269,0.14491,2.192691568627451,0.1449100819226182
1.2,0.1026,2.20267,0.14556,2.2026725490196077,0.14556019100833353
1.205,0.10294,2.21265,0.14623,2.2126535294117646,0.14623015821686722
1.21,0.10343,2.22263,0.1466,2.2226345098039215,0.14660026315229088
1.215,0.10375,2.23262,0.147455,2.2326154901960784,0.14745459509879766
1.22,0.10404,2.2426,0.14825666666666668,2.2425964705882353,0.1482563832818313
1.225,0.1044,2.25258,0.14905666666666667,2.252577450980392,0.14905648693235965
1.23,0.10481,2.26256,0.14972,2.262558431372549,0.1497198783452061
1.235,0.10505,2.27254,0.15059333333333333,2.272539411764706,0.15059328557879578
1.24,0.10548,2.28252,0.151275,2.282520392156863,0.15127502554923478
1.245,0.10586,2.2925,0.15197000000000002,2.2925013725490198,0.15197009888550875
1.25,0.10624,2.30248,0.152645,2.3024823529411766,0.15264513762267748
1.255,0.10656,2.31246,0.153165,2.3124633333333335,0.1531651773485216
1.26,0.10702,2.32244,0.15374666666666667,2.32244431372549,0.15374692489414232
1.265,0.10743,2.33242,0.15425499999999998,2.332425294117647,0.15425518524558454
1.27,0.1079,2.34241,0.15453333333333333,2.3424062745098038,0.15453319724711267
1.275,0.10828,2.35239,0.154945,2.3523872549019607,0.15494492804544016
1.28,0.1087,2.36237,0.15501500000000001,2.3623682352941175,0.1550149939291896
1.285,0.10913,2.37235,0.15511,2.3723492156862744,0.15510999244847715
1.29,0.10957,2.38233,0.15522333333333335,2.3823301960784313,0.15522333738674562
1.295,0.10996,2.39231,0.15546500000000002,2.392311176470588,0.1554650169349193
1.3,0.11042,2.40229,0.15547499999999997,2.402292156862745,0.1554749943725531
1.305,0.11098,2.41227,0.155445,2.412273137254902,0.15544496871529168
1.31,0.11149,2.42225,0.15524666666666667,2.422254117647059,0.15524655896156128
1.315,0.11208,2.43223,0.15504,2.432235098039216,0.15503996359365713
1.32,0.11268,2.44222,0.15503,2.4422160784313727,0.15503004068272846
1.325,0.11327,2.4522,0.15484,2.452197058823529,0.1548400337099639
1.33,0.11372,2.46218,0.15483000000000002,2.462178039215686,0.15483000767782698
1.335,0.11431,2.47216,0.15461000000000003,2.472159019607843,0.154610041182551
1.34,0.11486,2.48214,0.15406,2.48214,0.15406
1.345,0.11543,2.49212,0.153555,2.4921209803921567,0.15355496364558197
1.35,0.11597,2.5021,0.15328,2.5021019607843136,0.1532799477909079
1.3525,0.11607,2.51208,0.152975,2.5120829411764705,0.15297490951809362
1.3539,0.11596,2.52206,0.15273,2.5220639215686274,0.1527299386610811
1.3554,0.11603,2.53204,0.152625,2.5320449019607842,0.15262494183599998
1.3568,0.11628,2.54203,0.152425,2.542025882352941,0.15242511743221948
1.3582,0.11648,2.55201,0.152115,2.552006862745098,0.15211508566346404
1.3596,0.1166,2.56199,0.15184,2.561987843137255,0.15184008221102685
1.361,0.11661,2.57197,0.15136,2.571968823529412,0.151360055495414
1.3625,0.11652,2.58195,0.150995,2.5819498039215687,0.15099500533506113
1.3639,0.11649,2.59193,0.15073999999999999,2.5919307843137256,0.15073997618092821
1.3654,0.11656,2.60191,0.15034,2.601911764705882,0.1503399149189808
1.3668,0.11686,2.61189,0.14976,2.611892745098039,0.149759804055882
1.3682,0.11703,2.62187,0.148795,2.621873725490196,0.1487945129551472
1.3697,0.11688,2.63185,0.14749,2.6318547058823527,0.1474895855017253
1.3711,0.1169,2.64183,0.145225,2.6418356862745096,0.1452216435095541
1.3726,0.11707,2.65182,0.13533166666666668,2.6518166666666665,0.1353356777840366
1.374,0.11715,2.6618,0.12202875,2.6617976470588234,0.12203243581121984
1.3755,0.11731,2.67178,0.10542,2.6717786274509803,0.10542208901182336
1.377,0.11747,2.68176,0.09352428571428571,2.681759607843137,0.0935246442118018
1.3784,0.11776,2.69174,0.08587142857142857,2.691740588235294,0.08587101813399042
1.3799,0.11798,2.70172,0.07876285714285715,2.701721568627451,0.07876170863315983
1.3814,0.11798,2.7117,0.07121999999999999,2.711702549019608,0.07121801733357182
1.3828,0.11801,2.72168,0.06353857142857143,2.7216835294117647,0.06353598435476007
1.3843,0.11803,2.73166,0.05668571428571429,2.7316645098039216,0.056682741871516014
1.3858,0.11821,2.74164,0.05052285714285714,2.7416454901960785,0.050519875773777666
1.3873,0.11855,2.75163,0.04585714285714286,2.7516264705882354,0.045858633359719805
1.3888,0.11867,2.76161,0.04194428571428572,2.7616074509803923,0.04194516516808441
1.3903,0.11845,2.77159,0.03917333333333333,2.7715884313725487,0.03917365783192208
1.3917,0.11849,2.78157,0.03759142857142857,2.7815694117647056,0.03759150860024799
1.3932,0.11853,2.79155,0.036315714285714285,2.7915503921568625,0.03631567195256905
1.3947,0.11857,2.80153,0.03542666666666667,2.8015313725490194,0.035426552911606644
1.3962,0.1188,2.81151,0.03477,2.8115123529411763,0.03476994078471754
1.3978,0.11916,2.82149,0.03470333333333333,2.821493333333333,0.03470322048363055
1.3993,0.11939,2.83147,0.03409714285714286,2.83147431372549,0.034096962847045845
1.4008,0.11945,2.84145,0.034028333333333334,2.841455294117647,0.03402832243826051
1.4023,0.11964,2.85144,0.033895714285714286,2.851436274509804,0.033895753607021586
1.4038,0.11953,2.86142,0.03390666666666667,2.8614172549019607,0.03390664547061259
1.4053,0.1195,2.8714,0.03397,2.8713982352941176,0.033969996483515605
1.4069,0.11971,2.88138,0.033951666666666665,2.8813792156862745,0.03395166836123005
1.4084,0.11976,2.89136,0.033940000000000005,2.8913601960784314,0.033939999535645624
1.4099,0.11988,2.90134,0.034015,2.9013411764705883,0.034015036088531056
1.4115,0.12019,2.91132,0.03439333333333333,2.911322156862745,0.03439336772624489
1.413,0.12033,2.9213,0.03435,2.9213031372549016,0.034350019501272616
1.4145,0.1205,2.93128,0.03464166666666666,2.9312841176470585,0.03464180615072819
1.4161,0.12063,2.94126,0.034956666666666664,2.9412650980392154,0.03495687390570896
1.4176,0.12087,2.95125,0.03533833333333334,2.9512460784313723,0.03533828289826511
1.4192,0.12133,2.96123,0.03539166666666667,2.961227058823529,0.03539155323050182
1.4207,0.12147,2.97121,0.036075,2.971208039215686,0.03607489362359822
1.4223,0.12152,2.98119,0.036258,2.981189019607843,0.036257995227603
1.4239,0.12168,2.99117,0.03662000000000001,2.99117,0.03662000000000001
1.4254,0.12186,,,,
1.427,0.12194,,,,
1.4286,0.12193,,,,
1.4302,0.1223,,,,
1.4317,0.1226,,,,
1.4333,0.12258,,,,
1.4349,0.12271,,,,
1.4365,0.12301,,,,
1.4381,0.1231,,,,
1.4397,0.12318,,,,
1.4413,0.12342,,,,
1.4429,0.12372,,,,
1.4445,0.12392,,,,
1.4461,0.12418,,,,
1.4477,0.12445,,,,
1.4493,0.12458,,,,
1.451,0.12464,,,,
1.4526,0.12465,,,,
1.4542,0.12472,,,,
1.4559,0.12497,,,,
1.4575,0.12519,,,,
1.4591,0.12519,,,,
1.4608,0.12532,,,,
1.4624,0.1254,,,,
1.4641,0.12548,,,,
1.4657,0.1258,,,,
1.4674,0.12613,,,,
1.4691,0.12619,,,,
1.4707,0.12635,,,,
1.4724,0.12648,,,,
1.4741,0.12652,,,,
1.4758,0.12659,,,,
1.4774,0.1268,,,,
1.4791,0.12696,,,,
1.4808,0.12702,,,,
1.4825,0.12727,,,,
1.4842,0.12769,,,,
1.4859,0.12782,,,,
1.4876,0.12776,,,,
1.4893,0.12788,,,,
1.491,0.12804,,,,
1.4928,0.12819,,,,
1.4945,0.12837,,,,
1.4962,0.12838,,,,
1.4979,0.12843,,,,
1.4997,0.1288,,,,
1.5014,0.12902,,,,
1.5032,0.12906,,,,
1.5049,0.12922,,,,
1.5066,0.12947,,,,
1.5084,0.1295,,,,
1.5102,0.12948,,,,
1.5119,0.12963,,,,
1.5137,0.12971,,,,
1.5155,0.12977,,,,
1.5172,0.12998,,,,
1.519,0.13023,,,,
1.5208,0.13028,,,,
1.5226,0.13024,,,,
1.5244,0.13036,,,,
1.5262,0.1306,,,,
1.528,0.13071,,,,
1.5298,0.13078,,,,
1.5316,0.13092,,,,
1.5334,0.13111,,,,
1.5352,0.13115,,,,
1.537,0.13105,,,,
1.5389,0.13114,,,,
1.5407,0.13137,,,,
1.5425,0.13157,,,,
1.5444,0.13155,,,,
1.5462,0.13149,,,,
1.548,0.13151,,,,
1.5499,0.13146,,,,
1.5518,0.13143,,,,
1.5536,0.13168,,,,
1.5555,0.13192,,,,
1.5574,0.13192,,,,
1.5592,0.13193,,,,
1.5611,0.13198,,,,
1.563,0.13197,,,,
1.5649,0.13193,,,,
1.5668,0.13201,,,,
1.5687,0.13211,,,,
1.5706,0.1323,,,,
1.5725,0.13245,,,,
1.5744,0.1325,,,,
1.5763,0.13249,,,,
1.5782,0.13254,,,,
1.5801,0.13279,,,,
1.5821,0.13293,,,,
1.584,0.1329,,,,
1.5859,0.13285,,,,
1.5879,0.13286,,,,
1.5898,0.13275,,,,
1.5918,0.13263,,,,
1.5937,0.13277,,,,
1.5957,0.13296,,,,
1.5977,0.133,,,,
1.5997,0.13304,,,,
1.6016,0.133,,,,
1.6036,0.13282,,,,
1.6056,0.13286,,,,
1.6076,0.13307,,,,
1.6096,0.13295,,,,
1.6116,0.13297,,,,
1.6136,0.13322,,,,
1.6156,0.13318,,,,
1.6176,0.13317,,,,
1.6196,0.13321,,,,
1.6217,0.13328,,,,
1.6237,0.13339,,,,
1.6257,0.13334,,,,
1.6278,0.13304,,,,
1.6298,0.13283,,,,
1.6319,0.13298,,,,
1.6339,0.13314,,,,
1.636,0.1333,,,,
1.6381,0.13342,,,,
1.6401,0.13329,,,,
1.6422,0.13326,,,,
1.6443,0.13337,,,,
1.6464,0.13323,,,,
1.6485,0.13318,,,,
1.6506,0.13325,,,,
1.6527,0.13313,,,,
1.6548,0.13314,,,,
1.6569,0.13312,,,,
1.659,0.13313,,,,
1.6612,0.13326,,,,
1.6633,0.13327,,,,
1.6654,0.1332,,,,
1.6676,0.13311,,,,
1.6697,0.1332,,,,
1.6719,0.13312,,,,
1.6741,0.13312,,,,
1.6762,0.13327,,,,
1.6784,0.13316,,,,
1.6806,0.13298,,,,
1.6827,0.13308,,,,
1.6849,0.13321,,,,
1.6871,0.13321,,,,
1.6893,0.13298,,,,
1.6915,0.133,,,,
1.6937,0.13324,,,,
1.696,0.13318,,,,
1.6982,0.13305,,,,
1.7004,0.13308,,,,
1.7027,0.13307,,,,
1.7049,0.13299,,,,
1.7071,0.133,,,,
1.7094,0.13304,,,,
1.7116,0.13301,,,,
1.7139,0.13285,,,,
1.7162,0.13268,,,,
1.7185,0.13272,,,,
1.7207,0.13277,,,,
1.723,0.1327,,,,
1.7253,0.13274,,,,
1.7276,0.13272,,,,
1.7299,0.13268,,,,
1.7322,0.13263,,,,
1.7346,0.13257,,,,
1.7369,0.13248,,,,
1.7392,0.1326,,,,
1.7416,0.13259,,,,
1.7439,0.13245,,,,
1.7462,0.13234,,,,
1.7486,0.13229,,,,
1.751,0.13239,,,,
1.7533,0.13239,,,,
1.7557,0.13232,,,,
1.7581,0.1324,,,,
1.7605,0.1324,,,,
1.7629,0.13236,,,,
1.7653,0.13231,,,,
1.7677,0.13228,,,,
1.7701,0.13231,,,,
1.7725,0.13224,,,,
1.775,0.1323,,,,
1.7774,0.13236,,,,
1.7798,0.13228,,,,
1.7823,0.13219,,,,
1.7847,0.13216,,,,
1.7872,0.13208,,,,
1.7897,0.13217,,,,
1.7921,0.13221,,,,
1.7946,0.13221,,,,
1.7971,0.1323,,,,
1.7996,0.13219,,,,
1.8021,0.13211,,,,
1.8046,0.13219,,,,
1.8071,0.13229,,,,
1.8097,0.13216,,,,
1.8122,0.13201,,,,
1.8147,0.13213,,,,
1.8173,0.13217,,,,
1.8198,0.13222,,,,
1.8224,0.1323,,,,
1.825,0.13222,,,,
1.8275,0.13205,,,,
1.8301,0.13203,,,,
1.8327,0.13206,,,,
1.8353,0.13229,,,,
1.8379,0.13229,,,,
1.8405,0.13207,,,,
1.8431,0.13209,,,,
1.8458,0.13221,,,,
1.8484,0.13223,,,,
1.851,0.13216,,,,
1.8537,0.13224,,,,
1.8563,0.13231,,,,
1.859,0.13235,,,,
1.8617,0.13247,,,,
1.8643,0.13236,,,,
1.867,0.13218,,,,
1.8697,0.13207,,,,
1.8724,0.13185,,,,
1.8751,0.13175,,,,
1.8779,0.13176,,,,
1.8806,0.13134,,,,
1.8833,0.13085,,,,
1.8861,0.1306,,,,
1.8888,0.13038,,,,
1.8916,0.1302,,,,
1.8943,0.12985,,,,
1.8971,0.12948,,,,
1.8999,0.1291,,,,
1.9027,0.12875,,,,
1.9055,0.1285,,,,
1.9083,0.12842,,,,
1.9111,0.12831,,,,
1.9139,0.12823,,,,
1.9167,0.12821,,,,
1.9196,0.1283,,,,
1.9224,0.1284,,,,
1.9253,0.12858,,,,
1.9282,0.12883,,,,
1.931,0.12881,,,,
1.9339,0.12891,,,,
1.9368,0.12922,,,,
1.9397,0.12954,,,,
1.9426,0.12996,,,,
1.9455,0.13017,,,,
1.9484,0.13023,,,,
1.9514,0.13048,,,,
1.9543,0.13068,,,,
1.9573,0.13092,,,,
1.9602,0.13122,,,,
1.9632,0.13135,,,,
1.9662,0.13148,,,,
1.9692,0.13174,,,,
1.9722,0.13197,,,,
1.9752,0.13218,,,,
1.9782,0.13236,,,,
1.9812,0.13266,,,,
1.9843,0.13306,,,,
1.9873,0.13322,,,,
1.9903,0.13336,,,,
1.9934,0.13363,,,,
1.9965,0.13392,,,,
1.9996,0.13418,,,,
2.0027,0.13436,,,,
2.0058,0.13453,,,,
2.0089,0.13482,,,,
2.012,0.13517,,,,
2.0151,0.13545,,,,
2.0183,0.13578,,,,
2.0214,0.13601,,,,
2.0246,0.13608,,,,
2.0277,0.13626,,,,
2.0309,0.13655,,,,
2.0341,0.13677,,,,
2.0373,0.13709,,,,
2.0405,0.13743,,,,
2.0437,0.13753,,,,
2.0469,0.13775,,,,
2.0502,0.13804,,,,
2.0534,0.13821,,,,
2.0567,0.13842,,,,
2.06,0.13866,,,,
2.0632,0.13888,,,,
2.0665,0.13917,,,,
2.0698,0.13938,,,,
2.0731,0.1396,,,,
2.0765,0.1399,,,,
2.0798,0.14023,,,,
2.0831,0.14041,,,,
2.0865,0.14049,,,,
2.0899,0.14069,,,,
2.0932,0.14085,,,,
2.0966,0.14116,,,,
2.1,0.14152,,,,
2.1034,0.14179,,,,
2.1069,0.14205,,,,
2.1103,0.14217,,,,
2.1137,0.14235,,,,
2.1172,0.14254,,,,
2.1207,0.14279,,,,
2.1241,0.14318,,,,
2.1276,0.14346,,,,
2.1311,0.1435,,,,
2.1346,0.14365,,,,
2.1381,0.14405,,,,
2.1417,0.1443,,,,
2.1452,0.14436,,,,
2.1488,0.14443,,,,
2.1524,0.14463,,,,
2.1559,0.14478,,,,
2.1595,0.14485,,,,
2.1631,0.145,,,,
2.1668,0.14493,,,,
2.1704,0.14498,,,,
2.174,0.145,,,,
2.1777,0.14488,,,,
2.1813,0.14464,,,,
2.185,0.14466,,,,
2.1887,0.1448,,,,
2.1924,0.14484,,,,
2.1961,0.14509,,,,
2.1999,0.14531,,,,
2.2036,0.14549,,,,
2.2074,0.14588,,,,
2.2111,0.14621,,,,
2.2149,0.14625,,,,
2.2187,0.14642,,,,
2.2225,0.14661,,,,
2.2263,0.14677,,,,
2.2302,0.14721,,,,
2.234,0.1477,,,,
2.2379,0.14802,,,,
2.2417,0.14824,,,,
2.2456,0.14851,,,,
2.2495,0.14878,,,,
2.2534,0.14908,,,,
2.2573,0.14931,,,,
2.2613,0.14958,,,,
2.2652,0.14986,,,,
2.2692,0.1502,,,,
2.2732,0.15065,,,,
2.2772,0.15093,,,,
2.2812,0.1511,,,,
2.2852,0.15145,,,,
2.2893,0.15187,,,,
2.2933,0.15198,,,,
2.2974,0.15206,,,,
2.3015,0.15243,,,,
2.3055,0.15286,,,,
2.3097,0.15305,,,,
2.3138,0.15328,,,,
2.3179,0.15355,,,,
2.3221,0.15373,,,,
2.3262,0.15396,,,,
2.3304,0.15416,,,,
2.3346,0.15435,,,,
2.3388,0.15452,,,,
2.3431,0.1545,,,,
2.3473,0.15458,,,,
2.3516,0.15486,,,,
2.3558,0.15503,,,,
2.3601,0.15501,,,,
2.3644,0.15502,,,,
2.3688,0.15509,,,,
2.3731,0.15513,,,,
2.3775,0.15511,,,,
2.3818,0.15523,,,,
2.3862,0.15533,,,,
2.3906,0.1554,,,,
2.395,0.15553,,,,
2.3995,0.15549,,,,
2.4039,0.15546,,,,
2.4084,0.15546,,,,
2.4129,0.15543,,,,
2.4174,0.15538,,,,
2.4219,0.15527,,,,
2.4264,0.15509,,,,
2.431,0.15507,,,,
2.4356,0.15501,,,,
2.4401,0.15502,,,,
2.4447,0.15504,,,,
2.4494,0.15493,,,,
2.454,0.15475,,,,
2.4587,0.15482,,,,
2.4633,0.15484,,,,
2.468,0.15465,,,,
2.4727,0.15457,,,,
2.4775,0.15437,,,,
2.4822,0.15411,,,,
2.487,0.1537,,,,
2.4918,0.15358,,,,
2.4966,0.15353,,,,
2.5014,0.15333,,,,
2.5062,0.15323,,,,
2.5111,0.15313,,,,
2.516,0.15282,,,,
2.5209,0.15267,,,,
2.5258,0.15279,,,,
2.5307,0.1527,,,,
2.5357,0.15255,,,,
2.5406,0.15245,,,,
2.5456,0.1524,,,,
2.5506,0.15223,,,,
2.5557,0.152,,,,
2.5607,0.15195,,,,
2.5658,0.15173,,,,
2.5709,0.1515,,,,
2.576,0.15122,,,,
2.5811,0.15097,,,,
2.5863,0.15102,,,,
2.5914,0.15088,,,,
2.5966,0.1506,,,,
2.6018,0.15034,,,,
2.6071,0.15001,,,,
2.6123,0.14951,,,,
2.6176,0.14903,,,,
2.6229,0.14856,,,,
2.6282,0.14792,,,,
2.6336,0.14706,,,,
2.6389,0.14602,,,,
2.6443,0.14443,,,,
2.6497,0.14173,,,,
2.6552,0.13676,,,,
2.6517,0.13553,,,,
2.6531,0.13449,,,,
2.6544,0.1329,,,,
2.6558,0.13058,,,,
2.6572,0.1288,,,,
2.6585,0.1269,,,,
2.6599,0.12418,,,,
2.6613,0.12226,,,,
2.6626,0.12094,,,,
2.664,0.11915,,,,
2.6654,0.11757,,,,
2.6667,0.11643,,,,
2.6681,0.11498,,,,
2.6695,0.11266,,,,
2.6709,0.10937,,,,
2.6722,0.10532,,,,
2.6736,0.1014,,,,
2.675,0.09822,,,,
2.6764,0.09599,,,,
2.6778,0.09516,,,,
2.6791,0.09493,,,,
2.6805,0.09484,,,,
2.6819,0.09405,,,,
2.6833,0.0928,,,,
2.6847,0.09202,,,,
2.6861,0.09087,,,,
2.6875,0.08974,,,,
2.6889,0.08895,,,,
2.6903,0.08752,,,,
2.6917,0.08562,,,,
2.6931,0.08404,,,,
2.6945,0.08286,,,,
2.6959,0.08237,,,,
2.6973,0.08177,,,,
2.6987,0.08131,,,,
2.7001,0.08016,,,,
2.7015,0.07868,,,,
2.7029,0.07749,,,,
2.7043,0.07651,,,,
2.7057,0.07542,,,,
2.7071,0.07403,,,,
2.7085,0.07327,,,,
2.71,0.07241,,,,
2.7114,0.07139,,,,
2.7128,0.07028,,,,
2.7142,0.0691,,,,
2.7156,0.06806,,,,
2.7171,0.06671,,,,
2.7185,0.06537,,,,
2.7199,0.06428,,,,
2.7213,0.06306,,,,
2.7228,0.06259,,,,
2.7242,0.06194,,,,
2.7256,0.06082,,,,
2.7271,0.05985,,,,
2.7285,0.05892,,,,
2.7299,0.05794,,,,
2.7314,0.05629,,,,
2.7328,0.05526,,,,
2.7342,0.05468,,,,
2.7357,0.05386,,,,
2.7371,0.05291,,,,
2.7386,0.05181,,,,
2.74,0.05093,,,,
2.7415,0.05031,,,,
2.7429,0.04968,,,,
2.7444,0.04914,,,,
2.7458,0.04888,,,,
2.7473,0.04868,,,,
2.7487,0.04759,,,,
2.7502,0.04648,,,,
2.7517,0.04571,,,,
2.7531,0.04466,,,,
2.7546,0.04396,,,,
2.7561,0.04392,,,,
2.7575,0.0436,,,,
2.759,0.04303,,,,
2.7605,0.04236,,,,
2.7619,0.04158,,,,
2.7634,0.04131,,,,
2.7649,0.04119,,,,
2.7663,0.04054,,,,
2.7678,0.03992,,,,
2.7693,0.03958,,,,
2.7708,0.03941,,,,
2.7723,0.03888,,,,
2.7737,0.03858,,,,
2.7752,0.03867,,,,
2.7767,0.03847,,,,
2.7782,0.03807,,,,
2.7797,0.03785,,,,
2.7812,0.03756,,,,
2.7827,0.03729,,,,
2.7842,0.03709,,,,
2.7857,0.03681,,,,
2.7872,0.0365,,,,
2.7887,0.03701,,,,
2.7902,0.03654,,,,
2.7917,0.03568,,,,
2.7932,0.03585,,,,
2.7947,0.03627,,,,
2.7962,0.03636,,,,
2.7977,0.03611,,,,
2.7992,0.0357,,,,
2.8007,0.03539,,,,
2.8022,0.03496,,,,
2.8038,0.03503,,,,
2.8053,0.03537,,,,
2.8068,0.03522,,,,
2.8083,0.03493,,,,
2.8098,0.03471,,,,
2.8114,0.03446,,,,
2.8129,0.03465,,,,
2.8144,0.03464,,,,
2.8159,0.03478,,,,
2.8175,0.03513,,,,
2.819,0.03492,,,,
2.8205,0.03479,,,,
2.8221,0.03456,,,,
2.8236,0.03452,,,,
2.8251,0.0343,,,,
2.8267,0.03365,,,,
2.8282,0.03366,,,,
2.8298,0.03381,,,,
2.8313,0.03415,,,,
2.8329,0.03474,,,,
2.8344,0.03463,,,,
2.836,0.03404,,,,
2.8375,0.0335,,,,
2.8391,0.03367,,,,
2.8406,0.03426,,,,
2.8422,0.03441,,,,
2.8437,0.03439,,,,
2.8453,0.03394,,,,
2.8469,0.03358,,,,
2.8484,0.03367,,,,
2.85,0.03411,,,,
2.8516,0.034,,,,
2.8531,0.03378,,,,
2.8547,0.03411,,,,
2.8563,0.03402,,,,
2.8578,0.03379,,,,
2.8594,0.03389,,,,
2.861,0.03391,,,,
2.8626,0.03395,,,,
2.8642,0.03386,,,,
2.8657,0.03404,,,,
2.8673,0.03408,,,,
2.8689,0.03389,,,,
2.8705,0.03388,,,,
2.8721,0.03392,,,,
2.8737,0.03392,,,,
2.8753,0.03413,,,,
2.8769,0.03394,,,,
2.8785,0.03366,,,,
2.8801,0.03383,,,,
2.8817,0.03395,,,,
2.8833,0.03408,,,,
2.8849,0.03425,,,,
2.8865,0.03425,,,,
2.8881,0.03419,,,,
2.8897,0.03395,,,,
2.8913,0.03372,,,,
2.8929,0.03387,,,,
2.8945,0.03378,,,,
2.8962,0.03382,,,,
2.8978,0.03375,,,,
2.8994,0.03392,,,,
2.901,0.03398,,,,
2.9027,0.03402,,,,
2.9043,0.03412,,,,
2.9059,0.0343,,,,
2.9075,0.03467,,,,
2.9092,0.03464,,,,
2.9108,0.03433,,,,
2.9124,0.03401,,,,
2.9141,0.03423,,,,
2.9157,0.03448,,,,
2.9174,0.03436,,,,
2.919,0.03434,,,,
2.9206,0.0342,,,,
2.9223,0.03441,,,,
2.9239,0.03444,,,,
2.9256,0.03435,,,,
2.9272,0.03439,,,,
2.9289,0.03462,,,,
2.9305,0.03462,,,,
2.9322,0.03459,,,,
2.9339,0.03478,,,,
2.9355,0.03485,,,,
2.9372,0.03487,,,,
2.9389,0.03486,,,,
2.9405,0.03492,,,,
2.9422,0.035,,,,
2.9439,0.03488,,,,
2.9455,0.03521,,,,
2.9472,0.03551,,,,
2.9489,0.03532,,,,
2.9506,0.03518,,,,
2.9522,0.03535,,,,
2.9539,0.03542,,,,
2.9556,0.03525,,,,
2.9573,0.03519,,,,
2.959,0.03514,,,,
2.9607,0.03507,,,,
2.9624,0.0352,,,,
2.9641,0.03561,,,,
2.9658,0.03614,,,,
2.9674,0.03631,,,,
2.9691,0.03614,,,,
2.9709,0.03594,,,,
2.9726,0.03616,,,,
2.9743,0.03603,,,,
2.976,0.03587,,,,
2.9777,0.03607,,,,
2.9794,0.03616,,,,
2.9811,0.03647,,,,
2.9828,0.03648,,,,
2.9845,0.03611,,,,
2.9863,0.03619,,,,
2.988,0.03653,,,,
2.9897,0.03667,,,,
2.9914,0.03666,,,,
2.9931,0.03675,,,,
2.9949,0.03692,,,,
2.9966,0.03691,,,,
2.9983,0.03689,,,,
3.0001,0.03707,,,,
3.0018,0.03722,,,,
3.0036,0.03746,,,,
3.0053,0.03731,,,,
3.007,0.03726,,,,
3.0088,0.03732,,,,
3.0105,0.0372,,,,
3.0123,0.0375,,,,
3.014,0.03787,,,,
3.0158,0.03788,,,,
3.0175,0.03774,,,,
3.0193,0.03772,,,,
3.0211,0.03814,,,,
3.0228,0.03859,,,,
3.0246,0.03874,,,,
3.0263,0.03877,,,,
3.0281,0.03863,,,,
3.0299,0.03841,,,,
3.0317,0.03851,,,,
3.0334,0.03871,,,,
3.0352,0.03888,,,,
3.037,0.03894,,,,
3.0388,0.039,,,,
3.0405,0.03931,,,,
3.0423,0.03901,,,,
3.0441,0.03875,,,,
3.0459,0.03888,,,,
3.0477,0.03912,,,,
3.0495,0.03943,,,,
3.0513,0.03956,,,,
3.0531,0.03972,,,,
3.0549,0.0398,,,,
3.0567,0.03978,,,,
3.0585,0.03957,,,,
3.0603,0.03976,,,,
3.0621,0.0401,,,,
3.0639,0.04004,,,,
3.0657,0.04003,,,,
3.0675,0.03977,,,,
3.0694,0.03974,,,,
3.0712,0.04002,,,,
3.073,0.04038,,,,
3.0748,0.04074,,,,
3.0766,0.0407,,,,
3.0785,0.04061,,,,
3.0803,0.04038,,,,
3.0821,0.04063,,,,
3.084,0.04073,,,,
3.0858,0.04102,,,,
3.0876,0.04114,,,,
3.0895,0.0411,,,,
3.0913,0.04125,,,,
3.0932,0.04144,,,,
3.095,0.04134,,,,
3.0969,0.04096,,,,
3.0987,0.04092,,,,
3.1006,0.04118,,,,
3.1024,0.04143,,,,
3.1043,0.04148,,,,
3.1061,0.04144,,,,
3.108,0.04171,,,,
3.1099,0.04185,,,,
3.1117,0.04161,,,,
3.1136,0.04159,,,,
3.1155,0.04177,,,,
3.1173,0.04213,,,,
3.1192,0.04229,,,,
3.1211,0.04264,,,,
3.123,0.04306,,,,
3.1249,0.04312,,,,
3.1267,0.04273,,,,
3.1286,0.04263,,,,
3.1305,0.04279,,,,
3.1324,0.0429,,,,
3.1343,0.04327,,,,
3.1362,0.04361,,,,
3.1381,0.04382,,,,
3.14,0.04383,,,,
3.1419,0.04362,,,,
3.1438,0.04379,,,,
3.1457,0.04382,,,,
3.1476,0.04375,,,,
3.1495,0.04407,,,,
3.1514,0.04446,,,,
3.1534,0.0447,,,,
3.1553,0.04483,,,,
3.1572,0.04498,,,,
3.1591,0.0452,,,,
3.1611,0.04551,,,,
3.163,0.04548,,,,
3.1649,0.0453,,,,
3.1669,0.04542,,,,
3.1688,0.0456,,,,
3.1707,0.04569,,,,
3.1727,0.04564,,,,
3.1746,0.04568,,,,
3.1766,0.04611,,,,
3.1785,0.04648,,,,
3.1805,0.04657,,,,
3.1824,0.04681,,,,
3.1844,0.04679,,,,
3.1863,0.04687,,,,
3.1883,0.04732,,,,
3.1902,0.04763,,,,
3.1922,0.04753,,,,
3.1942,0.04754,,,,
3.1961,0.04765,,,,
3.1981,0.04782,,,,
3.2001,0.04786,,,,
3.2021,0.04805,,,,
3.204,0.04858,,,,
3.206,0.04886,,,,
3.208,0.04886,,,,
3.21,0.04885,,,,
3.212,0.04922,,,,
3.214,0.04957,,,,
3.216,0.04949,,,,
3.218,0.04942,,,,
3.22,0.04985,,,,
3.222,0.05011,,,,
3.224,0.04997,,,,
3.226,0.04997,,,,
3.228,0.05054,,,,
3.23,0.05105,,,,
3.232,0.0509,,,,
3.234,0.05072,,,,
3.236,0.05107,,,,
3.2381,0.0515,,,,
3.2401,0.05155,,,,
3.2421,0.0515,,,,
3.2441,0.05183,,,,
3.2462,0.0521,,,,
3.2482,0.05216,,,,
3.2502,0.0524,,,,
3.2523,0.05237,,,,
3.2543,0.05247,,,,
3.2564,0.05291,,,,
3.2584,0.05317,,,,
3.2605,0.05322,,,,
3.2625,0.05329,,,,
3.2646,0.0535,,,,
3.2666,0.05378,,,,
3.2687,0.05399,,,,
3.2707,0.05447,,,,
3.2728,0.05484,,,,
3.2749,0.05484,,,,
3.277,0.05495,,,,
3.279,0.05501,,,,
3.2811,0.05494,,,,
3.2832,0.05508,,,,
3.2853,0.05543,,,,
3.2873,0.05577,,,,
3.2894,0.05579,,,,
3.2915,0.05571,,,,
3.2936,0.05604,,,,
3.2957,0.05641,,,,
3.2978,0.0565,,,,
3.2999,0.0566,,,,
3.302,0.05696,,,,
3.3041,0.05737,,,,
3.3062,0.05763,,,,
3.3083,0.05768,,,,
3.3104,0.05777,,,,
3.3125,0.05817,,,,
3.3147,0.0585,,,,
3.3168,0.05851,,,,
3.3189,0.05875,,,,
3.321,0.05891,,,,
3.3232,0.05917,,,,
3.3253,0.05952,,,,
3.3274,0.05953,,,,
3.3296,0.05967,,,,
3.3317,0.0601,,,,
3.3338,0.0602,,,,
3.336,0.0602,,,,
3.3381,0.06045,,,,
3.3403,0.06075,,,,
3.3424,0.06098,,,,
3.3446,0.06101,,,,
3.3468,0.06105,,,,
3.3489,0.06136,,,,
3.3511,0.06177,,,,
3.3533,0.062,,,,
3.3554,0.06233,,,,
3.3576,0.06236,,,,
3.3598,0.06233,,,,
3.362,0.06261,,,,
3.3641,0.06279,,,,
3.3663,0.06294,,,,
3.3685,0.06321,,,,
3.3707,0.0637,,,,
3.3729,0.06408,,,,
3.3751,0.06416,,,,
3.3773,0.06418,,,,
3.3795,0.06453,,,,
3.3817,0.06494,,,,
3.3839,0.06512,,,,
3.3861,0.06525,,,,
3.3883,0.06557,,,,
3.3905,0.06574,,,,
3.3928,0.06592,,,,
3.395,0.06635,,,,
3.3972,0.06666,,,,
3.3994,0.06667,,,,
3.4017,0.067,,,,
3.4039,0.06738,,,,
3.4061,0.06745,,,,
3.4084,0.06755,,,,
3.4106,0.068,,,,
3.4129,0.0683,,,,
3.4151,0.06845,,,,
3.4174,0.0685,,,,
3.4196,0.0687,,,,
3.4219,0.06899,,,,
3.4241,0.06945,,,,
3.4264,0.06985,,,,
3.4287,0.07018,,,,
3.4309,0.0702,,,,
3.4332,0.07051,,,,
3.4355,0.07077,,,,
3.4378,0.07075,,,,
3.44,0.0711,,,,
3.4423,0.0714,,,,
3.4446,0.07168,,,,
3.4469,0.07191,,,,
3.4492,0.0722,,,,
3.4515,0.07247,,,,
3.4538,0.07273,,,,
3.4561,0.07304,,,,
3.4584,0.07304,,,,
3.4607,0.07301,,,,
3.463,0.07345,,,,
3.4653,0.07384,,,,
3.4676,0.07412,,,,
3.47,0.07448,,,,
3.4723,0.07478,,,,
3.4746,0.07481,,,,
3.477,0.07489,,,,
3.4793,0.07491,,,,
3.4816,0.07533,,,,
3.484,0.07578,,,,
3.4863,0.07601,,,,
3.4887,0.07622,,,,
3.491,0.07659,,,,
3.4934,0.07709,,,,
3.4957,0.07747,,,,
3.4981,0.07779,,,,
3.5004,0.07805,,,,
3.5028,0.0783,,,,
3.5052,0.07873,,,,
3.5075,0.07903,,,,
3.5099,0.07926,,,,
3.5123,0.07958,,,,
3.5147,0.07976,,,,
3.5171,0.07985,,,,
3.5194,0.08014,,,,
3.5218,0.08057,,,,
3.5242,0.08075,,,,
3.5266,0.08096,,,,
3.529,0.08131,,,,
3.5314,0.0814,,,,
3.5338,0.08175,,,,
3.5362,0.08231,,,,
3.5387,0.0825,,,,
3.5411,0.0826,,,,
3.5435,0.0828,,,,
3.5459,0.0831,,,,
3.5483,0.08355,,,,
3.5508,0.08391,,,,
3.5532,0.08425,,,,
3.5556,0.08462,,,,
3.5581,0.08461,,,,
3.5605,0.08473,,,,
3.563,0.08515,,,,
3.5654,0.08558,,,,
3.5679,0.08599,,,,
3.5703,0.08641,,,,
3.5728,0.08661,,,,
3.5753,0.08679,,,,
3.5777,0.08714,,,,
3.5802,0.08745,,,,
3.5827,0.08777,,,,
3.5852,0.08807,,,,
3.5876,0.08826,,,,
3.5901,0.08847,,,,
3.5926,0.08875,,,,
3.5951,0.08909,,,,
3.5976,0.0894,,,,
3.6001,0.0898,,,,
3.6026,0.09013,,,,
3.6051,0.09018,,,,
3.6076,0.09047,,,,
3.6101,0.09085,,,,
3.6126,0.09101,,,,
3.6152,0.09113,,,,
3.6177,0.09154,,,,
3.6202,0.09191,,,,
3.6227,0.0922,,,,
3.6253,0.09246,,,,
3.6278,0.09281,,,,
3.6303,0.09317,,,,
3.6329,0.09341,,,,
3.6354,0.09359,,,,
3.638,0.09381,,,,
3.6405,0.09401,,,,
3.6431,0.09427,,,,
3.6457,0.09468,,,,
3.6482,0.09512,,,,
3.6508,0.0953,,,,
3.6534,0.09557,,,,
3.6559,0.09611,,,,
3.6585,0.09637,,,,
3.6611,0.09654,,,,
3.6637,0.09674,,,,
3.6663,0.09711,,,,
3.6689,0.09747,,,,
3.6715,0.09778,,,,
3.6741,0.09813,,,,
3.6767,0.09861,,,,
3.6793,0.09887,,,,
3.6819,0.099,,,,
3.6845,0.09928,,,,
3.6872,0.09961,,,,
3.6898,0.09984,,,,
3.6924,0.10017,,,,
3.695,0.10072,,,,
3.6977,0.10082,,,,
3.7003,0.10094,,,,
3.703,0.10137,,,,
3.7056,0.10169,,,,
3.7083,0.10193,,,,
3.7109,0.10234,,,,
3.7136,0.10268,,,,
3.7162,0.10302,,,,
3.7189,0.10308,,,,
3.7216,0.10309,,,,
3.7242,0.10336,,,,
3.7269,0.10369,,,,
3.7296,0.10415,,,,
3.7323,0.10466,,,,
3.735,0.10516,,,,
3.7377,0.10516,,,,
3.7404,0.10538,,,,
3.7431,0.10578,,,,
3.7458,0.10601,,,,
3.7485,0.10616,,,,
3.7512,0.10644,,,,
3.7539,0.10666,,,,
3.7566,0.10691,,,,
3.7593,0.1072,,,,
3.7621,0.10747,,,,
3.7648,0.10768,,,,
3.7675,0.10801,,,,
3.7703,0.10811,,,,
3.773,0.10825,,,,
3.7758,0.10879,,,,
3.7785,0.10919,,,,
3.7813,0.10932,,,,
3.784,0.10934,,,,
3.7868,0.10974,,,,
3.7896,0.11004,,,,
3.7923,0.11008,,,,
3.7951,0.11019,,,,
3.7979,0.11038,,,,
3.8007,0.11063,,,,
3.8035,0.11106,,,,
3.8063,0.11155,,,,
3.8091,0.11174,,,,
3.8119,0.11188,,,,
3.8147,0.11211,,,,
3.8175,0.11225,,,,
3.8203,0.11228,,,,
3.8231,0.11265,,,,
3.8259,0.11301,,,,
3.8288,0.11304,,,,
3.8316,0.11319,,,,
3.8344,0.11342,,,,
3.8373,0.11357,,,,
3.8401,0.11367,,,,
3.8429,0.11391,,,,
3.8458,0.11413,,,,
3.8487,0.11414,,,,
3.8515,0.11423,,,,
3.8544,0.11454,,,,
3.8572,0.11486,,,,
3.8601,0.11497,,,,
3.863,0.11505,,,,
3.8659,0.11521,,,,
3.8688,0.11546,,,,
3.8716,0.11577,,,,
3.8745,0.11593,,,,
3.8774,0.1159,,,,
3.8803,0.11591,,,,
3.8832,0.11613,,,,
3.8862,0.11625,,,,
3.8891,0.11642,,,,
3.892,0.11668,,,,
3.8949,0.11671,,,,
3.8978,0.1167,,,,
3.9008,0.11683,,,,
3.9037,0.11693,,,,
3.9067,0.11706,,,,
3.9096,0.11739,,,,
3.9126,0.11761,,,,
3.9155,0.11763,,,,
3.9185,0.11759,,,,
3.9214,0.11765,,,,
3.9244,0.11762,,,,
3.9274,0.11766,,,,
3.9304,0.118,,,,
3.9333,0.11808,,,,
3.9363,0.11799,,,,
3.9393,0.11813,,,,
3.9423,0.1181,,,,
3.9453,0.11792,,,,
3.9483,0.11798,,,,
3.9513,0.11814,,,,
3.9543,0.11837,,,,
3.9574,0.11859,,,,
3.9604,0.11866,,,,
3.9634,0.11862,,,,
3.9664,0.1185,,,,
3.9695,0.11856,,,,
3.9725,0.11861,,,,
3.9756,0.11853,,,,
3.9786,0.11864,,,,
3.9817,0.11874,,,,
3.9847,0.11889,,,,
3.9878,0.11893,,,,
3.9909,0.11904,,,,
3.9939,0.119,,,,
3.997,0.1189,,,,
4.0001,0.11886,,,,
