Wavelength (µm) raw,Mauna Iki HI basaltic glass JB388B 150-250 µm raw,Wavelength (µm) bin avg,Mauna Iki HI basaltic glass JB388B 150-250 µm bin avg,Wavelength (µm) cubic spline of bin avg,Mauna Iki HI basaltic glass JB388B 150-250 µm cubic spline of bin avg
0.31,0.034761,0.44602,0.0395595,0.44602,0.0395595
0.315,0.03498,0.456,0.040165,0.45600098039215686,0.0401650698910665
0.32,0.035227,0.46598,0.0408875,0.46598196078431375,0.04088763479288257
0.325,0.035601,0.47596,0.0415035,0.47596294117647064,0.04150366494428702
0.33,0.035956,0.48595,0.042065500000000006,0.4859439215686275,0.04206513005085343
0.335,0.03625,0.49593,0.042748499999999995,0.4959249019607843,0.04274812003626282
0.34,0.036473,0.50591,0.043552,0.5059058823529412,0.04355163831760192
0.345,0.036678,0.51589,0.044488,0.5158868627450981,0.044487695689451726
0.35,0.036801,0.52587,0.04546,0.525867843137255,0.0454597892534615
0.355,0.036869,0.53585,0.0463895,0.5358488235294118,0.04638940146295993
0.36,0.036892,0.54583,0.047185,0.5458298039215687,0.04718498317496081
0.365,0.036941,0.55581,0.0481855,0.5558107843137255,0.04818558854409741
0.37,0.037011,0.56579,0.049321500000000004,0.5657917647058823,0.04932168503227531
0.375,0.037099,0.57577,0.050144499999999995,0.5757727450980392,0.05014465525437275
0.38,0.037182,0.58576,0.050577,0.5857537254901961,0.05057671026160393
0.385,0.037281,0.59574,0.0512185,0.595734705882353,0.05121806903279276
0.39,0.037414,0.60572,0.0522375,0.6057156862745099,0.05223695089540149
0.395,0.037591,0.6157,0.053655,0.6156966666666667,0.053654527382227306
0.4,0.037766,0.62568,0.054734500000000005,0.6256776470588236,0.054734367784605185
0.405,0.037943,0.63566,0.054792,0.6356586274509805,0.054792033895160644
0.41,0.038123,0.64564,0.0545485,0.6456396078431372,0.05454850521634342
0.415,0.038217,0.65562,0.054574,0.6556205882352941,0.05457400727583037
0.42,0.038309,0.6656,0.054608500000000004,0.665601568627451,0.0546084715399884
0.425,0.038473,0.67558,0.054276500000000005,0.6755825490196079,0.054276425466288206
0.43,0.038647,0.68556,0.05423,0.6855635294117648,0.05423007536803713
0.435,0.038809,0.69555,0.054653,0.6955445098039216,0.054652687690812156
0.44,0.039059,0.70553,0.055158,0.7055254901960785,0.05515786491949964
0.445,0.039414,0.71551,0.055152,0.7155064705882352,0.05515209398445466
0.45,0.039705,0.72549,0.0547905,0.7254874509803921,0.05479058632310782
0.455,0.03997,0.73547,0.0545365,0.735468431372549,0.05453653597913958
0.46,0.04036,0.74545,0.054286,0.7454494117647059,0.05428601531930873
0.465,0.040755,0.75543,0.0539925,0.7554303921568628,0.053992485718037
0.47,0.04102,0.76541,0.053558999999999996,0.7654113725490197,0.05355893573741561
0.475,0.041337,0.77539,0.0530835,0.7753923529411766,0.053083383414262816
0.48,0.04167,0.78537,0.052572999999999995,0.7853733333333334,0.052572828734861764
0.485,0.041922,0.79536,0.052083000000000004,0.7953543137254901,0.05208325895263335
0.49,0.042209,0.80534,0.0516565,0.805335294117647,0.05165669679707905
0.495,0.04257,0.81532,0.051238,0.8153162745098039,0.05123815346036064
0.5,0.042927,0.8253,0.050829,0.8252972549019608,0.05082911573710151
0.505,0.043323,0.83528,0.050397,0.8352782352941177,0.05039707582272539
0.51,0.043781,0.84526,0.049972,0.8452592156862746,0.049972034187739496
0.515,0.04425,0.85524,0.04953,0.8552401960784315,0.04952999151037874
0.52,0.044726,0.86522,0.049056,0.8652211764705883,0.04905593108849642
0.525,0.045202,0.8752,0.048509,0.875202156862745,0.04850893676971231
0.53,0.045718,0.88518,0.048345,0.8851831372549019,0.04834488119822152
0.535,0.046189,0.89517,0.04762715789473684,0.8951641176470588,0.04762765253185995
0.54,0.04659,0.90515,0.04690833333333334,0.9051450980392157,0.046908615025635585
0.545,0.046976,0.91513,0.04660442857142857,0.9151260784313726,0.04660440324601975
0.55,0.047394,0.92511,0.04672166666666666,0.9251070588235295,0.04672173883720534
0.555,0.047885,0.93509,0.04614164285714284,0.9350880392156864,0.046141735714828054
0.56,0.048486,0.94507,0.04617275862068966,0.9450690196078432,0.04617271063946459
0.565,0.049063,0.95505,0.0466171724137931,0.95505,0.0466171724137931
0.57,0.04958,0.96503,0.046091888888888884,0.9650309803921568,0.04609183859809082
0.575,0.050003,0.97501,0.04587214285714286,0.9750119607843137,0.04587211684766535
0.58,0.050286,0.98499,0.045636423076923074,0.9849929411764706,0.0456363272998679
0.585,0.050456,0.99497,0.04522257692307693,0.9949739215686275,0.045222373964503876
0.59,0.050698,1.00496,0.044957230769230756,1.0049549019607844,0.04495705011277477
0.595,0.05103,1.01494,0.04555724000000001,1.0149358823529413,0.04555719622046739
0.6,0.051407,1.02492,0.04505652,1.0249168627450982,0.045056670542766346
0.605,0.051925,1.0349,0.044990999999999996,1.0348978431372549,0.0449909761281296
0.61,0.05255,1.04488,0.044937125,1.0448788235294117,0.04493716286711281
0.615,0.053308,1.05486,0.044664130434782616,1.0548598039215686,0.04466412662301464
0.62,0.054002,1.06484,0.04499143478260868,1.0648407843137255,0.044991411832933814
0.625,0.054627,1.07482,0.04418627272727272,1.0748217647058824,0.04418619143627304
0.63,0.054842,1.0848,0.04436345454545454,1.0848027450980393,0.044363522650376463
0.635,0.054936,1.09478,0.0443100909090909,1.0947837254901962,0.04431003136145484
0.64,0.054648,1.10477,0.04425552380952381,1.104764705882353,0.04425548843732783
0.645,0.054567,1.11475,0.044350095238095244,1.1147456862745098,0.04435008964691293
0.65,0.05453,1.12473,0.0442633,1.1247266666666667,0.044263331684681655
0.655,0.054573,1.13471,0.0442009,1.1347076470588235,0.04420091911538818
0.66,0.054575,1.14469,0.04405935,1.1446886274509804,0.04405937649249461
0.665,0.054687,1.15467,0.0438901052631579,1.1546696078431373,0.04389010843617317
0.67,0.05453,1.16465,0.04387763157894737,1.1646505882352942,0.04387762983730359
0.675,0.054316,1.17463,0.04384626315789474,1.174631568627451,0.043846273754745244
0.68,0.054237,1.18461,0.04394605263157895,1.184612549019608,0.04394604373680931
0.685,0.054175,1.19459,0.04381088888888889,1.1945935294117647,0.04381087671904625
0.69,0.054285,1.20458,0.043947294117647064,1.2045745098039216,0.043947197358883
0.695,0.054509,1.21456,0.043983277777777774,1.2145554901960784,0.04398334648875646
0.7,0.054797,1.22454,0.04383876470588236,1.2245364705882353,0.04383872684956627
0.705,0.055086,1.23452,0.0440975294117647,1.2345174509803922,0.04409751251062928
0.71,0.05523,1.2445,0.043851352941176466,1.2444984313725491,0.04385140537798411
0.715,0.055213,1.25448,0.043684625000000005,1.254479411764706,0.043684623254349055
0.72,0.055091,1.26446,0.04380105882352941,1.264460392156863,0.0438010613456136
0.725,0.054903,1.27444,0.043813374999999995,1.2744413725490196,0.043813388736910125
0.73,0.054678,1.28442,0.04399559999999999,1.2844223529411765,0.043995628286086996
0.735,0.054584,1.2944,0.04395693750000001,1.2944033333333334,0.04395688763963427
0.74,0.054489,1.30438,0.043864333333333325,1.3043843137254902,0.04386436935924038
0.745,0.054361,1.31437,0.04410380000000001,1.3143652941176471,0.04410367928270931
0.75,0.054211,1.32435,0.04418960000000001,1.324346274509804,0.044189649266333675
0.755,0.054083,1.33433,0.04404742857142858,1.334327254901961,0.0440474002133186
0.76,0.053902,1.34431,0.04435019999999999,1.3443082352941178,0.0443501644575546
0.765,0.053675,1.35429,0.04438771428571429,1.3542892156862745,0.044387705337287996
0.77,0.053443,1.36427,0.044563846153846155,1.3642701960784314,0.044563845848141305
0.775,0.053217,1.37425,0.04443178571428571,1.3742511764705883,0.04443179521482607
0.78,0.05295,1.38423,0.04477064285714286,1.3842321568627451,0.04477071066595714
0.785,0.052688,1.39421,0.04489023076923077,1.394213137254902,0.04489024319246952
0.79,0.052458,1.40419,0.044956692307692316,1.404194117647059,0.04495672791120979
0.795,0.052203,1.41418,0.04510284615384615,1.4141750980392158,0.04510272205274417
0.8,0.051963,1.42416,0.04538476923076922,1.4241560784313727,0.04538469582782133
0.805,0.05176,1.43414,0.045398333333333325,1.4341370588235294,0.04539836666992099
0.81,0.051553,1.44412,0.045394538461538465,1.4441180392156863,0.04539448049063879
0.815,0.051327,1.4541,0.045908583333333336,1.4540990196078432,0.04590853782095738
0.82,0.051149,1.46408,0.046114666666666665,1.46408,0.046114666666666665
0.825,0.050942,1.47406,0.046082583333333337,1.474060980392157,0.04608258432490617
0.83,0.050716,1.48404,0.04617308333333333,1.4840419607843138,0.04617310745196506
0.835,0.050498,1.49402,0.0462919090909091,1.4940229411764707,0.046291946475514
0.84,0.050296,1.504,0.04645641666666667,1.5040039215686276,0.04645650306548221
0.845,0.050073,1.51399,0.04670654545454545,1.5139849019607845,0.046706424452629854
0.85,0.049871,1.52397,0.04687236363636363,1.5239658823529412,0.046872330694673045
0.855,0.049647,1.53395,0.04693454545454545,1.533946862745098,0.04693450524605721
0.86,0.049413,1.54393,0.047102454545454545,1.543927843137255,0.047102433216441725
0.865,0.049194,1.55391,0.04705318181818183,1.5539088235294118,0.047053201462959215
0.87,0.048918,1.56389,0.04694759999999999,1.5638898039215687,0.04694759796840402
0.875,0.04874,1.57387,0.04717072727272728,1.5738707843137256,0.04717073557330008
0.88,0.048278,1.58385,0.047070900000000006,1.5838517647058825,0.047070872399717495
0.88316,0.047927,1.59383,0.047005,1.5938327450980394,0.047005005945117216
0.88346,0.047207,1.60381,0.047067700000000004,1.6038137254901963,0.04706772244464011
0.88557,0.047795,1.6138,0.0471286,1.613794705882353,0.04712854246963304
0.88587,0.048356,1.62378,0.0472116,1.6237756862745099,0.04721162698082337
0.88709,0.048918,1.63376,0.0470371,1.6337566666666667,0.04703714439610929
0.888,0.048382,1.64374,0.04699266666666666,1.6437376470588236,0.04699268147447864
0.8883,0.048254,1.65372,0.046913,1.6537186274509805,0.04691299836660218
0.88861,0.047974,1.6637,0.04695099999999999,1.6636996078431374,0.046951004313221856
0.88891,0.0485,1.67368,0.04675022222222222,1.6736805882352943,0.046750218621114864
0.88922,0.048896,1.68366,0.046790700000000005,1.683661568627451,0.046790680083174656
0.88952,0.048961,1.69364,0.04650633333333333,1.6936425490196079,0.04650629148206383
0.88983,0.04865,1.70362,0.046567250000000004,1.7036235294117648,0.04656728964068787
0.89013,0.048665,1.7136,0.04654877777777777,1.7136045098039216,0.046548706692018216
0.89044,0.04844,1.72359,0.04637966666666667,1.7235854901960785,0.046379687169784634
0.89074,0.047935,1.73357,0.04644211111111111,1.7335664705882354,0.04644210435585823
0.89105,0.047905,1.74355,0.0463605,1.7435474509803923,0.046360522577974
0.89136,0.048325,1.75353,0.04631766666666667,1.7535284313725492,0.04631767277414685
0.89166,0.04804,1.76351,0.046243875,1.763509411764706,0.04624388125041978
0.89197,0.047182,1.77349,0.046181875,1.7734903921568628,0.04618187718795255
0.89228,0.046297,1.78347,0.046307875000000005,1.7834713725490197,0.0463078853598587
0.89474,0.046666,1.79345,0.046265999999999995,1.7934523529411766,0.04626597531365469
0.89505,0.047158,1.80343,0.046184125000000006,1.8034333333333334,0.04618411573062047
0.89536,0.048329,1.81341,0.046197875,1.8134143137254903,0.04619787994234045
0.8966,0.048984,1.8234,0.04621675000000001,1.8233952941176472,0.046216712383781694
0.89691,0.048935,1.83338,0.046279875,1.8333762745098041,0.04627990658316745
0.89722,0.048552,1.84336,0.046101142857142854,1.8433572549019608,0.04610116703053223
0.89753,0.048106,1.85334,0.0461765,1.8533382352941177,0.04617647775032854
0.89784,0.047761,1.86332,0.04626271428571428,1.8633192156862746,0.04626270884354897
0.89815,0.047003,1.8733,0.04629571428571428,1.8733001960784315,0.04629571339815639
0.89846,0.04638,1.88328,0.046212500000000004,1.8832811764705883,0.04621249538052258
0.89971,0.046451,1.89326,0.046279,1.8932621568627452,0.04627903281787607
0.90002,0.046467,1.90324,0.04646271428571428,1.9032431372549021,0.046462771650620446
0.90034,0.046613,1.91322,0.04663114285714286,1.913224117647059,0.046631214903305435
0.90065,0.047139,1.92321,0.04672614285714286,1.923205098039216,0.04672618746214766
0.90096,0.046971,1.93319,0.046540000000000005,1.9331860784313726,0.04654003336464204
0.90128,0.046553,1.94317,0.04661385714285714,1.9431670588235295,0.04661382964543182
0.90159,0.046185,1.95315,0.04669057142857143,1.9531480392156864,0.04669053932637308
0.90474,0.046282,1.96313,0.04693266666666666,1.9631290196078433,0.04693264609126263
0.90505,0.046796,1.97311,0.04706257142857143,1.9731100000000001,0.04706257142857143
0.90537,0.046686,1.98309,0.04723814285714286,1.983090980392157,0.04723816718911404
0.90568,0.046608,1.99307,0.04754533333333333,1.993071960784314,0.04754540067073354
0.906,0.046966,2.00305,0.04778485714285714,2.0030529411764704,0.04778486346042041
0.90632,0.046502,2.01303,0.047730666666666664,2.0130339215686273,0.04773071668881796
0.90886,0.046507,2.02301,0.04805716666666667,2.023014901960784,0.04805730750732946
0.90918,0.047224,2.033,0.04820914285714285,2.032995882352941,0.04820907661552119
0.9095,0.04796,2.04298,0.04843483333333334,2.042976862745098,0.048434769393959715
0.90982,0.048633,2.05296,0.048635000000000005,2.052957843137255,0.04863493441801499
0.91078,0.048342,2.06294,0.049036500000000004,2.0629388235294117,0.04903645430230622
0.9111,0.047659,2.07292,0.049299499999999996,2.0729198039215686,0.0492994972602385
0.91142,0.046867,2.0829,0.0493565,2.0829007843137255,0.04935650114560085
0.91238,0.046438,2.09288,0.04951,2.0928817647058824,0.04951007670971656
0.9127,0.046421,2.10286,0.050084,2.1028627450980393,0.050084119053781365
0.91302,0.046119,2.11284,0.05034266666666667,2.112843725490196,0.05034279082363888
0.91431,0.046066,2.12282,0.0508344,2.122824705882353,0.05083463023454026
0.91463,0.046527,2.13281,0.0511945,2.13280568627451,0.051194383841245986
0.91496,0.046316,2.14279,0.05143683333333334,2.142786666666667,0.051436752189104144
0.91528,0.04606,2.15277,0.0517258,2.1527676470588237,0.05172571669342833
0.9156,0.046332,2.16275,0.05212616666666667,2.16274862745098,0.05212611006057632
0.91592,0.046332,2.17273,0.05252520000000001,2.172729607843137,0.05252518434182718
0.91625,0.046847,2.18271,0.052936000000000004,2.182710588235294,0.05293602498951273
0.91983,0.046136,2.19269,0.053366000000000004,2.192691568627451,0.053366067276224
0.92146,0.046138,2.20267,0.0537274,2.2026725490196077,0.053727460804565634
0.92179,0.046381,2.21265,0.05397166666666666,2.2126535294117646,0.05397182109244587
0.92212,0.046206,2.22263,0.0545112,2.2226345098039215,0.05451136582543192
0.92244,0.04673,2.23262,0.0547274,2.2326154901960784,0.05472723659789742
0.92277,0.04753,2.2426,0.0553328,2.2425964705882353,0.055332570031119875
0.9231,0.048135,2.25258,0.0558972,2.252577450980392,0.055897060365352656
0.92508,0.047791,2.26256,0.056395799999999996,2.262558431372549,0.05639574468016289
0.92541,0.048391,2.27254,0.0567034,2.272539411764706,0.056703372640350004
0.92574,0.046813,2.28252,0.057327399999999994,2.282520392156863,0.05732742302845189
0.92607,0.044278,2.2925,0.0577614,2.2925013725490198,0.0577614502748837
0.9264,0.04613,2.30248,0.05811120000000001,2.3024823529411766,0.05811127146204763
0.93006,0.046137,2.31246,0.05844520000000001,2.3124633333333335,0.058445358126497184
0.93307,0.04607,2.32244,0.0590844,2.32244431372549,0.05908471254383921
0.93341,0.046069,2.33242,0.05976480000000001,2.332425294117647,0.05976511459570379
0.9361,0.046208,2.34241,0.06030375,2.3424062745098038,0.06030354059172845
0.93644,0.047387,2.35239,0.06085619999999999,2.3523872549019607,0.060856080186665
0.93678,0.047712,2.36237,0.06121019999999999,2.3623682352941175,0.061210126407038955
0.93712,0.047043,2.37235,0.061744249999999994,2.3723492156862744,0.06174420569884547
0.93746,0.046345,2.38233,0.062262200000000004,2.3823301960784313,0.06226220952785347
0.9378,0.046067,2.39231,0.06271675,2.392311176470588,0.06271679880257541
0.93814,0.045687,2.40229,0.0631578,2.402292156862745,0.06315791797854939
0.93847,0.0452,2.41227,0.06377150000000001,2.412273137254902,0.06377167816618028
0.93881,0.045312,2.42225,0.0642416,2.422254117647059,0.06424178082860396
0.93915,0.045569,2.43223,0.06469125,2.432235098039216,0.06469147443685613
0.9395,0.045626,2.44222,0.065091,2.4422160784313727,0.06509086196670871
0.93984,0.045688,2.4522,0.06547100000000002,2.452197058823529,0.06547085455558442
0.94018,0.045824,2.46218,0.06600874999999999,2.462178039215686,0.0660086659650262
0.94052,0.045671,2.47216,0.06637525,2.472159019607843,0.06637520005122907
0.94086,0.045171,2.48214,0.06698799999999999,2.48214,0.06698799999999999
0.9412,0.044808,2.49212,0.0673205,2.4921209803921567,0.06732054153848566
0.94154,0.044603,2.5021,0.0678812,2.5021019607843136,0.06788130063058051
0.94188,0.044853,2.51208,0.0683,2.5120829411764705,0.06830013756920655
0.94223,0.04524,2.52206,0.0688005,2.5220639215686274,0.06880064875994005
0.94257,0.045636,2.53204,0.06905924999999999,2.5320449019607842,0.0690593955603004
0.94291,0.045692,2.54203,0.0695105,2.542025882352941,0.06951026700321321
0.94326,0.045612,2.55201,0.0700665,2.552006862745098,0.07006635373799432
0.9436,0.045458,2.56199,0.07039475,2.561987843137255,0.0703947009146021
0.94394,0.045577,2.57197,0.07064849999999999,2.571968823529412,0.07064845611012087
0.94429,0.04586,2.58195,0.07109725,2.5819498039215687,0.07109724231748524
0.94463,0.046396,2.59193,0.07137866666666666,2.5919307843137256,0.07137868663430291
0.94498,0.046859,2.60191,0.07167775,2.601911764705882,0.07167780909255585
0.94532,0.046973,2.61189,0.0719915,2.611892745098039,0.07199156812156786
0.94566,0.046995,2.62187,0.07223874999999999,2.621873725490196,0.07223888368950473
0.94601,0.046927,2.63185,0.07269566666666667,2.6318547058823527,0.07269587062191815
0.94636,0.046499,2.64183,0.07296775,2.6418356862745096,0.0729678060724397
0.9467,0.04644,2.65182,0.07300775000000001,2.6518166666666665,0.07300771340469409
0.94705,0.04667,2.6618,0.0733255,2.6617976470588234,0.07332537357648668
0.94739,0.046611,2.67178,0.073856,2.6717786274509803,0.07385596010726758
0.94774,0.046785,2.68176,0.0739575,2.681759607843137,0.07395749215277803
0.94809,0.047151,2.69174,0.074221,2.691740588235294,0.07422100035890544
0.94843,0.04724,2.70172,0.07405642857142856,2.701721568627451,0.07405643999425035
0.94878,0.047268,2.7117,0.07419128571428571,2.711702549019608,0.07419118716535703
0.94913,0.047088,2.72168,0.07330757142857143,2.7216835294117647,0.07330729676645141
0.94948,0.046626,2.73166,0.072663,2.7316645098039216,0.07266250647806698
0.94982,0.046477,2.74164,0.07098571428571429,2.7416454901960785,0.07098471208358498
0.95017,0.04658,2.75163,0.06946914285714285,2.7516264705882354,0.06946956650826158
0.95052,0.046448,2.76161,0.0682892857142857,2.7616074509803923,0.06828966142261107
0.95087,0.046429,2.77159,0.06700316666666666,2.7715884313725487,0.06700321630689
0.95122,0.046668,2.78157,0.06751628571428572,2.7815694117647056,0.06751626128963195
0.95157,0.046735,2.79155,0.06709842857142857,2.7915503921568625,0.0670983870767927
0.95192,0.046361,2.80153,0.06601800000000001,2.8015313725490194,0.06601790577064219
0.95227,0.046297,2.81151,0.06586757142857143,2.8115123529411763,0.06586759605922517
0.95262,0.046534,2.82149,0.066257,2.821493333333333,0.06625732887845966
0.95297,0.046608,2.83147,0.06724499999999999,2.83147431372549,0.0672450387248359
0.95332,0.04672,2.84145,0.06648033333333332,2.841455294117647,0.06647997511125585
0.95367,0.046943,2.85144,0.06650571428571428,2.851436274509804,0.06650556720952629
0.95402,0.046779,2.86142,0.06671116666666667,2.8614172549019607,0.06671122375758197
0.95437,0.046342,2.8714,0.06630566666666667,2.8713982352941176,0.06630569554857332
0.95472,0.046262,2.88138,0.06653883333333334,2.8813792156862745,0.06653880632936517
0.95507,0.046227,2.89136,0.06680071428571428,2.8913601960784314,0.06680071966840717
0.95542,0.046162,2.90134,0.06697516666666667,2.9013411764705883,0.06697515128021826
0.95578,0.046145,2.91132,0.06688733333333334,2.911322156862745,0.06688744311969146
0.95613,0.046037,2.9213,0.06758016666666666,2.9213031372549016,0.067580139614127
0.95648,0.045687,2.93128,0.06658616666666667,2.9312841176470585,0.06658572565336189
0.95684,0.04553,2.94126,0.06646183333333333,2.9412650980392154,0.06646234824323174
0.95719,0.04574,2.95125,0.06787333333333333,2.9512460784313723,0.06787298109325107
0.95754,0.046195,2.96123,0.06799633333333334,2.961227058823529,0.06799633129085636
0.9579,0.046849,2.97121,0.0680635,2.971208039215686,0.06806356945982567
0.95825,0.047378,2.98119,0.0673774,2.981189019607843,0.067377444119022
0.9586,0.047769,2.99117,0.06830433333333334,2.99117,0.06830433333333334
0.95896,0.047976,,,,
0.95931,0.047682,,,,
0.95967,0.047409,,,,
0.96003,0.047406,,,,
0.96038,0.047195,,,,
0.96074,0.046694,,,,
0.96109,0.046603,,,,
0.96145,0.046727,,,,
0.96181,0.04684,,,,
0.96216,0.046921,,,,
0.96252,0.046955,,,,
0.96288,0.046928,,,,
0.96324,0.046644,,,,
0.96359,0.046349,,,,
0.96395,0.046058,,,,
0.96431,0.045858,,,,
0.96467,0.045695,,,,
0.96503,0.045606,,,,
0.96539,0.045529,,,,
0.96575,0.045534,,,,
0.96611,0.045684,,,,
0.96647,0.045963,,,,
0.96683,0.046087,,,,
0.96719,0.045992,,,,
0.96755,0.045925,,,,
0.96791,0.045952,,,,
0.96827,0.04586,,,,
0.96864,0.045666,,,,
0.969,0.045243,,,,
0.96936,0.044993,,,,
0.96972,0.04498,,,,
0.97009,0.045002,,,,
0.97045,0.04499,,,,
0.97081,0.045459,,,,
0.97118,0.046064,,,,
0.97154,0.046122,,,,
0.9719,0.046038,,,,
0.97227,0.046319,,,,
0.97263,0.046472,,,,
0.973,0.046332,,,,
0.97336,0.046115,,,,
0.97373,0.045839,,,,
0.9741,0.045395,,,,
0.97446,0.045001,,,,
0.97483,0.044579,,,,
0.97519,0.044498,,,,
0.97556,0.045023,,,,
0.97593,0.045531,,,,
0.9763,0.045743,,,,
0.97666,0.046042,,,,
0.97703,0.046561,,,,
0.9774,0.046505,,,,
0.97777,0.046313,,,,
0.97814,0.046358,,,,
0.97851,0.046526,,,,
0.97888,0.046294,,,,
0.97925,0.046228,,,,
0.97962,0.046521,,,,
0.97999,0.04655,,,,
0.98036,0.046095,,,,
0.98073,0.045783,,,,
0.9811,0.045582,,,,
0.98147,0.045394,,,,
0.98184,0.045374,,,,
0.98222,0.045641,,,,
0.98259,0.046153,,,,
0.98296,0.046614,,,,
0.98333,0.04664,,,,
0.98371,0.046444,,,,
0.98408,0.046188,,,,
0.98445,0.045737,,,,
0.98483,0.045125,,,,
0.9852,0.044735,,,,
0.98558,0.044822,,,,
0.98595,0.045198,,,,
0.98633,0.04563,,,,
0.9867,0.045939,,,,
0.98708,0.045875,,,,
0.98745,0.045682,,,,
0.98783,0.045426,,,,
0.98821,0.045186,,,,
0.98858,0.045233,,,,
0.98896,0.045444,,,,
0.98934,0.045374,,,,
0.98972,0.045233,,,,
0.99009,0.045098,,,,
0.99047,0.044911,,,,
0.99085,0.044958,,,,
0.99123,0.045067,,,,
0.99161,0.045055,,,,
0.99199,0.044993,,,,
0.99237,0.045025,,,,
0.99275,0.045329,,,,
0.99313,0.045682,,,,
0.99351,0.045707,,,,
0.99389,0.045743,,,,
0.99427,0.04567,,,,
0.99465,0.045219,,,,
0.99504,0.044894,,,,
0.99542,0.044815,,,,
0.9958,0.044639,,,,
0.99618,0.044648,,,,
0.99657,0.044733,,,,
0.99695,0.044896,,,,
0.99733,0.045238,,,,
0.99772,0.045613,,,,
0.9981,0.045757,,,,
0.99849,0.045907,,,,
0.99887,0.045824,,,,
0.99926,0.04539,,,,
0.99964,0.044976,,,,
1.0,0.044731,,,,
1.0004,0.044631,,,,
1.0008,0.044529,,,,
1.0012,0.044655,,,,
1.0016,0.044795,,,,
1.002,0.0448,,,,
1.0023,0.044816,,,,
1.0027,0.044915,,,,
1.0031,0.044953,,,,
1.0035,0.044938,,,,
1.0039,0.044919,,,,
1.0043,0.044732,,,,
1.0047,0.044523,,,,
1.0051,0.044504,,,,
1.0055,0.044689,,,,
1.0058,0.045038,,,,
1.0062,0.045457,,,,
1.0066,0.045912,,,,
1.007,0.045975,,,,
1.0074,0.045798,,,,
1.0078,0.045542,,,,
1.0082,0.045179,,,,
1.0086,0.044753,,,,
1.009,0.044675,,,,
1.0094,0.044719,,,,
1.0098,0.04471,,,,
1.0102,0.044803,,,,
1.0106,0.045092,,,,
1.0109,0.04542,,,,
1.0113,0.04547,,,,
1.0117,0.045445,,,,
1.0121,0.045401,,,,
1.0125,0.045375,,,,
1.0129,0.045455,,,,
1.0133,0.045649,,,,
1.0137,0.045814,,,,
1.0141,0.045809,,,,
1.0145,0.045559,,,,
1.0149,0.045382,,,,
1.0153,0.045449,,,,
1.0157,0.04542,,,,
1.0161,0.045506,,,,
1.0165,0.045829,,,,
1.0169,0.045954,,,,
1.0173,0.045876,,,,
1.0177,0.045971,,,,
1.0181,0.046066,,,,
1.0185,0.045869,,,,
1.0189,0.045617,,,,
1.0193,0.045453,,,,
1.0197,0.045247,,,,
1.0201,0.045193,,,,
1.0205,0.045279,,,,
1.0209,0.045359,,,,
1.0213,0.045552,,,,
1.0217,0.045921,,,,
1.0221,0.046232,,,,
1.0225,0.046361,,,,
1.0229,0.046227,,,,
1.0233,0.045923,,,,
1.0237,0.04553,,,,
1.0241,0.044965,,,,
1.0245,0.044494,,,,
1.0249,0.044333,,,,
1.0253,0.044294,,,,
1.0257,0.044397,,,,
1.0262,0.044634,,,,
1.0266,0.044791,,,,
1.027,0.044933,,,,
1.0274,0.045012,,,,
1.0278,0.044794,,,,
1.0282,0.044409,,,,
1.0286,0.044222,,,,
1.029,0.044211,,,,
1.0294,0.044447,,,,
1.0298,0.0449,,,,
1.0302,0.045282,,,,
1.0306,0.045486,,,,
1.0311,0.045635,,,,
1.0315,0.04553,,,,
1.0319,0.045215,,,,
1.0323,0.044967,,,,
1.0327,0.044857,,,,
1.0331,0.044554,,,,
1.0335,0.044398,,,,
1.0339,0.044467,,,,
1.0343,0.04469,,,,
1.0348,0.044939,,,,
1.0352,0.045245,,,,
1.0356,0.045311,,,,
1.036,0.0452,,,,
1.0364,0.045068,,,,
1.0368,0.044898,,,,
1.0372,0.044758,,,,
1.0377,0.044861,,,,
1.0381,0.044982,,,,
1.0385,0.044907,,,,
1.0389,0.044827,,,,
1.0393,0.044858,,,,
1.0397,0.044849,,,,
1.0402,0.044836,,,,
1.0406,0.045021,,,,
1.041,0.045282,,,,
1.0414,0.045261,,,,
1.0418,0.044916,,,,
1.0422,0.044767,,,,
1.0427,0.044816,,,,
1.0431,0.044805,,,,
1.0435,0.04477,,,,
1.0439,0.044912,,,,
1.0443,0.045038,,,,
1.0448,0.044964,,,,
1.0452,0.044908,,,,
1.0456,0.045019,,,,
1.046,0.045182,,,,
1.0465,0.045277,,,,
1.0469,0.04515,,,,
1.0473,0.045003,,,,
1.0477,0.04495,,,,
1.0481,0.044773,,,,
1.0486,0.044568,,,,
1.049,0.044741,,,,
1.0494,0.044825,,,,
1.0498,0.044707,,,,
1.0503,0.044659,,,,
1.0507,0.044589,,,,
1.0511,0.044321,,,,
1.0515,0.044266,,,,
1.052,0.044514,,,,
1.0524,0.044848,,,,
1.0528,0.044997,,,,
1.0533,0.045048,,,,
1.0537,0.045106,,,,
1.0541,0.045017,,,,
1.0545,0.04492,,,,
1.055,0.045012,,,,
1.0554,0.045226,,,,
1.0558,0.045131,,,,
1.0563,0.044911,,,,
1.0567,0.044721,,,,
1.0571,0.04456,,,,
1.0576,0.044258,,,,
1.058,0.044073,,,,
1.0584,0.044061,,,,
1.0589,0.044087,,,,
1.0593,0.044226,,,,
1.0597,0.044724,,,,
1.0602,0.045151,,,,
1.0606,0.045346,,,,
1.061,0.045368,,,,
1.0615,0.045221,,,,
1.0619,0.044844,,,,
1.0623,0.044637,,,,
1.0628,0.044642,,,,
1.0632,0.044665,,,,
1.0636,0.044843,,,,
1.0641,0.045057,,,,
1.0645,0.045113,,,,
1.0649,0.045162,,,,
1.0654,0.045296,,,,
1.0658,0.045167,,,,
1.0663,0.044962,,,,
1.0667,0.044935,,,,
1.0671,0.044855,,,,
1.0676,0.044774,,,,
1.068,0.044763,,,,
1.0685,0.044844,,,,
1.0689,0.044998,,,,
1.0693,0.04511,,,,
1.0698,0.04505,,,,
1.0702,0.044918,,,,
1.0707,0.044711,,,,
1.0711,0.044324,,,,
1.0715,0.044095,,,,
1.072,0.044176,,,,
1.0724,0.044287,,,,
1.0729,0.0442,,,,
1.0733,0.044137,,,,
1.0738,0.044019,,,,
1.0742,0.043818,,,,
1.0747,0.043646,,,,
1.0751,0.043734,,,,
1.0755,0.044026,,,,
1.076,0.044304,,,,
1.0764,0.044376,,,,
1.0769,0.04438,,,,
1.0773,0.044345,,,,
1.0778,0.044198,,,,
1.0782,0.044048,,,,
1.0787,0.044067,,,,
1.0791,0.044134,,,,
1.0796,0.044155,,,,
1.08,0.04429,,,,
1.0805,0.044502,,,,
1.0809,0.044588,,,,
1.0814,0.044602,,,,
1.0818,0.044761,,,,
1.0823,0.044717,,,,
1.0827,0.044359,,,,
1.0832,0.044124,,,,
1.0836,0.044147,,,,
1.0841,0.044081,,,,
1.0845,0.043997,,,,
1.085,0.044107,,,,
1.0855,0.044225,,,,
1.0859,0.044265,,,,
1.0864,0.044247,,,,
1.0868,0.044334,,,,
1.0873,0.044399,,,,
1.0877,0.044348,,,,
1.0882,0.044412,,,,
1.0886,0.044608,,,,
1.0891,0.044495,,,,
1.0896,0.044388,,,,
1.09,0.044471,,,,
1.0905,0.044374,,,,
1.0909,0.044123,,,,
1.0914,0.044177,,,,
1.0919,0.044308,,,,
1.0923,0.044265,,,,
1.0928,0.044335,,,,
1.0932,0.0445,,,,
1.0937,0.044475,,,,
1.0942,0.044308,,,,
1.0946,0.044298,,,,
1.0951,0.044342,,,,
1.0955,0.044398,,,,
1.096,0.044526,,,,
1.0965,0.04466,,,,
1.0969,0.044693,,,,
1.0974,0.04457,,,,
1.0979,0.044283,,,,
1.0983,0.043947,,,,
1.0988,0.043902,,,,
1.0993,0.043947,,,,
1.0997,0.04392,,,,
1.1002,0.044176,,,,
1.1007,0.044548,,,,
1.1011,0.044515,,,,
1.1016,0.044482,,,,
1.1021,0.044572,,,,
1.1025,0.044411,,,,
1.103,0.044316,,,,
1.1035,0.044492,,,,
1.1039,0.044528,,,,
1.1044,0.04445,,,,
1.1049,0.044508,,,,
1.1054,0.044557,,,,
1.1058,0.044377,,,,
1.1063,0.044152,,,,
1.1068,0.044047,,,,
1.1072,0.044018,,,,
1.1077,0.043859,,,,
1.1082,0.04377,,,,
1.1087,0.043816,,,,
1.1091,0.043852,,,,
1.1096,0.04392,,,,
1.1101,0.044173,,,,
1.1106,0.044441,,,,
1.111,0.044518,,,,
1.1115,0.044536,,,,
1.112,0.044454,,,,
1.1125,0.044351,,,,
1.113,0.044382,,,,
1.1134,0.04455,,,,
1.1139,0.044596,,,,
1.1144,0.044595,,,,
1.1149,0.044532,,,,
1.1153,0.044368,,,,
1.1158,0.044239,,,,
1.1163,0.044237,,,,
1.1168,0.044213,,,,
1.1173,0.04422,,,,
1.1178,0.044188,,,,
1.1182,0.044133,,,,
1.1187,0.044197,,,,
1.1192,0.044233,,,,
1.1197,0.044196,,,,
1.1202,0.044265,,,,
1.1207,0.044253,,,,
1.1211,0.044153,,,,
1.1216,0.044163,,,,
1.1221,0.04421,,,,
1.1226,0.044153,,,,
1.1231,0.044108,,,,
1.1236,0.044074,,,,
1.1241,0.043983,,,,
1.1245,0.043909,,,,
1.125,0.044018,,,,
1.1255,0.044307,,,,
1.126,0.044561,,,,
1.1265,0.044711,,,,
1.127,0.044824,,,,
1.1275,0.044821,,,,
1.128,0.044533,,,,
1.1285,0.044205,,,,
1.1289,0.044059,,,,
1.1294,0.043956,,,,
1.1299,0.043867,,,,
1.1304,0.043953,,,,
1.1309,0.044116,,,,
1.1314,0.04428,,,,
1.1319,0.044364,,,,
1.1324,0.044284,,,,
1.1329,0.04409,,,,
1.1334,0.043953,,,,
1.1339,0.043991,,,,
1.1344,0.044111,,,,
1.1349,0.044306,,,,
1.1354,0.044505,,,,
1.1359,0.044634,,,,
1.1364,0.044536,,,,
1.1369,0.044336,,,,
1.1374,0.044137,,,,
1.1379,0.044086,,,,
1.1384,0.044113,,,,
1.1389,0.044143,,,,
1.1394,0.044213,,,,
1.1399,0.04442,,,,
1.1404,0.044583,,,,
1.1409,0.044565,,,,
1.1414,0.04445,,,,
1.1419,0.044302,,,,
1.1424,0.044099,,,,
1.1429,0.043929,,,,
1.1434,0.043885,,,,
1.1439,0.043874,,,,
1.1444,0.043836,,,,
1.1449,0.043773,,,,
1.1454,0.043751,,,,
1.1459,0.043749,,,,
1.1464,0.043712,,,,
1.1469,0.043778,,,,
1.1474,0.043958,,,,
1.1479,0.044024,,,,
1.1485,0.044036,,,,
1.149,0.044178,,,,
1.1495,0.044285,,,,
1.15,0.04427,,,,
1.1505,0.04423,,,,
1.151,0.044046,,,,
1.1515,0.04377,,,,
1.152,0.043628,,,,
1.1525,0.043555,,,,
1.1531,0.043512,,,,
1.1536,0.043634,,,,
1.1541,0.04385,,,,
1.1546,0.043912,,,,
1.1551,0.043881,,,,
1.1556,0.043885,,,,
1.1561,0.043872,,,,
1.1567,0.043794,,,,
1.1572,0.043835,,,,
1.1577,0.043947,,,,
1.1582,0.044069,,,,
1.1587,0.044129,,,,
1.1592,0.044093,,,,
1.1598,0.044035,,,,
1.1603,0.044063,,,,
1.1608,0.043925,,,,
1.1613,0.043792,,,,
1.1618,0.04386,,,,
1.1624,0.043917,,,,
1.1629,0.043765,,,,
1.1634,0.043749,,,,
1.1639,0.043813,,,,
1.1645,0.043824,,,,
1.165,0.043754,,,,
1.1655,0.043817,,,,
1.166,0.043927,,,,
1.1665,0.043963,,,,
1.1671,0.044013,,,,
1.1676,0.044018,,,,
1.1681,0.043914,,,,
1.1687,0.043801,,,,
1.1692,0.043725,,,,
1.1697,0.043592,,,,
1.1702,0.043566,,,,
1.1708,0.043616,,,,
1.1713,0.04368,,,,
1.1718,0.043741,,,,
1.1724,0.043934,,,,
1.1729,0.044182,,,,
1.1734,0.044338,,,,
1.1739,0.044298,,,,
1.1745,0.044165,,,,
1.175,0.043993,,,,
1.1755,0.043726,,,,
1.1761,0.043545,,,,
1.1766,0.043563,,,,
1.1771,0.043691,,,,
1.1777,0.043695,,,,
1.1782,0.04378,,,,
1.1787,0.043937,,,,
1.1793,0.044037,,,,
1.1798,0.044084,,,,
1.1804,0.044154,,,,
1.1809,0.044181,,,,
1.1814,0.044085,,,,
1.182,0.044005,,,,
1.1825,0.044067,,,,
1.1831,0.044183,,,,
1.1836,0.044235,,,,
1.1841,0.044226,,,,
1.1847,0.044155,,,,
1.1852,0.043961,,,,
1.1858,0.043682,,,,
1.1863,0.043566,,,,
1.1868,0.043574,,,,
1.1874,0.043621,,,,
1.1879,0.043761,,,,
1.1885,0.043882,,,,
1.189,0.043813,,,,
1.1896,0.04374,,,,
1.1901,0.043767,,,,
1.1907,0.04377,,,,
1.1912,0.0438,,,,
1.1918,0.043919,,,,
1.1923,0.044061,,,,
1.1929,0.044063,,,,
1.1934,0.044047,,,,
1.194,0.044119,,,,
1.1945,0.04416,,,,
1.1951,0.044097,,,,
1.1956,0.043915,,,,
1.1962,0.0437,,,,
1.1967,0.043519,,,,
1.1973,0.043392,,,,
1.1978,0.043389,,,,
1.1984,0.04355,,,,
1.1989,0.043671,,,,
1.1995,0.043657,,,,
1.2,0.043678,,,,
1.2006,0.043767,,,,
1.2011,0.043826,,,,
1.2017,0.043913,,,,
1.2023,0.044107,,,,
1.2028,0.044246,,,,
1.2034,0.044158,,,,
1.2039,0.044061,,,,
1.2045,0.044036,,,,
1.2051,0.043922,,,,
1.2056,0.043717,,,,
1.2062,0.043654,,,,
1.2067,0.0438,,,,
1.2073,0.043906,,,,
1.2079,0.043989,,,,
1.2084,0.044106,,,,
1.209,0.044218,,,,
1.2096,0.044229,,,,
1.2101,0.044174,,,,
1.2107,0.044062,,,,
1.2112,0.043922,,,,
1.2118,0.043799,,,,
1.2124,0.043643,,,,
1.2129,0.043726,,,,
1.2135,0.0439,,,,
1.2141,0.044055,,,,
1.2147,0.044191,,,,
1.2152,0.044268,,,,
1.2158,0.044123,,,,
1.2164,0.044051,,,,
1.2169,0.044031,,,,
1.2175,0.04394,,,,
1.2181,0.043878,,,,
1.2186,0.043887,,,,
1.2192,0.04382,,,,
1.2198,0.043765,,,,
1.2204,0.043832,,,,
1.2209,0.043884,,,,
1.2215,0.04386,,,,
1.2221,0.043879,,,,
1.2227,0.04392,,,,
1.2233,0.043837,,,,
1.2238,0.043789,,,,
1.2244,0.043867,,,,
1.225,0.043809,,,,
1.2256,0.043735,,,,
1.2261,0.043842,,,,
1.2267,0.043908,,,,
1.2273,0.043852,,,,
1.2279,0.043882,,,,
1.2285,0.043876,,,,
1.2291,0.043722,,,,
1.2296,0.043711,,,,
1.2302,0.043845,,,,
1.2308,0.043941,,,,
1.2314,0.04398,,,,
1.232,0.044041,,,,
1.2326,0.044036,,,,
1.2331,0.043988,,,,
1.2337,0.044031,,,,
1.2343,0.044151,,,,
1.2349,0.044273,,,,
1.2355,0.04432,,,,
1.2361,0.044341,,,,
1.2367,0.044356,,,,
1.2373,0.044305,,,,
1.2379,0.04419,,,,
1.2384,0.04411,,,,
1.239,0.044039,,,,
1.2396,0.043971,,,,
1.2402,0.043924,,,,
1.2408,0.043888,,,,
1.2414,0.043879,,,,
1.242,0.04393,,,,
1.2426,0.043938,,,,
1.2432,0.043917,,,,
1.2438,0.043966,,,,
1.2444,0.043996,,,,
1.245,0.043901,,,,
1.2456,0.043826,,,,
1.2462,0.043841,,,,
1.2468,0.043808,,,,
1.2474,0.043714,,,,
1.248,0.04368,,,,
1.2486,0.043672,,,,
1.2492,0.043622,,,,
1.2498,0.043574,,,,
1.2504,0.043611,,,,
1.251,0.043637,,,,
1.2516,0.043554,,,,
1.2522,0.043457,,,,
1.2528,0.043418,,,,
1.2534,0.043464,,,,
1.254,0.043542,,,,
1.2546,0.043679,,,,
1.2552,0.043802,,,,
1.2558,0.043945,,,,
1.2565,0.043952,,,,
1.2571,0.043824,,,,
1.2577,0.043791,,,,
1.2583,0.043858,,,,
1.2589,0.043846,,,,
1.2595,0.043809,,,,
1.2601,0.043873,,,,
1.2607,0.043878,,,,
1.2613,0.04384,,,,
1.262,0.043826,,,,
1.2626,0.043837,,,,
1.2632,0.043748,,,,
1.2638,0.043622,,,,
1.2644,0.043549,,,,
1.265,0.043558,,,,
1.2657,0.043689,,,,
1.2663,0.043842,,,,
1.2669,0.043898,,,,
1.2675,0.043922,,,,
1.2681,0.04398,,,,
1.2688,0.043912,,,,
1.2694,0.043835,,,,
1.27,0.04386,,,,
1.2706,0.043908,,,,
1.2712,0.043846,,,,
1.2719,0.043802,,,,
1.2725,0.043811,,,,
1.2731,0.043815,,,,
1.2737,0.043798,,,,
1.2744,0.043801,,,,
1.275,0.043849,,,,
1.2756,0.043915,,,,
1.2763,0.043954,,,,
1.2769,0.043937,,,,
1.2775,0.043854,,,,
1.2781,0.04371,,,,
1.2788,0.043585,,,,
1.2794,0.043569,,,,
1.28,0.043621,,,,
1.2807,0.04367,,,,
1.2813,0.043791,,,,
1.2819,0.043905,,,,
1.2826,0.044009,,,,
1.2832,0.04408,,,,
1.2838,0.04414,,,,
1.2845,0.044109,,,,
1.2851,0.04412,,,,
1.2857,0.044147,,,,
1.2864,0.044156,,,,
1.287,0.044121,,,,
1.2877,0.044105,,,,
1.2883,0.044028,,,,
1.2889,0.043932,,,,
1.2896,0.043936,,,,
1.2902,0.043951,,,,
1.2909,0.043955,,,,
1.2915,0.043992,,,,
1.2922,0.043995,,,,
1.2928,0.043895,,,,
1.2934,0.043924,,,,
1.2941,0.043988,,,,
1.2947,0.044018,,,,
1.2954,0.044015,,,,
1.296,0.044058,,,,
1.2967,0.044012,,,,
1.2973,0.043944,,,,
1.298,0.043923,,,,
1.2986,0.04388,,,,
1.2993,0.043825,,,,
1.2999,0.043886,,,,
1.3006,0.044018,,,,
1.3012,0.044095,,,,
1.3019,0.044122,,,,
1.3025,0.044088,,,,
1.3032,0.043993,,,,
1.3039,0.043842,,,,
1.3045,0.043661,,,,
1.3052,0.043524,,,,
1.3058,0.0435,,,,
1.3065,0.043621,,,,
1.3071,0.043717,,,,
1.3078,0.043821,,,,
1.3085,0.043999,,,,
1.3091,0.044078,,,,
1.3098,0.044007,,,,
1.3104,0.043997,,,,
1.3111,0.044069,,,,
1.3118,0.044104,,,,
1.3124,0.044164,,,,
1.3131,0.044257,,,,
1.3138,0.044307,,,,
1.3144,0.044314,,,,
1.3151,0.044285,,,,
1.3158,0.044209,,,,
1.3164,0.044116,,,,
1.3171,0.044013,,,,
1.3178,0.043884,,,,
1.3184,0.043873,,,,
1.3191,0.043958,,,,
1.3198,0.043982,,,,
1.3205,0.043955,,,,
1.3211,0.043994,,,,
1.3218,0.043954,,,,
1.3225,0.043898,,,,
1.3232,0.043968,,,,
1.3238,0.044164,,,,
1.3245,0.044335,,,,
1.3252,0.044552,,,,
1.3259,0.044647,,,,
1.3265,0.04458,,,,
1.3272,0.044448,,,,
1.3279,0.044282,,,,
1.3286,0.044093,,,,
1.3293,0.043992,,,,
1.3299,0.043965,,,,
1.3306,0.043981,,,,
1.3313,0.043995,,,,
1.332,0.04401,,,,
1.3327,0.04402,,,,
1.3334,0.044065,,,,
1.3341,0.044124,,,,
1.3347,0.044185,,,,
1.3354,0.044167,,,,
1.3361,0.044115,,,,
1.3368,0.044034,,,,
1.3375,0.043985,,,,
1.3382,0.043991,,,,
1.3389,0.044027,,,,
1.3396,0.044096,,,,
1.3403,0.044182,,,,
1.341,0.044223,,,,
1.3416,0.04421,,,,
1.3423,0.044238,,,,
1.343,0.044329,,,,
1.3437,0.044405,,,,
1.3444,0.04439,,,,
1.3451,0.044405,,,,
1.3458,0.044453,,,,
1.3465,0.044446,,,,
1.3472,0.044451,,,,
1.3479,0.044525,,,,
1.3486,0.044503,,,,
1.3493,0.044397,,,,
1.35,0.044358,,,,
1.3507,0.044343,,,,
1.3514,0.044314,,,,
1.3521,0.044375,,,,
1.3529,0.044442,,,,
1.3536,0.044398,,,,
1.3543,0.044397,,,,
1.355,0.044403,,,,
1.3557,0.044348,,,,
1.3564,0.044319,,,,
1.3571,0.044408,,,,
1.3578,0.044429,,,,
1.3585,0.044441,,,,
1.3592,0.044453,,,,
1.36,0.044475,,,,
1.3607,0.044457,,,,
1.3614,0.044469,,,,
1.3621,0.044507,,,,
1.3628,0.044538,,,,
1.3635,0.044566,,,,
1.3642,0.044616,,,,
1.365,0.044639,,,,
1.3657,0.044599,,,,
1.3664,0.044624,,,,
1.3671,0.044687,,,,
1.3678,0.044647,,,,
1.3686,0.044506,,,,
1.3693,0.044394,,,,
1.37,0.044316,,,,
1.3707,0.04422,,,,
1.3715,0.04414,,,,
1.3722,0.044129,,,,
1.3729,0.044212,,,,
1.3736,0.044322,,,,
1.3744,0.044413,,,,
1.3751,0.044514,,,,
1.3758,0.044603,,,,
1.3766,0.044628,,,,
1.3773,0.04464,,,,
1.378,0.044708,,,,
1.3788,0.044806,,,,
1.3795,0.044895,,,,
1.3802,0.044906,,,,
1.381,0.044815,,,,
1.3817,0.044713,,,,
1.3824,0.044692,,,,
1.3832,0.044694,,,,
1.3839,0.044739,,,,
1.3847,0.044831,,,,
1.3854,0.044842,,,,
1.3861,0.044776,,,,
1.3869,0.044724,,,,
1.3876,0.044682,,,,
1.3884,0.044704,,,,
1.3891,0.044776,,,,
1.3898,0.044832,,,,
1.3906,0.044907,,,,
1.3913,0.044988,,,,
1.3921,0.044974,,,,
1.3928,0.044937,,,,
1.3936,0.044918,,,,
1.3943,0.044829,,,,
1.3951,0.044743,,,,
1.3958,0.044776,,,,
1.3966,0.044839,,,,
1.3973,0.044869,,,,
1.3981,0.044938,,,,
1.3988,0.045023,,,,
1.3996,0.045033,,,,
1.4004,0.045058,,,,
1.4011,0.045116,,,,
1.4019,0.045086,,,,
1.4026,0.045019,,,,
1.4034,0.044952,,,,
1.4042,0.044862,,,,
1.4049,0.044753,,,,
1.4057,0.044765,,,,
1.4064,0.044811,,,,
1.4072,0.044872,,,,
1.408,0.044994,,,,
1.4087,0.045116,,,,
1.4095,0.045113,,,,
1.4103,0.045065,,,,
1.411,0.045014,,,,
1.4118,0.044902,,,,
1.4126,0.044855,,,,
1.4133,0.044948,,,,
1.4141,0.045048,,,,
1.4149,0.045088,,,,
1.4157,0.045133,,,,
1.4164,0.045226,,,,
1.4172,0.045256,,,,
1.418,0.045285,,,,
1.4188,0.045404,,,,
1.4195,0.045502,,,,
1.4203,0.045462,,,,
1.4211,0.045438,,,,
1.4219,0.045476,,,,
1.4226,0.045417,,,,
1.4234,0.045311,,,,
1.4242,0.045312,,,,
1.425,0.045349,,,,
1.4258,0.045311,,,,
1.4266,0.045313,,,,
1.4273,0.045378,,,,
1.4281,0.045365,,,,
1.4289,0.045368,,,,
1.4297,0.045449,,,,
1.4305,0.045485,,,,
1.4313,0.045463,,,,
1.4321,0.045456,,,,
1.4329,0.045381,,,,
1.4337,0.045283,,,,
1.4345,0.045237,,,,
1.4353,0.045259,,,,
1.436,0.045328,,,,
1.4368,0.045418,,,,
1.4376,0.045487,,,,
1.4384,0.045534,,,,
1.4392,0.045516,,,,
1.44,0.045478,,,,
1.4408,0.045442,,,,
1.4416,0.045411,,,,
1.4424,0.045376,,,,
1.4432,0.045357,,,,
1.444,0.045354,,,,
1.4449,0.045348,,,,
1.4457,0.045281,,,,
1.4465,0.045282,,,,
1.4473,0.045366,,,,
1.4481,0.04543,,,,
1.4489,0.045488,,,,
1.4497,0.045676,,,,
1.4505,0.045899,,,,
1.4513,0.045993,,,,
1.4521,0.045992,,,,
1.453,0.046,,,,
1.4538,0.045937,,,,
1.4546,0.045794,,,,
1.4554,0.045769,,,,
1.4562,0.045849,,,,
1.457,0.045924,,,,
1.4579,0.045989,,,,
1.4587,0.046081,,,,
1.4595,0.046122,,,,
1.4603,0.0461,,,,
1.4611,0.046093,,,,
1.462,0.046163,,,,
1.4628,0.046224,,,,
1.4636,0.046228,,,,
1.4644,0.046215,,,,
1.4653,0.046171,,,,
1.4661,0.046103,,,,
1.4669,0.046019,,,,
1.4678,0.045968,,,,
1.4686,0.04597,,,,
1.4694,0.045977,,,,
1.4703,0.04593,,,,
1.4711,0.045875,,,,
1.4719,0.045868,,,,
1.4728,0.045893,,,,
1.4736,0.045952,,,,
1.4744,0.046047,,,,
1.4753,0.046171,,,,
1.4761,0.046273,,,,
1.477,0.046312,,,,
1.4778,0.046336,,,,
1.4786,0.046357,,,,
1.4795,0.04635,,,,
1.4803,0.046301,,,,
1.4812,0.046264,,,,
1.482,0.046196,,,,
1.4829,0.046118,,,,
1.4837,0.046081,,,,
1.4846,0.046084,,,,
1.4854,0.046095,,,,
1.4863,0.046135,,,,
1.4871,0.046153,,,,
1.488,0.046145,,,,
1.4888,0.046155,,,,
1.4897,0.046177,,,,
1.4906,0.046215,,,,
1.4914,0.046306,,,,
1.4923,0.046356,,,,
1.4931,0.046356,,,,
1.494,0.046365,,,,
1.4948,0.046347,,,,
1.4957,0.046293,,,,
1.4966,0.046249,,,,
1.4974,0.04624,,,,
1.4983,0.046307,,,,
1.4992,0.046393,,,,
1.5,0.046486,,,,
1.5009,0.046565,,,,
1.5018,0.046644,,,,
1.5026,0.046597,,,,
1.5035,0.046474,,,,
1.5044,0.046385,,,,
1.5053,0.046346,,,,
1.5061,0.046302,,,,
1.507,0.046346,,,,
1.5079,0.046434,,,,
1.5088,0.046505,,,,
1.5096,0.046572,,,,
1.5105,0.046646,,,,
1.5114,0.046651,,,,
1.5123,0.046683,,,,
1.5132,0.046696,,,,
1.5141,0.046697,,,,
1.5149,0.046712,,,,
1.5158,0.046767,,,,
1.5167,0.046786,,,,
1.5176,0.046777,,,,
1.5185,0.046785,,,,
1.5194,0.046816,,,,
1.5203,0.046848,,,,
1.5212,0.046852,,,,
1.5221,0.046837,,,,
1.523,0.046846,,,,
1.5238,0.046881,,,,
1.5247,0.046898,,,,
1.5256,0.046913,,,,
1.5265,0.046955,,,,
1.5274,0.046916,,,,
1.5283,0.046834,,,,
1.5292,0.046781,,,,
1.5301,0.046774,,,,
1.531,0.046814,,,,
1.532,0.046908,,,,
1.5329,0.046984,,,,
1.5338,0.046971,,,,
1.5347,0.046953,,,,
1.5356,0.046965,,,,
1.5365,0.046993,,,,
1.5374,0.047035,,,,
1.5383,0.047102,,,,
1.5392,0.047129,,,,
1.5401,0.047126,,,,
1.5411,0.047143,,,,
1.542,0.047167,,,,
1.5429,0.047171,,,,
1.5438,0.047177,,,,
1.5447,0.047158,,,,
1.5457,0.047068,,,,
1.5466,0.046964,,,,
1.5475,0.046987,,,,
1.5484,0.047037,,,,
1.5494,0.047031,,,,
1.5503,0.047002,,,,
1.5512,0.046972,,,,
1.5521,0.046899,,,,
1.5531,0.046876,,,,
1.554,0.046985,,,,
1.5549,0.047094,,,,
1.5559,0.047123,,,,
1.5568,0.047182,,,,
1.5577,0.047237,,,,
1.5587,0.047184,,,,
1.5596,0.047083,,,,
1.5605,0.047005,,,,
1.5615,0.046877,,,,
1.5624,0.046749,,,,
1.5634,0.046718,,,,
1.5643,0.046791,,,,
1.5653,0.046901,,,,
1.5662,0.047019,,,,
1.5672,0.047139,,,,
1.5681,0.047194,,,,
1.569,0.047238,,,,
1.57,0.04728,,,,
1.5709,0.047302,,,,
1.5719,0.047237,,,,
1.5729,0.047192,,,,
1.5738,0.047151,,,,
1.5748,0.047115,,,,
1.5757,0.047118,,,,
1.5767,0.047119,,,,
1.5776,0.047082,,,,
1.5786,0.047044,,,,
1.5796,0.047,,,,
1.5805,0.046953,,,,
1.5815,0.046972,,,,
1.5825,0.047006,,,,
1.5834,0.047091,,,,
1.5844,0.047191,,,,
1.5854,0.04721,,,,
1.5863,0.047175,,,,
1.5873,0.047118,,,,
1.5883,0.046993,,,,
1.5893,0.046925,,,,
1.5902,0.046957,,,,
1.5912,0.046988,,,,
1.5922,0.047016,,,,
1.5932,0.047087,,,,
1.5941,0.047129,,,,
1.5951,0.047073,,,,
1.5961,0.047017,,,,
1.5971,0.046968,,,,
1.5981,0.04689,,,,
1.5991,0.046857,,,,
1.6,0.046923,,,,
1.601,0.046965,,,,
1.602,0.047043,,,,
1.603,0.047169,,,,
1.604,0.047145,,,,
1.605,0.047101,,,,
1.606,0.047143,,,,
1.607,0.047181,,,,
1.608,0.04715,,,,
1.609,0.04718,,,,
1.61,0.047228,,,,
1.611,0.04724,,,,
1.612,0.047232,,,,
1.613,0.047172,,,,
1.614,0.047088,,,,
1.615,0.047014,,,,
1.616,0.047027,,,,
1.617,0.047039,,,,
1.618,0.047066,,,,
1.619,0.047123,,,,
1.62,0.04716,,,,
1.6211,0.047153,,,,
1.6221,0.047213,,,,
1.6231,0.04731,,,,
1.6241,0.047349,,,,
1.6251,0.047304,,,,
1.6261,0.047246,,,,
1.6272,0.047158,,,,
1.6282,0.0471,,,,
1.6292,0.047134,,,,
1.6302,0.047188,,,,
1.6313,0.047174,,,,
1.6323,0.047148,,,,
1.6333,0.047085,,,,
1.6343,0.046998,,,,
1.6354,0.046909,,,,
1.6364,0.046891,,,,
1.6374,0.046912,,,,
1.6385,0.046932,,,,
1.6395,0.046956,,,,
1.6405,0.046985,,,,
1.6416,0.046989,,,,
1.6426,0.046962,,,,
1.6437,0.047008,,,,
1.6447,0.047053,,,,
1.6458,0.047048,,,,
1.6468,0.046996,,,,
1.6478,0.046937,,,,
1.6489,0.046845,,,,
1.6499,0.046815,,,,
1.651,0.046817,,,,
1.6521,0.046872,,,,
1.6531,0.046913,,,,
1.6542,0.046907,,,,
1.6552,0.046897,,,,
1.6563,0.046988,,,,
1.6573,0.047034,,,,
1.6584,0.047042,,,,
1.6595,0.047084,,,,
1.6605,0.047045,,,,
1.6616,0.046932,,,,
1.6626,0.046883,,,,
1.6637,0.046889,,,,
1.6648,0.046911,,,,
1.6659,0.046959,,,,
1.6669,0.046952,,,,
1.668,0.046904,,,,
1.6691,0.046908,,,,
1.6701,0.046896,,,,
1.6712,0.046826,,,,
1.6723,0.046808,,,,
1.6734,0.046807,,,,
1.6745,0.046713,,,,
1.6755,0.046612,,,,
1.6766,0.046593,,,,
1.6777,0.046589,,,,
1.6788,0.046614,,,,
1.6799,0.046724,,,,
1.681,0.046811,,,,
1.6821,0.046839,,,,
1.6832,0.046902,,,,
1.6843,0.04693,,,,
1.6853,0.046866,,,,
1.6864,0.046806,,,,
1.6875,0.046752,,,,
1.6886,0.046663,,,,
1.6897,0.046565,,,,
1.6908,0.046503,,,,
1.692,0.04647,,,,
1.6931,0.046458,,,,
1.6942,0.046476,,,,
1.6953,0.046501,,,,
1.6964,0.046511,,,,
1.6975,0.046523,,,,
1.6986,0.04655,,,,
1.6997,0.046554,,,,
1.7008,0.046561,,,,
1.7019,0.046578,,,,
1.7031,0.046603,,,,
1.7042,0.046592,,,,
1.7053,0.046555,,,,
1.7064,0.046536,,,,
1.7076,0.046559,,,,
1.7087,0.046547,,,,
1.7098,0.046535,,,,
1.7109,0.046531,,,,
1.7121,0.0465,,,,
1.7132,0.04646,,,,
1.7143,0.046501,,,,
1.7155,0.046571,,,,
1.7166,0.04663,,,,
1.7177,0.046664,,,,
1.7189,0.046603,,,,
1.72,0.04648,,,,
1.7212,0.046379,,,,
1.7223,0.046299,,,,
1.7234,0.04625,,,,
1.7246,0.046278,,,,
1.7257,0.046325,,,,
1.7269,0.046371,,,,
1.728,0.046432,,,,
1.7292,0.04647,,,,
1.7304,0.046484,,,,
1.7315,0.046517,,,,
1.7327,0.046507,,,,
1.7338,0.046452,,,,
1.735,0.046424,,,,
1.7361,0.046417,,,,
1.7373,0.046373,,,,
1.7385,0.046335,,,,
1.7396,0.046309,,,,
1.7408,0.046318,,,,
1.742,0.046335,,,,
1.7432,0.046321,,,,
1.7443,0.046353,,,,
1.7455,0.04641,,,,
1.7467,0.046423,,,,
1.7479,0.046415,,,,
1.749,0.046408,,,,
1.7502,0.046376,,,,
1.7514,0.046353,,,,
1.7526,0.046359,,,,
1.7538,0.046375,,,,
1.755,0.046365,,,,
1.7561,0.04628,,,,
1.7573,0.046207,,,,
1.7585,0.046136,,,,
1.7597,0.04603,,,,
1.7609,0.046021,,,,
1.7621,0.046183,,,,
1.7633,0.046322,,,,
1.7645,0.046371,,,,
1.7657,0.04639,,,,
1.7669,0.046365,,,,
1.7681,0.046269,,,,
1.7693,0.046152,,,,
1.7705,0.046083,,,,
1.7717,0.046103,,,,
1.773,0.046146,,,,
1.7742,0.046178,,,,
1.7754,0.046228,,,,
1.7766,0.046279,,,,
1.7778,0.046286,,,,
1.779,0.04629,,,,
1.7803,0.046287,,,,
1.7815,0.046311,,,,
1.7827,0.046371,,,,
1.7839,0.04639,,,,
1.7852,0.046341,,,,
1.7864,0.046264,,,,
1.7876,0.046209,,,,
1.7889,0.046207,,,,
1.7901,0.046256,,,,
1.7913,0.046338,,,,
1.7926,0.046375,,,,
1.7938,0.046319,,,,
1.7951,0.046235,,,,
1.7963,0.046203,,,,
1.7976,0.046195,,,,
1.7988,0.046223,,,,
1.8,0.046271,,,,
1.8013,0.046296,,,,
1.8026,0.046224,,,,
1.8038,0.04614,,,,
1.8051,0.046124,,,,
1.8063,0.046115,,,,
1.8076,0.04608,,,,
1.8088,0.046112,,,,
1.8101,0.046181,,,,
1.8114,0.046189,,,,
1.8126,0.0462,,,,
1.8139,0.046228,,,,
1.8152,0.04623,,,,
1.8164,0.04622,,,,
1.8177,0.046223,,,,
1.819,0.04619,,,,
1.8203,0.046154,,,,
1.8216,0.046209,,,,
1.8228,0.046216,,,,
1.8241,0.046195,,,,
1.8254,0.046231,,,,
1.8267,0.046279,,,,
1.828,0.04626,,,,
1.8293,0.046224,,,,
1.8306,0.046208,,,,
1.8318,0.046269,,,,
1.8331,0.046302,,,,
1.8344,0.046281,,,,
1.8357,0.046321,,,,
1.837,0.046365,,,,
1.8383,0.046269,,,,
1.8397,0.046155,,,,
1.841,0.046091,,,,
1.8423,0.046063,,,,
1.8436,0.046042,,,,
1.8449,0.046064,,,,
1.8462,0.04613,,,,
1.8475,0.046163,,,,
1.8488,0.046164,,,,
1.8502,0.046215,,,,
1.8515,0.046254,,,,
1.8528,0.046207,,,,
1.8541,0.046189,,,,
1.8555,0.046174,,,,
1.8568,0.04611,,,,
1.8581,0.046099,,,,
1.8594,0.046152,,,,
1.8608,0.046206,,,,
1.8621,0.046232,,,,
1.8635,0.046269,,,,
1.8648,0.046303,,,,
1.8661,0.046337,,,,
1.8675,0.04634,,,,
1.8688,0.046355,,,,
1.8702,0.046331,,,,
1.8715,0.046305,,,,
1.8729,0.04631,,,,
1.8742,0.046314,,,,
1.8756,0.046259,,,,
1.8769,0.046196,,,,
1.8783,0.046161,,,,
1.8797,0.046151,,,,
1.881,0.046169,,,,
1.8824,0.046223,,,,
1.8838,0.046283,,,,
1.8851,0.046273,,,,
1.8865,0.046221,,,,
1.8879,0.046219,,,,
1.8893,0.046235,,,,
1.8906,0.046259,,,,
1.892,0.046279,,,,
1.8934,0.046302,,,,
1.8948,0.046309,,,,
1.8962,0.046292,,,,
1.8976,0.046277,,,,
1.899,0.046346,,,,
1.9003,0.046392,,,,
1.9017,0.046408,,,,
1.9031,0.046457,,,,
1.9045,0.046527,,,,
1.9059,0.04654,,,,
1.9073,0.046569,,,,
1.9087,0.046596,,,,
1.9101,0.046599,,,,
1.9116,0.0466,,,,
1.913,0.046628,,,,
1.9144,0.046637,,,,
1.9158,0.046653,,,,
1.9172,0.046705,,,,
1.9186,0.046738,,,,
1.92,0.046736,,,,
1.9215,0.046764,,,,
1.9229,0.046784,,,,
1.9243,0.046747,,,,
1.9258,0.046691,,,,
1.9272,0.046623,,,,
1.9286,0.046534,,,,
1.9301,0.046439,,,,
1.9315,0.046433,,,,
1.9329,0.046513,,,,
1.9344,0.046581,,,,
1.9358,0.046607,,,,
1.9373,0.046673,,,,
1.9387,0.046683,,,,
1.9402,0.046626,,,,
1.9416,0.046616,,,,
1.9431,0.046652,,,,
1.9445,0.046593,,,,
1.946,0.046554,,,,
1.9475,0.046573,,,,
1.9489,0.046603,,,,
1.9504,0.046599,,,,
1.9519,0.046647,,,,
1.9533,0.04668,,,,
1.9548,0.046723,,,,
1.9563,0.046753,,,,
1.9578,0.046829,,,,
1.9592,0.046915,,,,
1.9607,0.04694,,,,
1.9622,0.046927,,,,
1.9637,0.046952,,,,
1.9652,0.046952,,,,
1.9667,0.04691,,,,
1.9682,0.046949,,,,
1.9697,0.047016,,,,
1.9712,0.047049,,,,
1.9727,0.047042,,,,
1.9742,0.047069,,,,
1.9757,0.047136,,,,
1.9772,0.047177,,,,
1.9787,0.047197,,,,
1.9802,0.047241,,,,
1.9817,0.047292,,,,
1.9832,0.04727,,,,
1.9847,0.04721,,,,
1.9863,0.047195,,,,
1.9878,0.047262,,,,
1.9893,0.047336,,,,
1.9908,0.0474,,,,
1.9924,0.047504,,,,
1.9939,0.047613,,,,
1.9954,0.047673,,,,
1.997,0.047746,,,,
1.9985,0.047807,,,,
2.0001,0.047834,,,,
2.0016,0.047803,,,,
2.0031,0.047782,,,,
2.0047,0.047763,,,,
2.0062,0.04775,,,,
2.0078,0.047755,,,,
2.0094,0.047748,,,,
2.0109,0.04776,,,,
2.0125,0.047716,,,,
2.014,0.047679,,,,
2.0156,0.047689,,,,
2.0172,0.047792,,,,
2.0187,0.047914,,,,
2.0203,0.047999,,,,
2.0219,0.048099,,,,
2.0235,0.048152,,,,
2.0251,0.048109,,,,
2.0266,0.04807,,,,
2.0282,0.048123,,,,
2.0298,0.04817,,,,
2.0314,0.048213,,,,
2.033,0.048255,,,,
2.0346,0.048239,,,,
2.0362,0.048226,,,,
2.0378,0.048238,,,,
2.0394,0.048305,,,,
2.041,0.048398,,,,
2.0426,0.048471,,,,
2.0442,0.048483,,,,
2.0458,0.048476,,,,
2.0474,0.048476,,,,
2.0491,0.048504,,,,
2.0507,0.048544,,,,
2.0523,0.048618,,,,
2.0539,0.048696,,,,
2.0556,0.048712,,,,
2.0572,0.048736,,,,
2.0588,0.048792,,,,
2.0605,0.048882,,,,
2.0621,0.049023,,,,
2.0637,0.049143,,,,
2.0654,0.049171,,,,
2.067,0.049208,,,,
2.0687,0.049247,,,,
2.0703,0.049215,,,,
2.072,0.049228,,,,
2.0737,0.049332,,,,
2.0753,0.049394,,,,
2.077,0.049381,,,,
2.0786,0.049418,,,,
2.0803,0.049445,,,,
2.082,0.04937,,,,
2.0837,0.049303,,,,
2.0853,0.049308,,,,
2.087,0.049295,,,,
2.0887,0.049277,,,,
2.0904,0.049353,,,,
2.0921,0.049471,,,,
2.0938,0.049569,,,,
2.0954,0.049641,,,,
2.0971,0.049749,,,,
2.0988,0.049887,,,,
2.1005,0.049987,,,,
2.1022,0.050028,,,,
2.104,0.050134,,,,
2.1057,0.050229,,,,
2.1074,0.050239,,,,
2.1091,0.050253,,,,
2.1108,0.050291,,,,
2.1125,0.050283,,,,
2.1142,0.050306,,,,
2.116,0.050409,,,,
2.1177,0.050514,,,,
2.1194,0.05065,,,,
2.1212,0.050784,,,,
2.1229,0.050861,,,,
2.1246,0.050905,,,,
2.1264,0.050972,,,,
2.1281,0.051037,,,,
2.1299,0.0511,,,,
2.1316,0.051175,,,,
2.1334,0.05124,,,,
2.1351,0.051285,,,,
2.1369,0.05133,,,,
2.1387,0.051367,,,,
2.1404,0.05139,,,,
2.1422,0.051419,,,,
2.144,0.051449,,,,
2.1458,0.05147,,,,
2.1475,0.051526,,,,
2.1493,0.051588,,,,
2.1511,0.051669,,,,
2.1529,0.051734,,,,
2.1547,0.051796,,,,
2.1565,0.051842,,,,
2.1583,0.051898,,,,
2.1601,0.051958,,,,
2.1619,0.052064,,,,
2.1637,0.052172,,,,
2.1655,0.052277,,,,
2.1673,0.052388,,,,
2.1691,0.052489,,,,
2.1709,0.052508,,,,
2.1727,0.052519,,,,
2.1746,0.052545,,,,
2.1764,0.052565,,,,
2.1782,0.052587,,,,
2.18,0.052696,,,,
2.1819,0.052867,,,,
2.1837,0.053031,,,,
2.1856,0.053169,,,,
2.1874,0.053266,,,,
2.1892,0.05333,,,,
2.1911,0.053347,,,,
2.193,0.053353,,,,
2.1948,0.053379,,,,
2.1967,0.053421,,,,
2.1985,0.05349,,,,
2.2004,0.053597,,,,
2.2023,0.053753,,,,
2.2041,0.053874,,,,
2.206,0.053923,,,,
2.2079,0.053918,,,,
2.2098,0.053897,,,,
2.2117,0.053855,,,,
2.2136,0.053887,,,,
2.2154,0.054041,,,,
2.2173,0.054232,,,,
2.2192,0.054412,,,,
2.2211,0.054531,,,,
2.223,0.054543,,,,
2.225,0.054523,,,,
2.2269,0.054547,,,,
2.2288,0.054551,,,,
2.2307,0.05457,,,,
2.2326,0.054698,,,,
2.2345,0.054856,,,,
2.2365,0.054962,,,,
2.2384,0.055088,,,,
2.2403,0.055228,,,,
2.2423,0.05534,,,,
2.2442,0.055449,,,,
2.2462,0.055559,,,,
2.2481,0.055645,,,,
2.2501,0.055786,,,,
2.252,0.055916,,,,
2.254,0.056017,,,,
2.2559,0.056122,,,,
2.2579,0.056234,,,,
2.2599,0.056322,,,,
2.2618,0.056418,,,,
2.2638,0.056482,,,,
2.2658,0.056523,,,,
2.2678,0.056584,,,,
2.2698,0.056632,,,,
2.2718,0.05667,,,,
2.2737,0.056747,,,,
2.2757,0.056884,,,,
2.2777,0.057014,,,,
2.2797,0.057177,,,,
2.2817,0.057344,,,,
2.2838,0.05749,,,,
2.2858,0.057612,,,,
2.2878,0.057695,,,,
2.2898,0.057734,,,,
2.2918,0.057777,,,,
2.2939,0.057786,,,,
2.2959,0.057815,,,,
2.2979,0.057931,,,,
2.3,0.058034,,,,
2.302,0.058101,,,,
2.3041,0.058211,,,,
2.3061,0.058279,,,,
2.3082,0.058312,,,,
2.3102,0.058369,,,,
2.3123,0.058434,,,,
2.3143,0.058505,,,,
2.3164,0.058606,,,,
2.3185,0.058734,,,,
2.3206,0.058885,,,,
2.3226,0.059061,,,,
2.3247,0.059259,,,,
2.3268,0.059483,,,,
2.3289,0.05961,,,,
2.331,0.059658,,,,
2.3331,0.059758,,,,
2.3352,0.05987,,,,
2.3373,0.059928,,,,
2.3394,0.060085,,,,
2.3415,0.060275,,,,
2.3436,0.060378,,,,
2.3458,0.060477,,,,
2.3479,0.060633,,,,
2.35,0.06072,,,,
2.3521,0.060815,,,,
2.3543,0.060988,,,,
2.3564,0.061125,,,,
2.3586,0.061145,,,,
2.3607,0.06115,,,,
2.3629,0.061205,,,,
2.365,0.061262,,,,
2.3672,0.061289,,,,
2.3693,0.061412,,,,
2.3715,0.061639,,,,
2.3737,0.061875,,,,
2.3759,0.062051,,,,
2.378,0.062183,,,,
2.3802,0.062247,,,,
2.3824,0.062268,,,,
2.3846,0.062276,,,,
2.3868,0.062337,,,,
2.389,0.062496,,,,
2.3912,0.062682,,,,
2.3934,0.062811,,,,
2.3956,0.062878,,,,
2.3978,0.062929,,,,
2.4001,0.063003,,,,
2.4023,0.063104,,,,
2.4045,0.063265,,,,
2.4067,0.063488,,,,
2.409,0.063644,,,,
2.4112,0.063694,,,,
2.4135,0.0638,,,,
2.4157,0.063948,,,,
2.418,0.064048,,,,
2.4202,0.064151,,,,
2.4225,0.064271,,,,
2.4248,0.064339,,,,
2.427,0.064399,,,,
2.4293,0.06449,,,,
2.4316,0.064614,,,,
2.4339,0.064765,,,,
2.4362,0.064896,,,,
2.4384,0.064978,,,,
2.4407,0.065049,,,,
2.443,0.065127,,,,
2.4453,0.06521,,,,
2.4477,0.065323,,,,
2.45,0.065405,,,,
2.4523,0.065445,,,,
2.4546,0.065527,,,,
2.4569,0.065655,,,,
2.4593,0.065769,,,,
2.4616,0.065925,,,,
2.4639,0.066115,,,,
2.4663,0.066226,,,,
2.4686,0.066266,,,,
2.471,0.066303,,,,
2.4733,0.06639,,,,
2.4757,0.066542,,,,
2.4781,0.066719,,,,
2.4804,0.066931,,,,
2.4828,0.067107,,,,
2.4852,0.067195,,,,
2.4876,0.067234,,,,
2.49,0.067268,,,,
2.4924,0.067331,,,,
2.4948,0.067449,,,,
2.4972,0.067599,,,,
2.4996,0.067778,,,,
2.502,0.067952,,,,
2.5044,0.068008,,,,
2.5068,0.068069,,,,
2.5093,0.068172,,,,
2.5117,0.068226,,,,
2.5141,0.068305,,,,
2.5166,0.068497,,,,
2.519,0.068639,,,,
2.5215,0.068721,,,,
2.5239,0.068863,,,,
2.5264,0.068979,,,,
2.5288,0.069012,,,,
2.5313,0.069043,,,,
2.5338,0.069079,,,,
2.5363,0.069103,,,,
2.5388,0.069229,,,,
2.5412,0.069433,,,,
2.5437,0.069605,,,,
2.5462,0.069775,,,,
2.5487,0.06995,,,,
2.5512,0.07003,,,,
2.5538,0.070082,,,,
2.5563,0.070204,,,,
2.5588,0.070306,,,,
2.5613,0.070358,,,,
2.5639,0.070425,,,,
2.5664,0.07049,,,,
2.5689,0.070508,,,,
2.5715,0.070572,,,,
2.574,0.070706,,,,
2.5766,0.070808,,,,
2.5792,0.070906,,,,
2.5817,0.071063,,,,
2.5843,0.071194,,,,
2.5869,0.071226,,,,
2.5895,0.071273,,,,
2.5921,0.071389,,,,
2.5947,0.071474,,,,
2.5973,0.071533,,,,
2.5999,0.071639,,,,
2.6025,0.071749,,,,
2.6051,0.07179,,,,
2.6077,0.071865,,,,
2.6103,0.071966,,,,
2.613,0.072047,,,,
2.6156,0.072088,,,,
2.6182,0.072143,,,,
2.6209,0.072184,,,,
2.6236,0.072256,,,,
2.6262,0.072372,,,,
2.6289,0.07256,,,,
2.6315,0.072714,,,,
2.6342,0.072813,,,,
2.6369,0.072901,,,,
2.6396,0.072977,,,,
2.6423,0.072996,,,,
2.645,0.072997,,,,
2.6477,0.073016,,,,
2.6504,0.073026,,,,
2.6531,0.073002,,,,
2.6558,0.072987,,,,
2.6585,0.073081,,,,
2.6613,0.073241,,,,
2.664,0.073397,,,,
2.6667,0.073583,,,,
2.6695,0.07376,,,,
2.6722,0.07387,,,,
2.675,0.073938,,,,
2.6778,0.073946,,,,
2.6805,0.073918,,,,
2.6833,0.073958,,,,
2.6861,0.074008,,,,
2.6889,0.07407,,,,
2.6917,0.074238,,,,
2.6945,0.074355,,,,
2.6973,0.074323,,,,
2.7001,0.074313,,,,
2.7001,0.074174,,,,
2.7015,0.07382,,,,
2.7029,0.073705,,,,
2.7043,0.073964,,,,
2.7057,0.074096,,,,
2.7071,0.074213,,,,
2.7085,0.0746,,,,
2.71,0.074675,,,,
2.7114,0.074262,,,,
2.7128,0.074019,,,,
2.7142,0.073882,,,,
2.7156,0.073688,,,,
2.7171,0.07375,,,,
2.7185,0.073966,,,,
2.7199,0.07372,,,,
2.7213,0.073315,,,,
2.7228,0.072984,,,,
2.7242,0.0728,,,,
2.7256,0.072618,,,,
2.7271,0.072637,,,,
2.7285,0.072909,,,,
2.7299,0.072969,,,,
2.7314,0.072746,,,,
2.7328,0.072538,,,,
2.7342,0.072449,,,,
2.7357,0.072393,,,,
2.7371,0.072339,,,,
2.7386,0.072062,,,,
2.74,0.071751,,,,
2.7415,0.071175,,,,
2.7429,0.070336,,,,
2.7444,0.069726,,,,
2.7458,0.069511,,,,
2.7473,0.069356,,,,
2.7487,0.069597,,,,
2.7502,0.06997,,,,
2.7517,0.070061,,,,
2.7531,0.069603,,,,
2.7546,0.069041,,,,
2.7561,0.068656,,,,
2.7575,0.06842,,,,
2.759,0.068417,,,,
2.7605,0.068596,,,,
2.7619,0.068626,,,,
2.7634,0.068474,,,,
2.7649,0.068113,,,,
2.7663,0.067379,,,,
2.7678,0.066893,,,,
2.7693,0.066785,,,,
2.7708,0.066753,,,,
2.7723,0.066996,,,,
2.7737,0.067231,,,,
2.7752,0.067361,,,,
2.7767,0.067752,,,,
2.7782,0.067998,,,,
2.7797,0.067565,,,,
2.7812,0.067451,,,,
2.7827,0.06762,,,,
2.7842,0.067346,,,,
2.7857,0.066882,,,,
2.7872,0.066926,,,,
2.7887,0.067118,,,,
2.7902,0.067083,,,,
2.7917,0.067038,,,,
2.7932,0.067162,,,,
2.7947,0.067269,,,,
2.7962,0.067093,,,,
2.7977,0.06672,,,,
2.7992,0.066341,,,,
2.8007,0.065933,,,,
2.8022,0.065545,,,,
2.8038,0.065634,,,,
2.8053,0.065935,,,,
2.8068,0.06608,,,,
2.8083,0.06605,,,,
2.8098,0.066022,,,,
2.8114,0.065802,,,,
2.8129,0.065679,,,,
2.8144,0.065663,,,,
2.8159,0.065777,,,,
2.8175,0.066076,,,,
2.819,0.066191,,,,
2.8205,0.066045,,,,
2.8221,0.065996,,,,
2.8236,0.06642,,,,
2.8251,0.066814,,,,
2.8267,0.066841,,,,
2.8282,0.067003,,,,
2.8298,0.067479,,,,
2.8313,0.067493,,,,
2.8329,0.067256,,,,
2.8344,0.067318,,,,
2.836,0.067325,,,,
2.8375,0.066876,,,,
2.8391,0.066529,,,,
2.8406,0.066457,,,,
2.8422,0.066368,,,,
2.8437,0.066245,,,,
2.8453,0.066407,,,,
2.8469,0.066599,,,,
2.8484,0.066338,,,,
2.85,0.066249,,,,
2.8516,0.066499,,,,
2.8531,0.066551,,,,
2.8547,0.066533,,,,
2.8563,0.066771,,,,
2.8578,0.066963,,,,
2.8594,0.066878,,,,
2.861,0.066774,,,,
2.8626,0.066696,,,,
2.8642,0.066529,,,,
2.8657,0.066427,,,,
2.8673,0.066404,,,,
2.8689,0.066398,,,,
2.8705,0.06627,,,,
2.8721,0.066266,,,,
2.8737,0.066223,,,,
2.8753,0.066273,,,,
2.8769,0.06652,,,,
2.8785,0.066785,,,,
2.8801,0.06678,,,,
2.8817,0.066674,,,,
2.8833,0.066441,,,,
2.8849,0.066033,,,,
2.8865,0.065878,,,,
2.8881,0.066247,,,,
2.8897,0.066549,,,,
2.8913,0.066853,,,,
2.8929,0.067314,,,,
2.8945,0.067453,,,,
2.8962,0.067311,,,,
2.8978,0.06722,,,,
2.8994,0.067055,,,,
2.901,0.066854,,,,
2.9027,0.066965,,,,
2.9043,0.066933,,,,
2.9059,0.066824,,,,
2.9075,0.066858,,,,
2.9092,0.066863,,,,
2.9108,0.066711,,,,
2.9124,0.06682,,,,
2.9141,0.067043,,,,
2.9157,0.067029,,,,
2.9174,0.067176,,,,
2.919,0.067584,,,,
2.9206,0.067736,,,,
2.9223,0.067739,,,,
2.9239,0.067741,,,,
2.9256,0.067505,,,,
2.9272,0.067004,,,,
2.9289,0.066599,,,,
2.9305,0.066449,,,,
2.9322,0.066463,,,,
2.9339,0.06656,,,,
2.9355,0.066442,,,,
2.9372,0.066179,,,,
2.9389,0.06614,,,,
2.9405,0.066246,,,,
2.9422,0.066232,,,,
2.9439,0.066652,,,,
2.9455,0.067322,,,,
2.9472,0.067648,,,,
2.9489,0.067746,,,,
2.9506,0.067929,,,,
2.9522,0.067961,,,,
2.9539,0.06798,,,,
2.9556,0.067976,,,,
2.9573,0.067998,,,,
2.959,0.068026,,,,
2.9607,0.067968,,,,
2.9624,0.067944,,,,
2.9641,0.067958,,,,
2.9658,0.068084,,,,
2.9674,0.068234,,,,
2.9691,0.068312,,,,
2.9709,0.068185,,,,
2.9726,0.06812,,,,
2.9743,0.067902,,,,
2.976,0.067628,,,,
2.9777,0.067479,,,,
2.9794,0.067342,,,,
2.9811,0.067275,,,,
2.9828,0.067325,,,,
2.9845,0.067466,,,,
2.9863,0.067849,,,,
2.988,0.06825,,,,
2.9897,0.068451,,,,
2.9914,0.068592,,,,
2.9931,0.068514,,,,
2.9949,0.06817,,,,
2.9966,0.067972,,,,
2.9983,0.06784,,,,
3.0001,0.067812,,,,
3.0018,0.067932,,,,
3.0036,0.068064,,,,
3.0053,0.068143,,,,
3.007,0.068264,,,,
3.0088,0.068413,,,,
3.0105,0.068677,,,,
3.0123,0.068841,,,,
3.014,0.068919,,,,
3.0158,0.068874,,,,
3.0175,0.068657,,,,
3.0193,0.068599,,,,
3.0211,0.068793,,,,
3.0228,0.068956,,,,
3.0246,0.069184,,,,
3.0263,0.069424,,,,
3.0281,0.069527,,,,
3.0299,0.069573,,,,
3.0317,0.069516,,,,
3.0334,0.069356,,,,
3.0352,0.06936,,,,
3.037,0.069408,,,,
3.0388,0.069335,,,,
3.0405,0.069551,,,,
3.0423,0.070007,,,,
3.0441,0.070413,,,,
3.0459,0.070478,,,,
3.0477,0.070445,,,,
3.0495,0.07035,,,,
3.0513,0.070157,,,,
3.0531,0.069768,,,,
3.0549,0.069437,,,,
3.0567,0.069328,,,,
3.0585,0.06919,,,,
3.0603,0.069044,,,,
3.0621,0.069078,,,,
3.0639,0.06927,,,,
3.0657,0.069495,,,,
3.0675,0.069709,,,,
3.0694,0.069792,,,,
3.0712,0.069754,,,,
3.073,0.069833,,,,
3.0748,0.069905,,,,
3.0766,0.069885,,,,
3.0785,0.07007,,,,
3.0803,0.070436,,,,
3.0821,0.070406,,,,
3.084,0.070167,,,,
3.0858,0.070163,,,,
3.0876,0.070202,,,,
3.0895,0.070197,,,,
3.0913,0.070335,,,,
3.0932,0.070613,,,,
3.095,0.070852,,,,
3.0969,0.070894,,,,
3.0987,0.070788,,,,
3.1006,0.070661,,,,
3.1024,0.070512,,,,
3.1043,0.070423,,,,
3.1061,0.070422,,,,
3.108,0.070456,,,,
3.1099,0.070715,,,,
3.1117,0.07097,,,,
3.1136,0.0711,,,,
3.1155,0.071046,,,,
3.1173,0.070806,,,,
3.1192,0.070446,,,,
3.1211,0.070372,,,,
3.123,0.070308,,,,
3.1249,0.070171,,,,
3.1267,0.070379,,,,
3.1286,0.0707,,,,
3.1305,0.0705,,,,
3.1324,0.070219,,,,
3.1343,0.070272,,,,
3.1362,0.070385,,,,
3.1381,0.070596,,,,
3.14,0.071021,,,,
3.1419,0.071353,,,,
3.1438,0.071576,,,,
3.1457,0.071681,,,,
3.1476,0.071604,,,,
3.1495,0.0717,,,,
3.1514,0.072008,,,,
3.1534,0.072165,,,,
3.1553,0.07224,,,,
3.1572,0.072345,,,,
3.1591,0.072199,,,,
3.1611,0.071934,,,,
3.163,0.071845,,,,
3.1649,0.071653,,,,
3.1669,0.071523,,,,
3.1688,0.07168,,,,
3.1707,0.0718,,,,
3.1727,0.071945,,,,
3.1746,0.072403,,,,
3.1766,0.072737,,,,
3.1785,0.072808,,,,
3.1805,0.072991,,,,
3.1824,0.073028,,,,
3.1844,0.072829,,,,
3.1863,0.072743,,,,
3.1883,0.072695,,,,
3.1902,0.072554,,,,
3.1922,0.072516,,,,
3.1942,0.072592,,,,
3.1961,0.072533,,,,
3.1981,0.072537,,,,
3.2001,0.072651,,,,
3.2021,0.072619,,,,
3.204,0.072554,,,,
3.206,0.072589,,,,
3.208,0.072532,,,,
3.21,0.072369,,,,
3.212,0.072329,,,,
3.214,0.072428,,,,
3.216,0.072629,,,,
3.218,0.072826,,,,
3.22,0.073099,,,,
3.222,0.073421,,,,
3.224,0.073424,,,,
3.226,0.073202,,,,
3.228,0.073141,,,,
3.23,0.073178,,,,
3.232,0.073235,,,,
3.234,0.073489,,,,
3.236,0.07373,,,,
3.2381,0.073771,,,,
3.2401,0.073711,,,,
3.2421,0.073706,,,,
3.2441,0.073642,,,,
3.2462,0.073559,,,,
3.2482,0.073478,,,,
3.2502,0.073401,,,,
3.2523,0.073257,,,,
3.2543,0.073238,,,,
3.2564,0.073352,,,,
3.2584,0.073467,,,,
3.2605,0.073634,,,,
3.2625,0.073936,,,,
3.2646,0.074052,,,,
3.2666,0.074048,,,,
3.2687,0.074152,,,,
3.2707,0.074115,,,,
3.2728,0.073941,,,,
3.2749,0.073945,,,,
3.2769,0.074087,,,,
3.279,0.074344,,,,
3.2811,0.074525,,,,
3.2832,0.074553,,,,
3.2853,0.074582,,,,
3.2873,0.07464,,,,
3.2894,0.074493,,,,
3.2915,0.074539,,,,
3.2936,0.074775,,,,
3.2957,0.074747,,,,
3.2978,0.074582,,,,
3.2999,0.074474,,,,
3.302,0.074298,,,,
3.3041,0.074147,,,,
3.3062,0.074165,,,,
3.3083,0.074303,,,,
3.3104,0.07444,,,,
3.3125,0.074611,,,,
3.3147,0.074605,,,,
3.3168,0.074573,,,,
3.3189,0.074637,,,,
3.321,0.074703,,,,
3.3232,0.074621,,,,
3.3253,0.074493,,,,
3.3274,0.074453,,,,
3.3296,0.074427,,,,
3.3317,0.074362,,,,
3.3338,0.074414,,,,
3.336,0.074794,,,,
3.3381,0.075088,,,,
3.3403,0.075112,,,,
3.3424,0.075159,,,,
3.3446,0.075259,,,,
3.3468,0.075295,,,,
3.3489,0.075581,,,,
3.3511,0.075903,,,,
3.3533,0.076243,,,,
3.3554,0.076712,,,,
3.3576,0.076927,,,,
3.3598,0.07673,,,,
3.362,0.076578,,,,
3.3641,0.076449,,,,
3.3663,0.076072,,,,
3.3685,0.075772,,,,
3.3707,0.07572,,,,
3.3729,0.075684,,,,
3.3751,0.075466,,,,
3.3773,0.075339,,,,
3.3795,0.075446,,,,
3.3817,0.075677,,,,
3.3839,0.075775,,,,
3.3861,0.075888,,,,
3.3883,0.076104,,,,
3.3905,0.076233,,,,
3.3928,0.076107,,,,
3.395,0.076063,,,,
3.3972,0.076345,,,,
3.3994,0.076546,,,,
3.4017,0.076597,,,,
3.4039,0.076807,,,,
3.4061,0.07712,,,,
3.4084,0.076955,,,,
3.4106,0.076722,,,,
3.4129,0.076618,,,,
3.4151,0.076503,,,,
3.4174,0.076512,,,,
3.4196,0.076758,,,,
3.4219,0.077056,,,,
3.4241,0.077355,,,,
3.4264,0.077446,,,,
3.4287,0.077269,,,,
3.4309,0.077093,,,,
3.4332,0.076888,,,,
3.4355,0.076605,,,,
3.4378,0.076523,,,,
3.44,0.076636,,,,
3.4423,0.076828,,,,
3.4446,0.077041,,,,
3.4469,0.077236,,,,
3.4492,0.077331,,,,
3.4515,0.077552,,,,
3.4538,0.077854,,,,
3.4561,0.077976,,,,
3.4584,0.07813,,,,
3.4607,0.07838,,,,
3.463,0.078275,,,,
3.4653,0.078005,,,,
3.4676,0.077955,,,,
3.47,0.077966,,,,
3.4723,0.077903,,,,
3.4746,0.077958,,,,
3.477,0.07805,,,,
3.4793,0.078043,,,,
3.4816,0.07798,,,,
3.484,0.078032,,,,
3.4863,0.078149,,,,
3.4887,0.078378,,,,
3.491,0.078607,,,,
3.4934,0.078725,,,,
3.4957,0.078836,,,,
3.4981,0.078968,,,,
3.5004,0.078967,,,,
3.5028,0.078996,,,,
3.5052,0.079065,,,,
3.5075,0.07903,,,,
3.5099,0.078946,,,,
3.5123,0.07901,,,,
3.5147,0.079123,,,,
3.5171,0.079281,,,,
3.5194,0.079407,,,,
3.5218,0.079532,,,,
3.5242,0.07947,,,,
3.5266,0.079319,,,,
3.529,0.079326,,,,
3.5314,0.079395,,,,
3.5338,0.079406,,,,
3.5362,0.079424,,,,
3.5387,0.079607,,,,
3.5411,0.079526,,,,
3.5435,0.07933,,,,
3.5459,0.079262,,,,
3.5483,0.079304,,,,
3.5508,0.079347,,,,
3.5532,0.07956,,,,
3.5556,0.079777,,,,
3.5581,0.079817,,,,
3.5605,0.079914,,,,
3.563,0.079995,,,,
3.5654,0.079894,,,,
3.5679,0.079867,,,,
3.5703,0.080008,,,,
3.5728,0.080168,,,,
3.5753,0.080285,,,,
3.5777,0.080459,,,,
3.5802,0.080697,,,,
3.5827,0.080903,,,,
3.5852,0.080993,,,,
3.5876,0.080924,,,,
3.5901,0.080889,,,,
3.5926,0.080849,,,,
3.5951,0.080895,,,,
3.5976,0.08107,,,,
3.6001,0.081195,,,,
3.6026,0.081247,,,,
3.6051,0.081395,,,,
3.6076,0.081505,,,,
3.6101,0.081519,,,,
3.6126,0.081662,,,,
3.6152,0.081886,,,,
3.6177,0.082073,,,,
3.6202,0.082213,,,,
3.6227,0.082353,,,,
3.6253,0.082509,,,,
3.6278,0.082563,,,,
3.6303,0.082559,,,,
3.6329,0.082482,,,,
3.6354,0.082333,,,,
3.638,0.082198,,,,
3.6405,0.082231,,,,
3.6431,0.082246,,,,
3.6457,0.082283,,,,
3.6482,0.082366,,,,
3.6508,0.082443,,,,
3.6534,0.082406,,,,
3.6559,0.082278,,,,
3.6585,0.082202,,,,
3.6611,0.082172,,,,
3.6637,0.082238,,,,
3.6663,0.082486,,,,
3.6689,0.082763,,,,
3.6715,0.082835,,,,
3.6741,0.082829,,,,
3.6767,0.082806,,,,
3.6793,0.082677,,,,
3.6819,0.082651,,,,
3.6845,0.082826,,,,
3.6872,0.08304,,,,
3.6898,0.083249,,,,
3.6924,0.083477,,,,
3.695,0.083703,,,,
3.6977,0.083929,,,,
3.7003,0.084157,,,,
3.703,0.084265,,,,
3.7056,0.084316,,,,
3.7083,0.084321,,,,
3.7109,0.08426,,,,
3.7136,0.084218,,,,
3.7162,0.084259,,,,
3.7189,0.084278,,,,
3.7216,0.084186,,,,
3.7242,0.084057,,,,
3.7269,0.083927,,,,
3.7296,0.083885,,,,
3.7323,0.083974,,,,
3.735,0.084196,,,,
3.7377,0.084513,,,,
3.7404,0.084891,,,,
3.7431,0.085115,,,,
3.7458,0.085142,,,,
3.7485,0.085089,,,,
3.7512,0.085057,,,,
3.7539,0.085071,,,,
3.7566,0.085221,,,,
3.7593,0.085458,,,,
3.7621,0.085652,,,,
3.7648,0.085763,,,,
3.7675,0.085744,,,,
3.7703,0.085634,,,,
3.773,0.085561,,,,
3.7758,0.085633,,,,
3.7785,0.085645,,,,
3.7813,0.085534,,,,
3.784,0.085405,,,,
3.7868,0.085442,,,,
3.7896,0.085528,,,,
3.7923,0.085539,,,,
3.7951,0.085593,,,,
3.7979,0.08573,,,,
3.8007,0.085743,,,,
3.8035,0.085581,,,,
3.8063,0.085533,,,,
3.8091,0.085662,,,,
3.8119,0.085779,,,,
3.8147,0.085843,,,,
3.8175,0.085943,,,,
3.8203,0.086043,,,,
3.8231,0.086048,,,,
3.8259,0.085982,,,,
3.8288,0.086001,,,,
3.8316,0.086137,,,,
3.8344,0.086269,,,,
3.8373,0.086357,,,,
3.8401,0.086455,,,,
3.8429,0.086431,,,,
3.8458,0.086234,,,,
3.8487,0.086129,,,,
3.8515,0.086199,,,,
3.8544,0.086254,,,,
3.8572,0.086389,,,,
3.8601,0.086632,,,,
3.863,0.086718,,,,
3.8659,0.086715,,,,
3.8688,0.086823,,,,
3.8716,0.086835,,,,
3.8745,0.08681,,,,
3.8774,0.086978,,,,
3.8803,0.087214,,,,
3.8832,0.087302,,,,
3.8862,0.087383,,,,
3.8891,0.087441,,,,
3.892,0.087382,,,,
3.8949,0.087223,,,,
3.8978,0.087206,,,,
3.9008,0.087275,,,,
3.9037,0.087367,,,,
3.9067,0.087414,,,,
3.9096,0.087475,,,,
3.9126,0.08745,,,,
3.9155,0.087414,,,,
3.9185,0.087402,,,,
3.9214,0.087469,,,,
3.9244,0.087614,,,,
3.9274,0.087845,,,,
3.9304,0.088121,,,,
3.9333,0.08836,,,,
3.9363,0.088493,,,,
3.9393,0.0885,,,,
3.9423,0.088492,,,,
3.9453,0.088485,,,,
3.9483,0.088413,,,,
3.9513,0.088338,,,,
3.9543,0.088273,,,,
3.9574,0.088147,,,,
3.9604,0.087924,,,,
3.9634,0.08781,,,,
3.9664,0.087838,,,,
3.9695,0.087789,,,,
3.9725,0.08771,,,,
3.9756,0.087805,,,,
3.9786,0.087968,,,,
3.9817,0.088036,,,,
3.9847,0.08819,,,,
3.9878,0.08841,,,,
3.9909,0.088441,,,,
3.9939,0.088388,,,,
3.997,0.08844,,,,
4.0001,0.088535,,,,
