Wavelength (µm) raw,Augite ws592 spliced raw,Wavelength (µm) bin avg,Augite ws592 spliced bin avg,Wavelength (µm) cubic spline of bin avg,Augite ws592 spliced cubic spline of bin avg
0.3011,0.045344,0.44602,0.207174,0.44602,0.207174
0.3051,0.047974,0.456,0.21427900000000003,0.4560402755905512,0.21430438770951116
0.3091,0.049266,0.46598,0.2209724,0.4660605511811024,0.22103467454954634
0.3131,0.054325,0.47596,0.22976580000000002,0.4760808267716536,0.22987910793717575
0.3171,0.058099,0.48595,0.2399166,0.4861011023622048,0.24009374344021966
0.3211,0.062474,0.49593,0.2523988,0.4961213779527559,0.25262525392615304
0.3251,0.068898,0.50591,0.26384799999999997,0.5061416535433071,0.2641451721528791
0.3291,0.072329,0.51589,0.2784976,0.5161619291338583,0.2789200612617165
0.3331,0.076753,0.52587,0.29264060000000003,0.5261822047244095,0.2929998972231542
0.3371,0.081827,0.53585,0.3017778,0.5362024803149606,0.30205785057296813
0.3411,0.085483,0.54583,0.3093956,0.5462227559055118,0.30966761268858434
0.3451,0.090081,0.55581,0.315273,0.556243031496063,0.3154767983481501
0.3491,0.095055,0.56579,0.31848440000000006,0.5662633070866142,0.318541968634777
0.3531,0.100909,0.57577,0.31832239999999995,0.5762835826771654,0.3182774344657066
0.3571,0.106824,0.58576,0.3171812,0.5863038582677166,0.3170847095165598
0.3606,0.110864,0.59574,0.31476439999999994,0.5963241338582678,0.3145932726986331
0.3636,0.117003,0.60572,0.3115077142857143,0.606344409448819,0.31127630257287303
0.3666,0.121547,0.6157,0.307939,0.6163646850393701,0.30775224181031047
0.3696,0.124597,0.62568,0.3056621666666666,0.6263849606299213,0.30549500753462855
0.3726,0.129644,0.63566,0.3040872,0.6364052362204724,0.30415333713821685
0.3756,0.132322,0.64564,0.3059944,0.6464255118110236,0.30603832404063747
0.3786,0.138221,0.65562,0.3056734,0.6564457874015748,0.3057685478070058
0.3811,0.140512,0.6656,0.3088164,0.666466062992126,0.3091777502790285
0.3831,0.143531,0.67558,0.313078,0.6764863385826771,0.3135030365890598
0.3851,0.145015,0.68556,0.31745100000000004,0.6865066141732283,0.31773819263866304
0.3871,0.149176,0.69555,0.3201365,0.6965268897637795,0.3205225088522969
0.3891,0.151659,0.70553,0.325685,0.7065471653543307,0.3263705957867595
0.3911,0.153158,0.71551,0.3324384,0.7165674409448819,0.33311549955462416
0.3931,0.157966,0.72549,0.33839119999999995,0.7265877165354331,0.3390047733687223
0.3951,0.159176,0.73547,0.3439582,0.7366079921259843,0.34461230727451275
0.3971,0.162667,0.74545,0.3495345,0.7466282677165355,0.35011197434644437
0.3991,0.163785,0.75543,0.3539795,0.7566485433070866,0.3545134625206035
0.4011,0.166948,0.76541,0.3581086666666667,0.7666688188976378,0.3585139615760851
0.4031,0.168349,0.77539,0.36131833333333335,0.776689094488189,0.36190291156669074
0.4051,0.168709,0.78537,0.36624233333333334,0.7867093700787402,0.36675649416841594
0.4071,0.17254,0.79536,0.369413,0.7967296456692914,0.36993413723506824
0.4091,0.173716,0.80534,0.373375,0.8067499212598426,0.3737490931334164
0.4111,0.176884,0.81532,0.375637,0.8167701968503938,0.37616421822556934
0.4128,0.177089,0.8253,0.3793645,0.826790472440945,0.37956405768537765
0.4158,0.180226,0.83528,0.379617,0.8368107480314961,0.3798469324408895
0.4188,0.184615,0.84526,0.380363,0.8468310236220473,0.3796853987353759
0.4218,0.183561,0.85524,0.3738315,0.8568512992125985,0.3730591969960024
0.4248,0.190318,0.8752,0.366689,0.8668715748031497,0.37109419186034087
0.4278,0.191427,0.88518,0.353368,0.8768918503937009,0.36479407618418785
0.4308,0.193831,0.89517,0.342254,0.8869121259842521,0.35134275106913593
0.4338,0.197276,0.90515,0.328396,0.8969324015748033,0.3397099308896015
0.4368,0.200065,0.91513,0.323247,0.9069526771653544,0.32719070044672915
0.4398,0.202034,0.92511,0.309228,0.9169729527559056,0.32106802008076696
0.4428,0.202825,0.93509,0.302725,0.9269932283464568,0.3077212551831755
0.4458,0.20891,0.94507,0.284239,0.9370135039370079,0.29997391487672176
0.4488,0.209787,0.95505,0.271928,0.9470337795275592,0.2810615220518346
0.4513,0.21196,0.96503,0.262652,0.9570540551181104,0.2699287098191433
0.4533,0.211872,0.97501,0.256649,0.9670743307086616,0.26122440638003586
0.4553,0.214427,0.98499,0.251014,0.9770946062992127,0.2553713286629358
0.4573,0.216344,0.99497,0.248187,0.9871148818897637,0.25034541281337025
0.4593,0.216792,1.00496,0.2422455,0.9971351574803149,0.2470604533699479
0.4613,0.21506,1.01494,0.2396055,1.007155433070866,0.24134478866168002
0.4633,0.220289,1.02492,0.23842649999999999,1.0171757086614173,0.2391443457999848
0.4653,0.222859,1.0349,0.2419345,1.0271959842519685,0.2388862981017047
0.4673,0.223882,1.04488,0.2457105,1.0372162598425196,0.24285245989813042
0.4693,0.222772,1.05486,0.2510405,1.0472365354330708,0.24671695278780978
0.4713,0.227273,1.06484,0.2587565,1.057256811023622,0.2528343302330582
0.4733,0.228328,1.07482,0.26566900000000004,1.0672770866141732,0.2603497914804447
0.4753,0.231038,1.0848,0.27643700000000004,1.0772973622047244,0.26815468755618566
0.4773,0.22972,1.09478,0.2849245,1.0873176377952756,0.2786948959327122
0.4793,0.23247,1.10477,0.29695499999999997,1.0973379133858268,0.2876401002476684
0.4813,0.235417,1.11475,0.30951799999999996,1.107358188976378,0.3002509116414654
0.4833,0.239724,1.12473,0.32225899999999996,1.1173784645669291,0.312863663881555
0.4853,0.240843,1.13471,0.3333615,1.1273987401574803,0.3255756656204752
0.4873,0.24178,1.14469,0.3412225,1.1374190157480315,0.3354725618097833
0.4893,0.241819,1.15467,0.35369799999999996,1.1474392913385827,0.3443455840198364
0.4913,0.247792,1.16465,0.3636155,1.1574595669291339,0.3568150642049315
0.4933,0.249115,1.17463,0.372776,1.167479842519685,0.3662291339508474
0.4953,0.252438,1.18461,0.38001,1.1775001181102362,0.37521473675749006
0.4973,0.25581,1.19459,0.38429800000000003,1.1875203937007874,0.38126164620803593
0.4993,0.256839,1.20458,0.392636,1.1975406692913386,0.3863534335279101
0.5013,0.25705,1.21456,0.4002015,1.2075609448818898,0.3952988012037082
0.5033,0.261311,1.22454,0.4040745,1.217581220472441,0.401445431150375
0.5053,0.26444,1.23452,0.410659,1.2276014960629922,0.40598015043527397
0.5073,0.267013,1.2445,0.415057,1.2376217716535434,0.4120418869563375
0.5093,0.269426,1.25448,0.42247650000000003,1.2476420472440946,0.41738761052475554
0.5113,0.27114,1.26446,0.42512249999999996,1.2576623228346457,0.42358197458538155
0.5133,0.276358,1.27444,0.4315155,1.267682598425197,0.42681130336651
0.5153,0.278234,1.28442,0.4363915,1.2777028740157481,0.433417727427274
0.5173,0.284011,1.2944,0.440273,1.2877231496062993,0.43766840254669037
0.5193,0.282745,1.30438,0.4454585,1.2977434251968505,0.4417127708245799
0.5213,0.287643,1.31437,0.4525885,1.3077637007874017,0.44801438819971573
0.5233,0.289506,1.32435,0.454909,1.3177839763779529,0.45383877341900114
0.5253,0.293541,1.33433,0.458102,1.327804251968504,0.4555696650450765
0.5273,0.293731,1.34431,0.4639355,1.3378245275590552,0.4603379459302252
0.5293,0.298782,1.35429,0.4652905,1.3478448031496064,0.4644708289160429
0.5313,0.298164,1.36427,0.47223000000000004,1.3578650787401576,0.46731454607630163
0.5333,0.300794,1.37425,0.47576399999999996,1.3678853543307088,0.4742648861003566
0.5353,0.301979,1.38423,0.476138,1.37790562992126,0.47562217773181614
0.5373,0.301786,1.39421,0.482003,1.3879259055118112,0.4781269586685217
0.5393,0.306166,1.40419,0.483294,1.3979461811023624,0.48287527293401244
0.5413,0.306226,1.41418,0.48787,1.4079664566929135,0.4843307004861803
0.5433,0.308834,1.42416,0.49492800000000003,1.4179867322834645,0.4908901189329893
0.5453,0.308181,1.43414,0.4968855,1.4280070078740157,0.49577519633886463
0.5473,0.311339,1.44412,0.503351,1.4380272834645669,0.49917524432608873
0.5493,0.312398,1.4541,0.5064575,1.4480475590551183,0.504780245611098
0.5513,0.312344,1.46408,0.51199,1.4580678346456695,0.5085391174076255
0.5533,0.314145,1.47406,0.514931,1.4680881102362207,0.5133738020563942
0.5553,0.315838,1.48404,0.5199469999999999,1.4781083858267718,0.5165666872503848
0.5573,0.316209,1.49402,0.5253825,1.488128661417323,0.5226322560818526
0.5593,0.317829,1.504,0.525693,1.4981489370078742,0.5256603760888099
0.5613,0.316716,1.51399,0.5296585,1.5081692125984254,0.5270096639881541
0.5633,0.319832,1.52397,0.5322335,1.5181894881889764,0.531019293629407
0.5653,0.319435,1.53395,0.535013,1.5282097637795276,0.5331029895308842
0.5673,0.319705,1.54393,0.5403445,1.5382300393700787,0.5373021346352346
0.5693,0.316734,1.55391,0.5430919999999999,1.54825031496063,0.5417575585303853
0.5713,0.317828,1.56389,0.545796,1.5582705905511811,0.544385129003149
0.5733,0.318697,1.57387,0.546033,1.5682908661417323,0.546119389704019
0.5753,0.318088,1.58385,0.54721,1.5783111417322835,0.5461811086993863
0.5773,0.317891,1.59383,0.5508584999999999,1.5883314173228347,0.5488915098081179
0.5793,0.319108,1.60381,0.551822,1.5983516929133859,0.5515123147119466
0.5813,0.318378,1.6138,0.55369,1.608371968503937,0.5524650567297704
0.5833,0.318094,1.62378,0.5548195,1.6183922440944882,0.5547549932329526
0.5853,0.317291,1.63376,0.552095,1.6284125196850394,0.5532587439147632
0.5873,0.31721,1.64374,0.5553615000000001,1.6384327952755906,0.5535564851082688
0.5893,0.314933,1.65372,0.553602,1.6484530708661418,0.5546507753647809
0.5913,0.318045,1.6637,0.5562765000000001,1.658473346456693,0.5547488354158562
0.5933,0.312463,1.67368,0.554885,1.6684936220472442,0.5558092688032675
0.5953,0.315078,1.68366,0.5561,1.6785138976377953,0.5553736975201833
0.5973,0.314272,1.69364,0.554668,1.6885341732283465,0.5555947803630054
0.5993,0.313964,1.70362,0.5545979999999999,1.6985544488188977,0.5544481621490933
0.6011,0.311026,1.7136,0.554575,1.708574724409449,0.5546046367433956
0.6027,0.312741,1.72359,0.554471,1.718595,0.5546486332168373
0.6043,0.311936,1.73357,0.552681,1.7286152755905513,0.5537121181700364
0.6059,0.311901,1.74355,0.5506175,1.7386355511811025,0.5516714732435851
0.6075,0.310492,1.75353,0.54716,1.7486558267716537,0.5491830912548825
0.6091,0.310882,1.76351,0.543626,1.7586761023622048,0.5445058079142879
0.6107,0.311576,1.77349,0.546538,1.768696377952756,0.5457273820591084
0.6123,0.309167,1.78347,0.5387225,1.7787166535433072,0.5426067388047463
0.6139,0.310254,1.79345,0.538774,1.7887369291338584,0.538474756431065
0.6155,0.309231,1.80343,0.5326930714285715,1.7987572047244096,0.5359296903390285
0.6171,0.307541,1.81341,0.5303488125000001,1.8087774803149608,0.5309666162505595
0.6187,0.305963,1.8234,0.5279716666666666,1.818797755905512,0.5292141523455358
0.6203,0.305478,1.83338,0.525292125,1.8288180314960631,0.526523867692417
0.6219,0.30523,1.84336,0.5226424,1.8388383070866143,0.523767345989255
0.6235,0.306216,1.85334,0.5207101333333333,1.8488585826771655,0.5215878678396343
0.6251,0.305162,1.86332,0.5175390666666666,1.8588788582677167,0.5192035499708127
0.6267,0.304835,1.8733,0.5130713571428572,1.868899133858268,0.5149567402351783
0.6283,0.30696,1.88328,0.5096934,1.878919409448819,0.5112982690491163
0.6299,0.30557,1.89326,0.5031445714285715,1.8889396850393703,0.506381999019724
0.6317,0.304047,1.90324,0.4959576,1.8989599606299215,0.498660235638786
0.6337,0.304422,1.91322,0.49328357142857154,1.9089802362204726,0.49402579913995925
0.6357,0.304298,1.92321,0.49160400000000004,1.9190005118110238,0.49231214644083715
0.6377,0.304267,1.93319,0.4900139285714285,1.929020787401575,0.4906894094658553
0.6397,0.303402,1.94317,0.48803592307692306,1.9390410629921262,0.48892794438428494
0.6417,0.305965,1.95315,0.4854342857142857,1.9490613385826772,0.48656682899499765
0.6437,0.307613,1.96313,0.4823111538461538,1.9590816141732283,0.4836508087547792
0.6457,0.306535,1.97311,0.4787464285714286,1.9691018897637795,0.48016686239944173
0.6477,0.304953,1.98309,0.4755628461538461,1.9791221653543307,0.47680345053839174
0.6497,0.304906,1.99307,0.4723094615384615,1.989142440944882,0.4736008142822757
0.6517,0.305381,2.00305,0.46918284615384614,1.999162716535433,0.4703562028296155
0.6537,0.305566,2.01303,0.46645807692307695,2.009182992125984,0.46747987548067976
0.6557,0.305122,2.02301,0.4637393333333333,2.0192032677165352,0.4648005970786912
0.6577,0.305534,2.033,0.4607929230769231,2.0292235433070864,0.46192183682005034
0.6597,0.306764,2.04298,0.45781975,2.0392438188976376,0.4589324391514605
0.6617,0.30918,2.05296,0.45470674999999994,2.049264094488189,0.4559087917411316
0.6637,0.308118,2.06294,0.45107415384615385,2.05928437007874,0.4524501336634138
0.6657,0.307099,2.07292,0.4472830833333333,2.069304645669291,0.4486507175874001
0.6677,0.309878,2.0829,0.4436419166666666,2.0793249212598424,0.4449173612010645
0.6702,0.309807,2.09288,0.4402293636363637,2.0893451968503935,0.4414264458365724
0.6732,0.313442,2.10286,0.43696825,2.0993654724409447,0.43805764701478317
0.6762,0.312065,2.11284,0.43401141666666665,2.109385748031496,0.4350955933304292
0.6792,0.313727,2.12282,0.4301093636363636,2.119406023622047,0.43151389551833835
0.6822,0.318601,2.13281,0.4260977499999999,2.1294262992125983,0.4274418466308303
0.6852,0.316935,2.14279,0.422372,2.1394465748031495,0.42353670479348854
0.6882,0.316817,2.15277,0.41940481818181824,2.1494668503937007,0.42037052777756745
0.6912,0.317473,2.16275,0.41614218181818186,2.159487125984252,0.41724275082404555
0.6942,0.31943,2.17273,0.4128621818181818,2.169507401574803,0.4138945335345033
0.6972,0.320477,2.18271,0.4097733636363636,2.1795276771653542,0.41076686093429393
0.7002,0.323166,2.19269,0.4066541818181818,2.1895479527559054,0.40758502659660023
0.702,0.322715,2.20267,0.4041433,2.1995682283464566,0.4049076440925178
0.704,0.324259,2.21265,0.4013453636363637,2.209588503937008,0.4022515323926596
0.706,0.325823,2.22263,0.39830819999999995,2.219608779527559,0.3992177182234052
0.708,0.327294,2.23262,0.39536318181818175,2.22962905511811,0.3962688467447345
0.71,0.328334,2.2426,0.392263,2.2396493307086613,0.3931244835290663
0.712,0.330864,2.25258,0.3899261,2.2496696062992125,0.39057641890168404
0.714,0.330654,2.26256,0.3874029,2.2596898818897637,0.38816990886756736
0.716,0.331674,2.27254,0.38465520000000003,2.269710157480315,0.3854273597116996
0.718,0.334067,2.28252,0.3820602999999999,2.279730433070866,0.38277783955355527
0.72,0.334933,2.2925,0.3796136,2.2897507086614173,0.3802352956043186
0.722,0.335565,2.30248,0.3777929,2.2997709842519685,0.3782513350877376
0.724,0.337134,2.31246,0.37623480000000004,2.3097912598425197,0.37659974776660815
0.726,0.339006,2.32244,0.375481,2.319811535433071,0.37558437876019046
0.728,0.340686,2.33242,0.375585,2.329831811023622,0.37550446564241524
0.73,0.339565,2.34241,0.37604899999999997,2.339852086614173,0.3759111129731036
0.732,0.342911,2.35239,0.37661733333333336,2.3498723622047244,0.37648236619493936
0.734,0.343455,2.36237,0.37693270000000006,2.3598926377952756,0.37689787788770807
0.736,0.343783,2.37235,0.3768721111111112,2.3699129133858268,0.376886389262567
0.738,0.345292,2.38233,0.3769623333333334,2.379933188976378,0.3769372925803386
0.74,0.34435,2.39231,0.37720133333333333,2.389953464566929,0.3770777022914718
0.742,0.349551,2.40229,0.378274,2.3999737401574803,0.37799922756064475
0.744,0.348105,2.41227,0.3792668888888889,2.4099940157480315,0.37905217523039114
0.746,0.349685,2.42225,0.38023844444444443,2.4200142913385827,0.3800230955073918
0.748,0.350797,2.43223,0.38126437500000004,2.430034566929134,0.3810060763743738
0.7505,0.351392,2.44222,0.38276066666666664,2.440054842519685,0.382410298310898
0.7535,0.353369,2.4522,0.38434300000000005,2.4500751181102363,0.38401913281996525
0.7565,0.35562,2.46218,0.38589425000000005,2.4600953937007874,0.3855356031563563
0.7595,0.355537,2.47216,0.3879058888888889,2.4701156692913386,0.38748959178875575
0.7625,0.357535,2.48214,0.389723,2.48013594488189,0.38937549291439694
0.7655,0.357589,2.49212,0.39147937499999996,2.490156220472441,0.39112341435614406
0.7685,0.359202,2.5021,0.3933377777777778,2.500176496062992,0.39298631442131
0.7715,0.359626,2.51208,0.395159,2.5101967716535434,0.3947905043272256
0.7745,0.361499,2.52206,0.397321375,2.5202170472440946,0.39692693845913013
0.7775,0.36283,2.53204,0.3993403750000001,2.5302373228346458,0.39895918729445734
0.781,0.364041,2.54203,0.40171199999999996,2.540257598425197,0.401283270974857
0.785,0.36655,2.55201,0.4038385,2.550277874015748,0.40352116389021736
0.789,0.368136,2.56199,0.40537962499999997,2.5602981496062993,0.40511327487496773
0.793,0.368922,2.57197,0.40739875000000003,2.5703184251968505,0.4070084127096372
0.797,0.369904,2.58195,0.40937599999999996,2.5803387007874017,0.40921763994581556
0.8015,0.37363,2.59193,0.40965242857142853,2.5903589763779524,0.40945269809182483
0.8065,0.37312,2.60191,0.4130675,2.6003792519685036,0.41250619168415714
0.8115,0.37448,2.61189,0.41527071428571427,2.610399527559055,0.4150632123266096
0.8165,0.376794,2.62187,0.41622750000000003,2.620419803149606,0.4161076083812179
0.822,0.379163,2.63185,0.41744871428571434,2.630440078740157,0.4171990579977916
0.828,0.379566,2.64183,0.4192921249999999,2.6404603543307084,0.41914993020214913
0.835,0.379617,2.65182,0.41820628571428575,2.6504806299212595,0.4185422631858498
0.843,0.380363,2.6618,0.413957625,2.6605009055118107,0.4147070305464413
0.851,0.377365,2.67178,0.40526942857142856,2.670521181102362,0.406729638459217
0.859,0.370298,2.68176,0.38281585714285715,2.680541456692913,0.3872577396297794
0.871,0.366689,2.69174,0.3239481428571428,2.6905617322834643,0.3326742353769555
0.883,0.353368,2.70172,0.24595114285714284,2.7005820078740155,0.2540927056574777
0.894,0.342254,2.7117,0.19876385714285716,2.7106022834645667,0.20159823975937208
0.904,0.328396,2.72168,0.19162300000000002,2.720622559055118,0.19180257965933545
0.914,0.323247,2.73166,0.18497371428571427,2.730642834645669,0.18594556257081785
0.924,0.309228,2.74164,0.17513614285714282,2.7406631102362202,0.1759840344072592
0.933,0.302725,2.75163,0.169654,2.7506833858267714,0.169934113997232
0.941,0.289307,2.76161,0.1690672857142857,2.7607036614173226,0.16898573704880418
0.949,0.279171,2.77159,0.17069883333333333,2.770723937007874,0.17053758112611359
0.957,0.271928,2.78157,0.17241228571428574,2.780744212598425,0.17227473493614467
0.964,0.265323,2.79155,0.17396871428571428,2.790764488188976,0.17386336641205208
0.97,0.259981,2.80153,0.17531816666666666,2.8007847637795273,0.1751872422646119
0.976,0.256649,2.81151,0.17760085714285712,2.8108050393700785,0.17743541196649967
0.982,0.252348,2.82149,0.17984216666666666,2.8208253149606297,0.1796788158865637
0.988,0.24968,2.83147,0.18259785714285717,2.830845590551181,0.18242654810520284
0.994,0.248187,2.84145,0.18501933333333334,2.840865866141732,0.18489155698132603
1.0,0.24202,2.85144,0.18693985714285716,2.8508861417322833,0.18684895535016474
1.006,0.242471,2.86142,0.18826883333333333,2.8609064173228345,0.18821195808399757
1.012,0.239114,2.8714,0.18913683333333334,2.8709266929133856,0.18910820224533328
1.018,0.240097,2.88138,0.18950333333333336,2.880946968503937,0.1894922507189277
1.0235,0.239855,2.89136,0.18987542857142856,2.890967244094488,0.189852078280195
1.0285,0.236998,2.90134,0.1907695,2.900987519685039,0.1907303103671953
1.0335,0.241641,2.91132,0.1919485,2.9110077952755904,0.19191236354064806
1.0385,0.242228,2.9213,0.19314333333333333,2.9210280708661416,0.1931054493821031
1.0435,0.244289,2.93128,0.19472016666666667,2.9310483464566928,0.19468379165522465
1.0485,0.247132,2.94126,0.19623333333333334,2.941068622047244,0.1962023631417523
1.0535,0.249736,2.95125,0.19800166666666666,2.951088897637795,0.19797264600532757
1.0585,0.252345,2.96123,0.19980166666666666,2.9611091732283463,0.19977876366047054
1.0635,0.256958,2.97121,0.20180083333333335,2.9711294488188975,0.20178448329880294
1.0685,0.260555,2.98119,0.203816,2.9811497244094487,0.2038077366697151
1.0735,0.263763,2.99117,0.20598233333333335,2.99117,0.20598233333333332
1.0785,0.267575,,,,
1.0835,0.273104,,,,
1.0885,0.27977,,,,
1.0935,0.28482,,,,
1.0985,0.285029,,,,
1.1035,0.293785,,,,
1.1085,0.300125,,,,
1.1135,0.305556,,,,
1.1185,0.31348,,,,
1.1235,0.319884,,,,
1.1285,0.324634,,,,
1.1335,0.330601,,,,
1.1385,0.336122,,,,
1.1435,0.339521,,,,
1.1485,0.342924,,,,
1.1535,0.351232,,,,
1.1585,0.356164,,,,
1.1635,0.361454,,,,
1.1685,0.365777,,,,
1.1735,0.370223,,,,
1.1785,0.375329,,,,
1.1835,0.377222,,,,
1.1885,0.382798,,,,
1.1935,0.383997,,,,
1.1985,0.384599,,,,
1.2035,0.391056,,,,
1.2085,0.394216,,,,
1.2135,0.40037,,,,
1.2185,0.400033,,,,
1.2235,0.402788,,,,
1.2285,0.405361,,,,
1.2335,0.409469,,,,
1.2385,0.411849,,,,
1.2435,0.414276,,,,
1.2485,0.415838,,,,
1.2535,0.420889,,,,
1.2585,0.424064,,,,
1.2635,0.424998,,,,
1.2685,0.425247,,,,
1.2735,0.430534,,,,
1.2785,0.432497,,,,
1.2835,0.435141,,,,
1.2885,0.437642,,,,
1.2935,0.438444,,,,
1.2985,0.442102,,,,
1.3035,0.443538,,,,
1.3085,0.447379,,,,
1.3135,0.451669,,,,
1.3185,0.453508,,,,
1.3235,0.453193,,,,
1.3285,0.456625,,,,
1.3335,0.456245,,,,
1.3385,0.459959,,,,
1.3435,0.461681,,,,
1.3485,0.46619,,,,
1.3535,0.463562,,,,
1.3585,0.467019,,,,
1.3635,0.470746,,,,
1.3685,0.473714,,,,
1.3735,0.477356,,,,
1.3785,0.474172,,,,
1.3835,0.476435,,,,
1.3885,0.475841,,,,
1.3935,0.478694,,,,
1.3985,0.485312,,,,
1.4035,0.484968,,,,
1.4085,0.48162,,,,
1.4135,0.48733,,,,
1.4185,0.48841,,,,
1.4235,0.494088,,,,
1.4285,0.495768,,,,
1.4335,0.495289,,,,
1.4385,0.498482,,,,
1.4435,0.501108,,,,
1.4485,0.505594,,,,
1.4535,0.505374,,,,
1.4585,0.507541,,,,
1.4635,0.512366,,,,
1.4685,0.511614,,,,
1.4735,0.51507,,,,
1.4785,0.514792,,,,
1.4835,0.519637,,,,
1.4885,0.520257,,,,
1.4935,0.522871,,,,
1.4985,0.527894,,,,
1.5035,0.525795,,,,
1.5085,0.525591,,,,
1.5135,0.52892,,,,
1.5185,0.530397,,,,
1.5235,0.532374,,,,
1.5285,0.532093,,,,
1.534,0.535013,,,,
1.54,0.539179,,,,
1.546,0.54151,,,,
1.552,0.542052,,,,
1.558,0.544132,,,,
1.564,0.545796,,,,
1.5705,0.54586,,,,
1.5775,0.546206,,,,
1.5845,0.54721,,,,
1.5915,0.550318,,,,
1.5985,0.551399,,,,
1.6055,0.551822,,,,
1.6125,0.55369,,,,
1.6195,0.554896,,,,
1.6265,0.554743,,,,
1.6335,0.552095,,,,
1.6405,0.555525,,,,
1.6475,0.555198,,,,
1.6545,0.553602,,,,
1.6615,0.556407,,,,
1.6685,0.556146,,,,
1.676,0.554885,,,,
1.684,0.5561,,,,
1.692,0.554668,,,,
1.7,0.551434,,,,
1.708,0.557762,,,,
1.716,0.554575,,,,
1.724,0.554471,,,,
1.732,0.552681,,,,
1.74,0.550891,,,,
1.748,0.550344,,,,
1.756,0.54716,,,,
1.764,0.543626,,,,
1.772,0.546538,,,,
1.78,0.542208,,,,
1.788,0.535237,,,,
1.796,0.538774,,,,
1.80005,0.533536,,,,
1.80068,0.533391,,,,
1.8013,0.533149,,,,
1.80193,0.533004,,,,
1.80256,0.533053,,,,
1.80318,0.533004,,,,
1.80381,0.532859,,,,
1.80444,0.532617,,,,
1.80507,0.532714,,,,
1.8057,0.532423,,,,
1.80633,0.532182,,,,
1.80695,0.532133,,,,
1.80758,0.53194,,,,
1.80822,0.531698,,,,
1.80885,0.531456,,,,
1.80948,0.531359,,,,
1.81011,0.531117,,,,
1.81074,0.530923,,,,
1.81137,0.530972,,,,
1.81201,0.530585,,,,
1.81264,0.530343,,,,
1.81328,0.530294,,,,
1.81391,0.530246,,,,
1.81455,0.530198,,,,
1.81518,0.52981,,,,
1.81582,0.529714,,,,
1.81645,0.529762,,,,
1.81709,0.52981,,,,
1.81773,0.52952,,,,
1.81836,0.529472,,,,
1.819,0.529375,,,,
1.81964,0.528697,,,,
1.82028,0.527778,,,,
1.82092,0.527972,,,,
1.82156,0.527923,,,,
1.8222,0.528117,,,,
1.82284,0.528456,,,,
1.82348,0.528794,,,,
1.82412,0.528649,,,,
1.82476,0.528504,,,,
1.82541,0.527439,,,,
1.82605,0.52623,,,,
1.82669,0.526955,,,,
1.82734,0.527585,,,,
1.82798,0.527101,,,,
1.82863,0.526762,,,,
1.82927,0.526665,,,,
1.82992,0.526423,,,,
1.83056,0.525504,,,,
1.83121,0.525504,,,,
1.83186,0.52623,,,,
1.8325,0.526084,,,,
1.83315,0.526181,,,,
1.8338,0.525988,,,,
1.83445,0.525213,,,,
1.8351,0.524681,,,,
1.83575,0.524004,,,,
1.8364,0.523859,,,,
1.83705,0.52381,,,,
1.8377,0.523375,,,,
1.83835,0.524391,,,,
1.83901,0.524052,,,,
1.83966,0.522939,,,,
1.84031,0.523568,,,,
1.84096,0.523278,,,,
1.84162,0.521729,,,,
1.84227,0.522504,,,,
1.84293,0.523713,,,,
1.84358,0.523762,,,,
1.84424,0.523762,,,,
1.84489,0.523713,,,,
1.84555,0.523423,,,,
1.84621,0.521778,,,,
1.84687,0.520133,,,,
1.84753,0.520423,,,,
1.84818,0.520859,,,,
1.84884,0.521778,,,,
1.8495,0.522262,,,,
1.85016,0.522165,,,,
1.85082,0.521971,,,,
1.85148,0.521875,,,,
1.85214,0.521246,,,,
1.85281,0.520278,,,,
1.85347,0.519068,,,,
1.85413,0.519455,,,,
1.8548,0.52081,,,,
1.85546,0.520955,,,,
1.85612,0.519455,,,,
1.85679,0.519068,,,,
1.85745,0.519988,,,,
1.85812,0.520278,,,,
1.85879,0.519165,,,,
1.85945,0.517181,,,,
1.86012,0.517423,,,,
1.86079,0.518487,,,,
1.86146,0.519068,,,,
1.86212,0.518923,,,,
1.86279,0.518536,,,,
1.86346,0.517907,,,,
1.86413,0.517568,,,,
1.8648,0.517665,,,,
1.86547,0.517858,,,,
1.86615,0.517568,,,,
1.86682,0.51631,,,,
1.86749,0.51452,,,,
1.86816,0.514907,,,,
1.86884,0.515584,,,,
1.86951,0.5151,,,,
1.87018,0.513552,,,,
1.87086,0.512342,,,,
1.87154,0.513939,,,,
1.87221,0.513552,,,,
1.87289,0.511616,,,,
1.87357,0.512294,,,,
1.87424,0.51331,,,,
1.87492,0.512971,,,,
1.8756,0.512923,,,,
1.87628,0.512245,,,,
1.87696,0.511471,,,,
1.87764,0.5121,,,,
1.87832,0.51239,,,,
1.879,0.512052,,,,
1.87968,0.511616,,,,
1.88036,0.511181,,,,
1.88104,0.51089,,,,
1.88173,0.51089,,,,
1.88241,0.510503,,,,
1.88309,0.509681,,,,
1.88378,0.508519,,,,
1.88446,0.508568,,,,
1.88515,0.508616,,,,
1.88583,0.508132,,,,
1.88652,0.507648,,,,
1.88721,0.507551,,,,
1.88789,0.507164,,,,
1.88858,0.506632,,,,
1.88927,0.505616,,,,
1.88996,0.504406,,,,
1.89065,0.504503,,,,
1.89134,0.504309,,,,
1.89203,0.503777,,,,
1.89272,0.503535,,,,
1.89341,0.502858,,,,
1.8941,0.502713,,,,
1.89479,0.502519,,,,
1.89549,0.501938,,,,
1.89618,0.501164,,,,
1.89687,0.500438,,,,
1.89757,0.499616,,,,
1.89826,0.498987,,,,
1.89896,0.497487,,,,
1.89965,0.496567,,,,
1.90035,0.497003,,,,
1.90105,0.497632,,,,
1.90174,0.49739,,,,
1.90244,0.49589,,,,
1.90314,0.495696,,,,
1.90384,0.496229,,,,
1.90454,0.495067,,,,
1.90524,0.493857,,,,
1.90594,0.494051,,,,
1.90664,0.494003,,,,
1.90734,0.494583,,,,
1.90804,0.494922,,,,
1.90875,0.494874,,,,
1.90945,0.494486,,,,
1.91015,0.493954,,,,
1.91086,0.49347,,,,
1.91156,0.493277,,,,
1.91227,0.493422,,,,
1.91297,0.492406,,,,
1.91368,0.49197,,,,
1.91439,0.492793,,,,
1.91509,0.493325,,,,
1.9158,0.493083,,,,
1.91651,0.492841,,,,
1.91722,0.492986,,,,
1.91793,0.493083,,,,
1.91864,0.492793,,,,
1.91935,0.491777,,,,
1.92006,0.490664,,,,
1.92077,0.490761,,,,
1.92148,0.491922,,,,
1.92219,0.492115,,,,
1.92291,0.492067,,,,
1.92362,0.491438,,,,
1.92433,0.491535,,,,
1.92505,0.491922,,,,
1.92576,0.491874,,,,
1.92648,0.49139,,,,
1.92719,0.491244,,,,
1.92791,0.490954,,,,
1.92863,0.490567,,,,
1.92935,0.490857,,,,
1.93007,0.490809,,,,
1.93078,0.490712,,,,
1.9315,0.49047,,,,
1.93222,0.490228,,,,
1.93294,0.490083,,,,
1.93366,0.48989,,,,
1.93439,0.490035,,,,
1.93511,0.489986,,,,
1.93583,0.489357,,,,
1.93655,0.489115,,,,
1.93728,0.489164,,,,
1.938,0.488922,,,,
1.93873,0.488535,,,,
1.93945,0.488535,,,,
1.94018,0.488728,,,,
1.9409,0.488535,,,,
1.94163,0.488293,,,,
1.94236,0.488196,,,,
1.94309,0.488002,,,,
1.94382,0.487906,,,,
1.94454,0.487857,,,,
1.94527,0.487809,,,,
1.946,0.48776,,,,
1.94673,0.487422,,,,
1.94747,0.486889,,,,
1.9482,0.486793,,,,
1.94893,0.486889,,,,
1.94966,0.486357,,,,
1.9504,0.486067,,,,
1.95113,0.486164,,,,
1.95186,0.486018,,,,
1.9526,0.485535,,,,
1.95334,0.485293,,,,
1.95407,0.485147,,,,
1.95481,0.484857,,,,
1.95555,0.484615,,,,
1.95629,0.484325,,,,
1.95702,0.484131,,,,
1.95776,0.483889,,,,
1.9585,0.483647,,,,
1.95924,0.483599,,,,
1.95998,0.483405,,,,
1.96072,0.483164,,,,
1.96147,0.482825,,,,
1.96221,0.482389,,,,
1.96295,0.482196,,,,
1.96369,0.482099,,,,
1.96444,0.481954,,,,
1.96518,0.481615,,,,
1.96593,0.481373,,,,
1.96667,0.481083,,,,
1.96742,0.480696,,,,
1.96817,0.480309,,,,
1.96891,0.480018,,,,
1.96966,0.479825,,,,
1.97041,0.479728,,,,
1.97116,0.479438,,,,
1.97191,0.479099,,,,
1.97266,0.478954,,,,
1.97341,0.478809,,,,
1.97416,0.478518,,,,
1.97492,0.478228,,,,
1.97567,0.477938,,,,
1.97642,0.477502,,,,
1.97718,0.477163,,,,
1.97793,0.476921,,,,
1.97869,0.476728,,,,
1.97944,0.476776,,,,
1.9802,0.476825,,,,
1.98095,0.476486,,,,
1.98171,0.476196,,,,
1.98247,0.476002,,,,
1.98323,0.475518,,,,
1.98399,0.475373,,,,
1.98474,0.475179,,,,
1.98551,0.474841,,,,
1.98627,0.47426,,,,
1.98703,0.474115,,,,
1.98779,0.474018,,,,
1.98855,0.473873,,,,
1.98931,0.473679,,,,
1.99008,0.473292,,,,
1.99084,0.472953,,,,
1.99161,0.47276,,,,
1.99237,0.472421,,,,
1.99314,0.472228,,,,
1.99391,0.472179,,,,
1.99467,0.471841,,,,
1.99544,0.47155,,,,
1.99621,0.471308,,,,
1.99698,0.471018,,,,
1.99775,0.470921,,,,
1.99852,0.470873,,,,
1.99929,0.470534,,,,
2.00006,0.470098,,,,
2.00083,0.469905,,,,
2.0016,0.469615,,,,
2.00238,0.469227,,,,
2.00315,0.469082,,,,
2.00392,0.468986,,,,
2.0047,0.468647,,,,
2.00548,0.468453,,,,
2.00625,0.46826,,,,
2.00703,0.467921,,,,
2.00781,0.467776,,,,
2.00858,0.467921,,,,
2.00936,0.467727,,,,
2.01014,0.46734,,,,
2.01092,0.46705,,,,
2.0117,0.466856,,,,
2.01248,0.466663,,,,
2.01326,0.466324,,,,
2.01405,0.466082,,,,
2.01483,0.46584,,,,
2.01561,0.465889,,,,
2.0164,0.465695,,,,
2.01718,0.465405,,,,
2.01797,0.465163,,,,
2.01875,0.465066,,,,
2.01954,0.464872,,,,
2.02033,0.464582,,,,
2.02111,0.46434,,,,
2.0219,0.463905,,,,
2.02269,0.463711,,,,
2.02348,0.463566,,,,
2.02427,0.463518,,,,
2.02506,0.463227,,,,
2.02585,0.462889,,,,
2.02664,0.462695,,,,
2.02744,0.462501,,,,
2.02823,0.462211,,,,
2.02902,0.462066,,,,
2.02982,0.461776,,,,
2.03061,0.46134,,,,
2.03141,0.461001,,,,
2.0322,0.461001,,,,
2.033,0.460808,,,,
2.0338,0.460614,,,,
2.0346,0.460421,,,,
2.0354,0.46013,,,,
2.03619,0.45984,,,,
2.037,0.459695,,,,
2.0378,0.459405,,,,
2.0386,0.459163,,,,
2.0394,0.459114,,,,
2.0402,0.458872,,,,
2.04101,0.458388,,,,
2.04181,0.458098,,,,
2.04261,0.457904,,,,
2.04342,0.457566,,,,
2.04422,0.457469,,,,
2.04503,0.457324,,,,
2.04584,0.456888,,,,
2.04665,0.456598,,,,
2.04745,0.456453,,,,
2.04826,0.456114,,,,
2.04907,0.455872,,,,
2.04988,0.45563,,,,
2.05069,0.455437,,,,
2.05151,0.455291,,,,
2.05232,0.454856,,,,
2.05313,0.454421,,,,
2.05394,0.454275,,,,
2.05476,0.454179,,,,
2.05557,0.453791,,,,
2.05639,0.453404,,,,
2.0572,0.453211,,,,
2.05802,0.453017,,,,
2.05884,0.452775,,,,
2.05966,0.452291,,,,
2.06047,0.451904,,,,
2.06129,0.451566,,,,
2.06211,0.451324,,,,
2.06293,0.45113,,,,
2.06376,0.450743,,,,
2.06458,0.450404,,,,
2.0654,0.450162,,,,
2.06622,0.449775,,,,
2.06705,0.449582,,,,
2.06787,0.449291,,,,
2.0687,0.448952,,,,
2.06952,0.448614,,,,
2.07035,0.448275,,,,
2.07118,0.448033,,,,
2.072,0.447791,,,,
2.07283,0.447404,,,,
2.07366,0.447065,,,,
2.07449,0.44692,,,,
2.07532,0.446485,,,,
2.07615,0.446243,,,,
2.07699,0.446001,,,,
2.07782,0.445614,,,,
2.07865,0.445275,,,,
2.07948,0.444936,,,,
2.08032,0.444598,,,,
2.08115,0.444501,,,,
2.08199,0.44421,,,,
2.08283,0.443968,,,,
2.08366,0.44363,,,,
2.0845,0.443291,,,,
2.08534,0.442904,,,,
2.08618,0.442517,,,,
2.08702,0.44213,,,,
2.08786,0.441743,,,,
2.0887,0.441452,,,,
2.08954,0.441259,,,,
2.09039,0.441017,,,,
2.09123,0.440823,,,,
2.09207,0.440678,,,,
2.09292,0.440388,,,,
2.09376,0.440001,,,,
2.09461,0.43971,,,,
2.09545,0.439323,,,,
2.0963,0.43913,,,,
2.09715,0.438742,,,,
2.098,0.438259,,,,
2.09885,0.438017,,,,
2.0997,0.438065,,,,
2.10055,0.437726,,,,
2.1014,0.437339,,,,
2.10225,0.437049,,,,
2.10311,0.436904,,,,
2.10396,0.43671,,,,
2.10481,0.436226,,,,
2.10567,0.435839,,,,
2.10652,0.435839,,,,
2.10738,0.435646,,,,
2.10824,0.435355,,,,
2.10909,0.435065,,,,
2.10995,0.434823,,,,
2.11081,0.435588,,,,
2.11167,0.435731,,,,
2.11253,0.434823,,,,
2.11339,0.433915,,,,
2.11425,0.433485,,,,
2.11512,0.432768,,,,
2.11598,0.432242,,,,
2.11684,0.432195,,,,
2.11771,0.432147,,,,
2.11858,0.43186,,,,
2.11944,0.431526,,,,
2.12031,0.431,,,,
2.12118,0.430379,,,,
2.12204,0.430379,,,,
2.12291,0.430426,,,,
2.12378,0.429996,,,,
2.12465,0.429423,,,,
2.12553,0.428945,,,,
2.1264,0.428802,,,,
2.12727,0.428467,,,,
2.12814,0.427942,,,,
2.12902,0.427607,,,,
2.12989,0.427559,,,,
2.13077,0.427464,,,,
2.13164,0.426842,,,,
2.13252,0.425887,,,,
2.1334,0.425648,,,,
2.13428,0.425934,,,,
2.13515,0.425457,,,,
2.13603,0.424931,,,,
2.13691,0.424166,,,,
2.1378,0.423736,,,,
2.13868,0.423927,,,,
2.13956,0.424071,,,,
2.14044,0.423736,,,,
2.14133,0.423067,,,,
2.14221,0.422207,,,,
2.1431,0.421729,,,,
2.14399,0.421777,,,,
2.14487,0.421586,,,,
2.14576,0.421538,,,,
2.14665,0.421442,,,,
2.14754,0.421012,,,,
2.14843,0.421012,,,,
2.14932,0.420964,,,,
2.15021,0.420295,,,,
2.1511,0.419674,,,,
2.15199,0.41977,,,,
2.15289,0.419579,,,,
2.15378,0.41891,,,,
2.15468,0.418575,,,,
2.15557,0.418718,,,,
2.15647,0.418241,,,,
2.15737,0.417715,,,,
2.15827,0.417428,,,,
2.15916,0.417189,,,,
2.16006,0.416902,,,,
2.16096,0.416186,,,,
2.16186,0.415708,,,,
2.16277,0.416042,,,,
2.16367,0.416233,,,,
2.16457,0.416042,,,,
2.16548,0.415517,,,,
2.16638,0.415087,,,,
2.16729,0.41523,,,,
2.1682,0.414752,,,,
2.1691,0.414035,,,,
2.17001,0.413366,,,,
2.17092,0.413414,,,,
2.17183,0.413414,,,,
2.17274,0.412602,,,,
2.17365,0.412267,,,,
2.17456,0.412315,,,,
2.17547,0.412219,,,,
2.17639,0.411741,,,,
2.1773,0.411359,,,,
2.17822,0.411263,,,,
2.17913,0.411025,,,,
2.18005,0.410881,,,,
2.18097,0.410499,,,,
2.18188,0.409734,,,,
2.1828,0.409639,,,,
2.18372,0.409495,,,,
2.18464,0.409065,,,,
2.18556,0.408779,,,,
2.18648,0.408635,,,,
2.18741,0.408492,,,,
2.18833,0.40811,,,,
2.18925,0.407871,,,,
2.19018,0.407775,,,,
2.1911,0.407488,,,,
2.19203,0.407154,,,,
2.19296,0.406771,,,,
2.19389,0.406294,,,,
2.19482,0.405672,,,,
2.19575,0.405481,,,,
2.19668,0.405481,,,,
2.19761,0.405099,,,,
2.19854,0.405386,,,,
2.19947,0.405386,,,,
2.20041,0.404908,,,,
2.20134,0.404382,,,,
2.20228,0.403952,,,,
2.20321,0.403809,,,,
2.20415,0.403761,,,,
2.20508,0.403522,,,,
2.20602,0.403235,,,,
2.20696,0.403092,,,,
2.2079,0.402805,,,,
2.20884,0.402232,,,,
2.20978,0.401993,,,,
2.21073,0.401849,,,,
2.21167,0.401563,,,,
2.21261,0.401276,,,,
2.21356,0.40118,,,,
2.2145,0.400702,,,,
2.21545,0.400416,,,,
2.2164,0.400511,,,,
2.21735,0.400272,,,,
2.21829,0.399794,,,,
2.21924,0.399508,,,,
2.2202,0.399173,,,,
2.22115,0.398647,,,,
2.2221,0.398552,,,,
2.22305,0.398456,,,,
2.22401,0.397931,,,,
2.22496,0.397453,,,,
2.22591,0.396736,,,,
2.22687,0.396832,,,,
2.22783,0.396975,,,,
2.22878,0.396879,,,,
2.22974,0.396736,,,,
2.2307,0.396545,,,,
2.23166,0.395876,,,,
2.23263,0.395398,,,,
2.23359,0.394872,,,,
2.23455,0.394347,,,,
2.23551,0.393916,,,,
2.23648,0.393678,,,,
2.23744,0.393773,,,,
2.23841,0.393534,,,,
2.23937,0.3932,,,,
2.24034,0.392817,,,,
2.24131,0.392674,,,,
2.24228,0.392722,,,,
2.24325,0.392339,,,,
2.24422,0.39167,,,,
2.2452,0.391432,,,,
2.24617,0.391288,,,,
2.24714,0.390954,,,,
2.24812,0.390858,,,,
2.24909,0.390715,,,,
2.25007,0.39038,,,,
2.25104,0.39038,,,,
2.25202,0.390046,,,,
2.253,0.38995,,,,
2.25398,0.389854,,,,
2.25496,0.389233,,,,
2.25594,0.389042,,,,
2.25692,0.388803,,,,
2.25791,0.388469,,,,
2.25889,0.388325,,,,
2.25988,0.387991,,,,
2.26086,0.387608,,,,
2.26185,0.387465,,,,
2.26283,0.387083,,,,
2.26382,0.386987,,,,
2.26481,0.387178,,,,
2.2658,0.386748,,,,
2.26679,0.386175,,,,
2.26778,0.385745,,,,
2.26878,0.385506,,,,
2.26977,0.385267,,,,
2.27076,0.385171,,,,
2.27176,0.385123,,,,
2.27276,0.38455,,,,
2.27375,0.384072,,,,
2.27475,0.383929,,,,
2.27575,0.383547,,,,
2.27675,0.383642,,,,
2.27775,0.383738,,,,
2.27875,0.383308,,,,
2.27975,0.382973,,,,
2.28075,0.382447,,,,
2.28176,0.382113,,,,
2.28276,0.381683,,,,
2.28377,0.381444,,,,
2.28478,0.381061,,,,
2.28578,0.380966,,,,
2.28679,0.38087,,,,
2.2878,0.380679,,,,
2.28881,0.380536,,,,
2.28982,0.380392,,,,
2.29083,0.380058,,,,
2.29184,0.379867,,,,
2.29286,0.379389,,,,
2.29387,0.379007,,,,
2.29489,0.379007,,,,
2.29591,0.378672,,,,
2.29692,0.378529,,,,
2.29794,0.37872,,,,
2.29896,0.378624,,,,
2.29998,0.378672,,,,
2.301,0.378099,,,,
2.30202,0.377812,,,,
2.30305,0.377812,,,,
2.30407,0.377621,,,,
2.30509,0.377191,,,,
2.30612,0.376761,,,,
2.30714,0.376617,,,,
2.30817,0.376808,,,,
2.3092,0.376808,,,,
2.31023,0.376856,,,,
2.31126,0.376522,,,,
2.31229,0.376139,,,,
2.31332,0.3759,,,,
2.31435,0.375853,,,,
2.31539,0.375661,,,,
2.31642,0.375853,,,,
2.31746,0.375948,,,,
2.31849,0.375853,,,,
2.31953,0.375566,,,,
2.32057,0.375231,,,,
2.32161,0.37504,,,,
2.32265,0.375279,,,,
2.32369,0.375423,,,,
2.32473,0.375423,,,,
2.32578,0.375661,,,,
2.32682,0.375853,,,,
2.32786,0.375757,,,,
2.32891,0.375566,,,,
2.32996,0.375279,,,,
2.33101,0.375279,,,,
2.33205,0.375184,,,,
2.3331,0.375327,,,,
2.33415,0.375948,,,,
2.3352,0.376044,,,,
2.33626,0.375757,,,,
2.33731,0.375709,,,,
2.33836,0.375614,,,,
2.33942,0.37547,,,,
2.34048,0.375996,,,,
2.34153,0.376187,,,,
2.34259,0.375996,,,,
2.34365,0.37633,,,,
2.34471,0.376187,,,,
2.34577,0.376235,,,,
2.34683,0.376426,,,,
2.3479,0.376474,,,,
2.34896,0.376761,,,,
2.35002,0.376713,,,,
2.35109,0.376474,,,,
2.35216,0.376235,,,,
2.35323,0.37633,,,,
2.35429,0.376904,,,,
2.35536,0.376952,,,,
2.35643,0.376713,,,,
2.35751,0.376665,,,,
2.35858,0.376856,,,,
2.35965,0.377,,,,
2.36073,0.376665,,,,
2.3618,0.377,,,,
2.36288,0.377095,,,,
2.36395,0.377095,,,,
2.36503,0.377,,,,
2.36611,0.376808,,,,
2.36719,0.377143,,,,
2.36828,0.377095,,,,
2.36936,0.376761,,,,
2.37044,0.376808,,,,
2.37153,0.376856,,,,
2.37261,0.376856,,,,
2.3737,0.376713,,,,
2.37478,0.376713,,,,
2.37587,0.377047,,,,
2.37696,0.377,,,,
2.37805,0.377334,,,,
2.37914,0.377334,,,,
2.38024,0.377047,,,,
2.38133,0.377047,,,,
2.38242,0.376904,,,,
2.38352,0.376713,,,,
2.38461,0.376904,,,,
2.38571,0.376856,,,,
2.38681,0.376522,,,,
2.38791,0.376426,,,,
2.38901,0.377,,,,
2.39011,0.377286,,,,
2.39122,0.377286,,,,
2.39232,0.377573,,,,
2.39342,0.37743,,,,
2.39453,0.377047,,,,
2.39564,0.377191,,,,
2.39674,0.377573,,,,
2.39785,0.377669,,,,
2.39896,0.377812,,,,
2.40007,0.37829,,,,
2.40118,0.37829,,,,
2.4023,0.377908,,,,
2.40341,0.378146,,,,
2.40452,0.378768,,,,
2.40564,0.378768,,,,
2.40676,0.378815,,,,
2.40788,0.37872,,,,
2.40899,0.378624,,,,
2.41011,0.378911,,,,
2.41123,0.379198,,,,
2.41236,0.37915,,,,
2.41348,0.379246,,,,
2.4146,0.379676,,,,
2.41573,0.379962,,,,
2.41685,0.379915,,,,
2.41798,0.379819,,,,
2.41911,0.379867,,,,
2.42024,0.379819,,,,
2.42137,0.379723,,,,
2.4225,0.379962,,,,
2.42364,0.380297,,,,
2.42477,0.380727,,,,
2.4259,0.380918,,,,
2.42704,0.381014,,,,
2.42818,0.380918,,,,
2.42931,0.381061,,,,
2.43045,0.381396,,,,
2.43159,0.381396,,,,
2.43273,0.381109,,,,
2.43388,0.3813,,,,
2.43502,0.381348,,,,
2.43616,0.381587,,,,
2.43731,0.381969,,,,
2.43845,0.382352,,,,
2.4396,0.382352,,,,
2.44075,0.382591,,,,
2.4419,0.382639,,,,
2.44305,0.382782,,,,
2.4442,0.383164,,,,
2.44536,0.383403,,,,
2.44651,0.383594,,,,
2.44766,0.383547,,,,
2.44882,0.383308,,,,
2.44998,0.383642,,,,
2.45114,0.384072,,,,
2.4523,0.384598,,,,
2.45346,0.384789,,,,
2.45462,0.384932,,,,
2.45578,0.384932,,,,
2.45695,0.385267,,,,
2.45811,0.385315,,,,
2.45928,0.38541,,,,
2.46044,0.385745,,,,
2.46161,0.385793,,,,
2.46278,0.385936,,,,
2.46395,0.386175,,,,
2.46512,0.386175,,,,
2.4663,0.386605,,,,
2.46747,0.386844,,,,
2.46864,0.387035,,,,
2.46982,0.387131,,,,
2.471,0.38737,,,,
2.47218,0.387895,,,,
2.47336,0.388182,,,,
2.47454,0.388564,,,,
2.47572,0.388994,,,,
2.4769,0.389138,,,,
2.47809,0.389185,,,,
2.47927,0.389233,,,,
2.48046,0.389424,,,,
2.48164,0.38952,,,,
2.48283,0.389807,,,,
2.48402,0.389998,,,,
2.48521,0.390141,,,,
2.4864,0.390476,,,,
2.4876,0.390954,,,,
2.48879,0.391097,,,,
2.48999,0.391384,,,,
2.49118,0.391336,,,,
2.49238,0.391336,,,,
2.49358,0.391623,,,,
2.49478,0.391909,,,,
2.49598,0.392196,,,,
2.49718,0.39277,,,,
2.49839,0.392913,,,,
2.49959,0.392961,,,,
2.5008,0.393009,,,,
2.50201,0.3932,,,,
2.50321,0.393486,,,,
2.50442,0.39363,,,,
2.50563,0.393916,,,,
2.50684,0.394155,,,,
2.50806,0.394251,,,,
2.50927,0.394538,,,,
2.51049,0.394824,,,,
2.5117,0.395016,,,,
2.51292,0.395207,,,,
2.51414,0.395493,,,,
2.51536,0.395828,,,,
2.51658,0.396115,,,,
2.5178,0.396401,,,,
2.51903,0.396497,,,,
2.52025,0.396784,,,,
2.52148,0.397214,,,,
2.5227,0.397405,,,,
2.52393,0.397644,,,,
2.52516,0.398217,,,,
2.52639,0.398409,,,,
2.52762,0.398695,,,,
2.52886,0.398886,,,,
2.53009,0.398791,,,,
2.53132,0.39903,,,,
2.53256,0.399412,,,,
2.5338,0.399938,,,,
2.53504,0.399842,,,,
2.53628,0.400129,,,,
2.53752,0.400798,,,,
2.53876,0.401037,,,,
2.54001,0.40118,,,,
2.54125,0.401563,,,,
2.5425,0.401754,,,,
2.54375,0.402136,,,,
2.54499,0.402614,,,,
2.54624,0.402614,,,,
2.5475,0.402423,,,,
2.54875,0.402805,,,,
2.55,0.402996,,,,
2.55126,0.403187,,,,
2.55251,0.40357,,,,
2.55377,0.404573,,,,
2.55503,0.405386,,,,
2.55629,0.405768,,,,
2.55755,0.406007,,,,
2.55881,0.405768,,,,
2.56008,0.404334,,,,
2.56134,0.403474,,,,
2.56261,0.404095,,,,
2.56387,0.404908,,,,
2.56514,0.406533,,,,
2.56641,0.407918,,,,
2.56768,0.407249,,,,
2.56896,0.406294,,,,
2.57023,0.407202,,,,
2.57151,0.407823,,,,
2.57278,0.406485,,,,
2.57406,0.407488,,,,
2.57534,0.408396,,,,
2.57662,0.408253,,,,
2.5779,0.409352,,,,
2.57918,0.410021,,,,
2.58047,0.4094,,,,
2.58175,0.409448,,,,
2.58304,0.408253,,,,
2.58432,0.408826,,,,
2.58561,0.410021,,,,
2.5869,0.409687,,,,
2.5882,0.410451,,,,
2.58949,0.411502,,,,
2.59078,0.412363,,,,
2.59208,0.411407,,,,
2.59337,0.407345,,,,
2.59467,0.405051,,,,
2.59597,0.409448,,,,
2.59727,0.413318,,,,
2.59857,0.414418,,,,
2.59988,0.414083,,,,
2.60118,0.413653,,,,
2.60249,0.413223,,,,
2.60379,0.412124,,,,
2.6051,0.411263,,,,
2.60641,0.412458,,,,
2.60772,0.414035,,,,
2.60903,0.414465,,,,
2.61035,0.415469,,,,
2.61166,0.416233,,,,
2.61298,0.416138,,,,
2.6143,0.416233,,,,
2.61562,0.414322,,,,
2.61694,0.413653,,,,
2.61826,0.41523,,,,
2.61958,0.414561,,,,
2.62091,0.416042,,,,
2.62223,0.418049,,,,
2.62356,0.418432,,,,
2.62489,0.417667,,,,
2.62622,0.416186,,,,
2.62755,0.417237,,,,
2.62888,0.416377,,,,
2.63022,0.415039,,,,
2.63155,0.41738,,,,
2.63289,0.418193,,,,
2.63422,0.41848,,,,
2.63556,0.419435,,,,
2.6369,0.41977,,,,
2.63825,0.41977,,,,
2.63959,0.419579,,,,
2.64093,0.419387,,,,
2.64228,0.419149,,,,
2.64363,0.419149,,,,
2.64498,0.418671,,,,
2.64633,0.418862,,,,
2.64768,0.419387,,,,
2.64903,0.419483,,,,
2.65039,0.418766,,,,
2.65174,0.417476,,,,
2.6531,0.417428,,,,
2.65446,0.417476,,,,
2.65582,0.417428,,,,
2.65718,0.417667,,,,
2.65854,0.416329,,,,
2.6599,0.415421,,,,
2.66127,0.415421,,,,
2.66264,0.415087,,,,
2.664,0.412172,,,,
2.66538,0.409925,,,,
2.66674,0.409639,,,,
2.66812,0.40983,,,,
2.66949,0.406341,,,,
2.67087,0.405625,,,,
2.67224,0.40744,,,,
2.67362,0.406102,,,,
2.675,0.402662,,,,
2.67638,0.398886,,,,
2.67776,0.39621,,,,
2.67915,0.393056,,,,
2.68053,0.390141,,,,
2.68192,0.385267,,,,
2.68331,0.379007,,,,
2.6847,0.372077,,,,
2.68609,0.363953,,,,
2.68748,0.355304,,,,
2.68888,0.346367,,,,
2.69027,0.33638,,,,
2.69167,0.325293,,,,
2.69307,0.312916,,,,
2.69447,0.301399,,,,
2.69587,0.289978,,,,
2.69727,0.276979,,,,
2.69867,0.263455,,,,
2.70008,0.252655,,,,
2.70149,0.244722,,,,
2.7029,0.23722,,,,
2.70431,0.228092,,,,
2.70572,0.218535,,,,
2.70713,0.209455,,,,
2.70854,0.201856,,,,
2.70996,0.19703,,,,
2.71138,0.19574,,,,
2.7128,0.195883,,,,
2.71422,0.195787,,,,
2.71564,0.195596,,,,
2.71706,0.194736,,,,
2.71849,0.19335,,,,
2.71991,0.191678,,,,
2.72134,0.191439,,,,
2.72277,0.190817,,,,
2.7242,0.189718,,,,
2.72563,0.189623,,,,
2.72707,0.189145,,,,
2.7285,0.188046,,,,
2.72994,0.186755,,,,
2.73138,0.185179,,,,
2.73282,0.183506,,,,
2.73426,0.18169,,,,
2.7357,0.180495,,,,
2.73715,0.179109,,,,
2.73859,0.176959,,,,
2.74004,0.175334,,,,
2.74149,0.174761,,,,
2.74294,0.174235,,,,
2.74439,0.173231,,,,
2.74584,0.172324,,,,
2.7473,0.171511,,,,
2.74876,0.170794,,,,
2.75021,0.170077,,,,
2.75167,0.169695,,,,
2.75314,0.168978,,,,
2.7546,0.16807,,,,
2.75606,0.168453,,,,
2.75753,0.169074,,,,
2.759,0.16917,,,,
2.76046,0.168883,,,,
2.76194,0.168453,,,,
2.76341,0.168835,,,,
2.76488,0.169456,,,,
2.76636,0.1696,,,,
2.76783,0.169934,,,,
2.76931,0.170125,,,,
2.77079,0.170173,,,,
2.77228,0.170747,,,,
2.77376,0.171368,,,,
2.77524,0.171846,,,,
2.77673,0.172037,,,,
2.77822,0.172132,,,,
2.77971,0.172132,,,,
2.7812,0.172419,,,,
2.78269,0.172706,,,,
2.78418,0.172754,,,,
2.78568,0.172706,,,,
2.78718,0.172897,,,,
2.78868,0.173327,,,,
2.79018,0.173709,,,,
2.79168,0.174044,,,,
2.79319,0.174331,,,,
2.79469,0.174617,,,,
2.7962,0.174856,,,,
2.79771,0.174904,,,,
2.79922,0.175047,,,,
2.80073,0.175239,,,,
2.80225,0.175143,,,,
2.80376,0.175525,,,,
2.80528,0.176051,,,,
2.8068,0.176481,,,,
2.80832,0.177007,,,,
2.80984,0.177246,,,,
2.81136,0.17758,,,,
2.81289,0.177963,,,,
2.81442,0.178297,,,,
2.81595,0.178632,,,,
2.81747,0.178918,,,,
2.81901,0.179205,,,,
2.82054,0.179635,,,,
2.82208,0.17997,,,,
2.82361,0.1804,,,,
2.82515,0.180925,,,,
2.82669,0.181355,,,,
2.82823,0.181738,,,,
2.82978,0.182311,,,,
2.83132,0.182694,,,,
2.83287,0.18298,,,,
2.83442,0.18341,,,,
2.83597,0.183697,,,,
2.83752,0.183984,,,,
2.83908,0.184366,,,,
2.84063,0.184892,,,,
2.84219,0.18537,,,,
2.84375,0.185704,,,,
2.84531,0.1858,,,,
2.84687,0.185943,,,,
2.84844,0.186278,,,,
2.85,0.186564,,,,
2.85157,0.18709,,,,
2.85314,0.187377,,,,
2.85471,0.187616,,,,
2.85628,0.187711,,,,
2.85786,0.187998,,,,
2.85943,0.188237,,,,
2.86101,0.188094,,,,
2.86259,0.188189,,,,
2.86417,0.188428,,,,
2.86576,0.188667,,,,
2.86734,0.188906,,,,
2.86893,0.189049,,,,
2.87052,0.189097,,,,
2.87211,0.189193,,,,
2.8737,0.189288,,,,
2.87529,0.189288,,,,
2.87689,0.189193,,,,
2.87849,0.189288,,,,
2.88009,0.189623,,,,
2.88169,0.189718,,,,
2.88329,0.189575,,,,
2.88489,0.189623,,,,
2.8865,0.189766,,,,
2.88811,0.189862,,,,
2.88972,0.189862,,,,
2.89133,0.189671,,,,
2.89294,0.189718,,,,
2.89456,0.189957,,,,
2.89618,0.190292,,,,
2.89779,0.190483,,,,
2.89941,0.190626,,,,
2.90104,0.190674,,,,
2.90266,0.190817,,,,
2.90429,0.190913,,,,
2.90592,0.191104,,,,
2.90755,0.191391,,,,
2.90918,0.191678,,,,
2.91081,0.191917,,,,
2.91245,0.19206,,,,
2.91408,0.192251,,,,
2.91572,0.192394,,,,
2.91736,0.192538,,,,
2.91901,0.192825,,,,
2.92065,0.193016,,,,
2.9223,0.193159,,,,
2.92394,0.193446,,,,
2.92559,0.193876,,,,
2.92725,0.194019,,,,
2.9289,0.19421,,,,
2.93056,0.194641,,,,
2.93221,0.194927,,,,
2.93387,0.195214,,,,
2.93553,0.19531,,,,
2.9372,0.195596,,,,
2.93886,0.195835,,,,
2.94053,0.196074,,,,
2.9422,0.196456,,,,
2.94387,0.1966,,,,
2.94554,0.196839,,,,
2.94722,0.197221,,,,
2.94889,0.197556,,,,
2.95057,0.197747,,,,
2.95225,0.197986,,,,
2.95393,0.198511,,,,
2.95562,0.198989,,,,
2.9573,0.19918,,,,
2.95899,0.199372,,,,
2.96068,0.199658,,,,
2.96237,0.199802,,,,
2.96407,0.200232,,,,
2.96576,0.200566,,,,
2.96746,0.200853,,,,
2.96916,0.20114,,,,
2.97086,0.201618,,,,
2.97256,0.202,,,,
2.97427,0.202382,,,,
2.97598,0.202812,,,,
2.97769,0.203147,,,,
2.9794,0.203434,,,,
2.98111,0.203816,,,,
2.98283,0.204198,,,,
2.98454,0.204485,,,,
2.98626,0.204772,,,,
2.98799,0.205345,,,,
2.98971,0.205966,,,,
2.99143,0.206349,,,,
2.99316,0.20654,,,,
2.99489,0.206922,,,,
2.99662,0.2074,,,,
2.99835,0.207782,,,,
3.00009,0.208356,,,,
3.00183,0.209025,,,,
3.00357,0.209455,,,,
3.00531,0.209694,,,,
3.00705,0.210028,,,,
3.0088,0.210602,,,,
3.01054,0.210984,,,,
3.01229,0.211462,,,,
3.01404,0.211844,,,,
3.0158,0.212322,,,,
3.01755,0.212896,,,,
3.01931,0.213326,,,,
3.02107,0.213756,,,,
3.02283,0.214186,,,,
3.02459,0.214616,,,,
3.02636,0.215142,,,,
3.02813,0.215524,,,,
3.0299,0.215906,,,,
3.03167,0.216288,,,,
3.03344,0.216623,,,,
3.03522,0.217005,,,,
3.037,0.21734,,,,
3.03878,0.217674,,,,
3.04056,0.218104,,,,
3.04234,0.218535,,,,
3.04413,0.218869,,,,
3.04592,0.219204,,,,
3.04771,0.21949,,,,
3.0495,0.219873,,,,
3.0513,0.220159,,,,
3.05309,0.220446,,,,
3.05489,0.220589,,,,
3.05669,0.220733,,,,
3.0585,0.220924,,,,
3.0603,0.221211,,,,
3.06211,0.221545,,,,
3.06392,0.221784,,,,
3.06573,0.222071,,,,
3.06755,0.222405,,,,
3.06936,0.222644,,,,
3.07118,0.222788,,,,
3.073,0.223027,,,,
3.07482,0.223409,,,,
3.07665,0.223696,,,,
3.07848,0.22403,,,,
3.0803,0.224365,,,,
3.08214,0.224604,,,,
3.08397,0.224795,,,,
3.0858,0.225177,,,,
3.08764,0.225655,,,,
3.08948,0.225846,,,,
3.09133,0.226085,,,,
3.09317,0.226467,,,,
3.09502,0.22685,,,,
3.09687,0.227232,,,,
3.09872,0.227519,,,,
3.10057,0.227901,,,,
3.10243,0.228474,,,,
3.10428,0.228809,,,,
3.10614,0.229143,,,,
3.10801,0.229717,,,,
3.10987,0.230482,,,,
3.11174,0.231007,,,,
3.11361,0.231437,,,,
3.11548,0.231963,,,,
3.11735,0.232441,,,,
3.11923,0.232919,,,,
3.1211,0.233492,,,,
3.12298,0.234066,,,,
3.12487,0.234544,,,,
3.12675,0.235117,,,,
3.12864,0.235786,,,,
3.13053,0.236455,,,,
3.13242,0.237076,,,,
3.13431,0.23765,,,,
3.13621,0.238175,,,,
3.13811,0.238797,,,,
3.14001,0.239466,,,,
3.14191,0.240182,,,,
3.14382,0.240852,,,,
3.14573,0.241425,,,,
3.14764,0.241998,,,,
3.14955,0.242572,,,,
3.15146,0.243336,,,,
3.15338,0.244101,,,,
3.1553,0.244722,,,,
3.15722,0.245344,,,,
3.15914,0.246013,,,,
3.16107,0.246634,,,,
3.163,0.247303,,,,
3.16493,0.247924,,,,
3.16686,0.248545,,,,
3.1688,0.24931,,,,
3.17074,0.250027,,,,
3.17268,0.250839,,,,
3.17462,0.251556,,,,
3.17657,0.252082,,,,
3.17851,0.252894,,,,
3.18046,0.253611,,,,
3.18241,0.254184,,,,
3.18437,0.25471,,,,
3.18633,0.255427,,,,
3.18829,0.256191,,,,
3.19025,0.256813,,,,
3.19221,0.25753,,,,
3.19418,0.258151,,,,
3.19615,0.258724,,,,
3.19812,0.259537,,,,
3.20009,0.260158,,,,
3.20207,0.260684,,,,
3.20405,0.261353,,,,
3.20603,0.262213,,,,
3.20802,0.263025,,,,
3.21,0.263599,,,,
3.21199,0.264124,,,,
3.21398,0.264698,,,,
3.21598,0.26551,,,,
3.21797,0.266179,,,,
3.21997,0.266753,,,,
3.22197,0.267374,,,,
3.22398,0.268043,,,,
3.22598,0.268712,,,,
3.22799,0.269381,,,,
3.23,0.269954,,,,
3.23202,0.270528,,,,
3.23403,0.271149,,,,
3.23605,0.271914,,,,
3.23807,0.272535,,,,
3.2401,0.273013,,,,
3.24212,0.273539,,,,
3.24415,0.274303,,,,
3.24618,0.274972,,,,
3.24822,0.27545,,,,
3.25025,0.276167,,,,
3.25229,0.276836,,,,
3.25433,0.277409,,,,
3.25638,0.278031,,,,
3.25843,0.278652,,,,
3.26047,0.279273,,,,
3.26253,0.279942,,,,
3.26458,0.280516,,,,
3.26664,0.281041,,,,
3.2687,0.281615,,,,
3.27076,0.282188,,,,
3.27282,0.282857,,,,
3.27489,0.283478,,,,
3.27696,0.2841,,,,
3.27903,0.284673,,,,
3.28111,0.285247,,,,
3.28319,0.285772,,,,
3.28527,0.286489,,,,
3.28735,0.28711,,,,
3.28944,0.287588,,,,
3.29153,0.288066,,,,
3.29362,0.28864,,,,
3.29571,0.289165,,,,
3.29781,0.289643,,,,
3.29991,0.290121,,,,
3.30201,0.290694,,,,
3.30411,0.291124,,,,
3.30622,0.29165,,,,
3.30833,0.292271,,,,
3.31044,0.292749,,,,
3.31256,0.293227,,,,
3.31468,0.293848,,,,
3.3168,0.294422,,,,
3.31892,0.2949,,,,
3.32105,0.295378,,,,
3.32317,0.295951,,,,
3.32531,0.296477,,,,
3.32744,0.297002,,,,
3.32958,0.297337,,,,
3.33172,0.297671,,,,
3.33386,0.298102,,,,
3.33601,0.298579,,,,
3.33815,0.298962,,,,
3.34031,0.299392,,,,
3.34246,0.299679,,,,
3.34461,0.299822,,,,
3.34677,0.300109,,,,
3.34894,0.300539,,,,
3.3511,0.300778,,,,
3.35327,0.300969,,,,
3.35544,0.30116,,,,
3.35761,0.301399,,,,
3.35979,0.301494,,,,
3.36197,0.301447,,,,
3.36415,0.301399,,,,
3.36633,0.301399,,,,
3.36852,0.301494,,,,
3.37071,0.30159,,,,
3.3729,0.301638,,,,
3.3751,0.301877,,,,
3.3773,0.301925,,,,
3.3795,0.302068,,,,
3.38171,0.302307,,,,
3.38391,0.302594,,,,
3.38612,0.302976,,,,
3.38834,0.303406,,,,
3.39055,0.303788,,,,
3.39277,0.304362,,,,
3.39499,0.304744,,,,
3.39722,0.304744,,,,
3.39945,0.304648,,,,
3.40168,0.304505,,,,
3.40391,0.304362,,,,
3.40615,0.304218,,,,
3.40838,0.303979,,,,
3.41063,0.303932,,,,
3.41287,0.303979,,,,
3.41512,0.304362,,,,
3.41737,0.304792,,,,
3.41963,0.305413,,,,
3.42188,0.306369,,,,
3.42414,0.307564,,,,
3.42641,0.308758,,,,
3.42867,0.310001,,,,
3.43094,0.3111,,,,
3.43322,0.312008,,,,
3.43549,0.31282,,,,
3.43777,0.313489,,,,
3.44005,0.314111,,,,
3.44233,0.314827,,,,
3.44462,0.315353,,,,
3.44691,0.315926,,,,
3.4492,0.316595,,,,
3.4515,0.317121,,,,
3.4538,0.317647,,,,
3.4561,0.318316,,,,
3.45841,0.318889,,,,
3.46072,0.319272,,,,
3.46303,0.319654,,,,
3.46534,0.319893,,,,
3.46766,0.32018,,,,
3.46998,0.320275,,,,
3.47231,0.320275,,,,
3.47463,0.320419,,,,
3.47697,0.320514,,,,
3.4793,0.32061,,,,
3.48164,0.320801,,,,
3.48398,0.32104,,,,
3.48632,0.321231,,,,
3.48866,0.32147,,,,
3.49101,0.321852,,,,
3.49336,0.321996,,,,
3.49572,0.321948,,,,
3.49808,0.322139,,,,
3.50044,0.322378,,,,
3.50281,0.32276,,,,
3.50518,0.323525,,,,
3.50755,0.324385,,,,
3.50992,0.325245,,,,
3.5123,0.326201,,,,
3.51468,0.327109,,,,
3.51707,0.327921,,,,
3.51945,0.328638,,,,
3.52184,0.329498,,,,
3.52424,0.330358,,,,
3.52664,0.331266,,,,
3.52904,0.331935,,,,
3.53144,0.332557,,,,
3.53385,0.333274,,,,
3.53626,0.333799,,,,
3.53867,0.334325,,,,
3.54109,0.334898,,,,
3.54351,0.335281,,,,
3.54593,0.335615,,,,
3.54836,0.336093,,,,
3.55079,0.336571,,,,
3.55322,0.336905,,,,
3.55566,0.337288,,,,
3.5581,0.337718,,,,
3.56055,0.338148,,,,
3.56299,0.338435,,,,
3.56544,0.338626,,,,
3.5679,0.338817,,,,
3.57035,0.339295,,,,
3.57281,0.339725,,,,
3.57528,0.340155,,,,
3.57775,0.34049,,,,
3.58022,0.340776,,,,
3.58269,0.341111,,,,
3.58517,0.341397,,,,
3.58765,0.341541,,,,
3.59014,0.341828,,,,
3.59262,0.342066,,,,
3.59511,0.342353,,,,
3.59761,0.342592,,,,
3.60011,0.342879,,,,
3.60261,0.343166,,,,
3.60511,0.343405,,,,
3.60762,0.343596,,,,
3.61014,0.343882,,,,
3.61265,0.344169,,,,
3.61517,0.34436,,,,
3.61769,0.344599,,,,
3.62022,0.344838,,,,
3.62275,0.345029,,,,
3.62528,0.345316,,,,
3.62782,0.345555,,,,
3.63036,0.345698,,,,
3.6329,0.345842,,,,
3.63545,0.346033,,,,
3.638,0.34632,,,,
3.64056,0.346511,,,,
3.64312,0.346702,,,,
3.64568,0.346941,,,,
3.64824,0.347132,,,,
3.65081,0.347275,,,,
3.65339,0.347467,,,,
3.65596,0.347753,,,,
3.65854,0.347944,,,,
3.66113,0.348183,,,,
3.66371,0.348422,,,,
3.6663,0.348709,,,,
3.6689,0.3489,,,,
3.6715,0.349044,,,,
3.6741,0.349235,,,,
3.67671,0.349378,,,,
3.67931,0.349617,,,,
3.68193,0.349904,,,,
3.68454,0.350095,,,,
3.68716,0.350334,,,,
3.68979,0.350573,,,,
3.69242,0.350668,,,,
3.69505,0.350859,,,,
3.69768,0.351098,,,,
3.70032,0.351194,,,,
3.70297,0.351385,,,,
3.70561,0.351576,,,,
3.70826,0.351767,,,,
3.71092,0.352006,,,,
3.71358,0.352245,,,,
3.71624,0.352484,,,,
3.71891,0.352771,,,,
3.72158,0.35301,,,,
3.72425,0.353201,,,,
3.72693,0.353344,,,,
3.72961,0.353488,,,,
3.73229,0.353727,,,,
3.73498,0.354014,,,,
3.73767,0.354252,,,,
3.74037,0.354444,,,,
3.74307,0.354635,,,,
3.74578,0.354778,,,,
3.74849,0.355017,,,,
3.7512,0.355256,,,,
3.75391,0.355495,,,,
3.75663,0.355686,,,,
3.75936,0.355829,,,,
3.76209,0.355973,,,,
3.76482,0.356212,,,,
3.76755,0.356594,,,,
3.77029,0.356785,,,,
3.77304,0.356976,,,,
3.77578,0.357168,,,,
3.77854,0.357406,,,,
3.78129,0.35755,,,,
3.78405,0.357693,,,,
3.78682,0.357741,,,,
3.78959,0.357884,,,,
3.79236,0.358123,,,,
3.79513,0.358314,,,,
3.79792,0.358506,,,,
3.8007,0.358601,,,,
3.80349,0.358649,,,,
3.80628,0.358745,,,,
3.80908,0.358888,,,,
3.81188,0.359031,,,,
3.81468,0.359127,,,,
3.81749,0.359318,,,,
3.8203,0.359461,,,,
3.82312,0.359557,,,,
3.82594,0.3597,,,,
3.82877,0.359891,,,,
3.8316,0.359939,,,,
3.83443,0.360035,,,,
3.83727,0.36013,,,,
3.84011,0.360178,,,,
3.84296,0.360369,,,,
3.84581,0.360608,,,,
3.84867,0.360608,,,,
3.85153,0.360656,,,,
3.85439,0.360799,,,,
3.85726,0.360895,,,,
3.86013,0.361038,,,,
3.86301,0.361229,,,,
3.86589,0.361373,,,,
3.86877,0.361421,,,,
3.87166,0.361468,,,,
3.87455,0.361612,,,,
3.87745,0.361755,,,,
3.88036,0.361899,,,,
3.88326,0.361994,,,,
3.88617,0.36209,,,,
3.88909,0.362185,,,,
3.89201,0.362329,,,,
3.89493,0.362424,,,,
3.89786,0.362472,,,,
3.90079,0.362568,,,,
3.90373,0.362711,,,,
3.90667,0.362854,,,,
3.90962,0.36295,,,,
3.91257,0.36295,,,,
3.91552,0.36295,,,,
3.91848,0.362902,,,,
3.92145,0.362998,,,,
3.92442,0.362998,,,,
3.92739,0.363093,,,,
3.93037,0.363237,,,,
3.93335,0.363189,,,,
3.93634,0.363045,,,,
3.93933,0.36295,,,,
3.94232,0.362854,,,,
3.94532,0.362663,,,,
3.94833,0.36252,,,,
3.95134,0.362424,,,,
3.95435,0.362185,,,,
3.95737,0.36209,,,,
3.96039,0.36209,,,,
3.96342,0.36209,,,,
3.96645,0.362042,,,,
3.96949,0.36209,,,,
3.97253,0.361851,,,,
3.97558,0.361851,,,,
3.97863,0.361899,,,,
3.98169,0.361851,,,,
3.98474,0.362042,,,,
3.98781,0.362137,,,,
3.99088,0.362233,,,,
3.99396,0.362376,,,,
3.99703,0.362568,,,,
