Wavelength (µm) raw,Sanidine gds19.19876 raw,Wavelength (µm) bin avg,Sanidine gds19.19876 bin avg,Wavelength (µm) cubic spline of bin avg,Sanidine gds19.19876 cubic spline of bin avg
1.50353,0.772231,1.504,0.7725616153846153,1.504,0.7725616153846153
1.50396,0.772554,1.51399,0.773610304347826,1.5139810067114094,0.7736095108353938
1.5044,0.7725,1.52397,0.7747658636363636,1.523962013422819,0.7747645426456188
1.50483,0.772178,1.53395,0.7772832727272726,1.5339430201342281,0.777280802251758
1.50527,0.772231,1.54393,0.7814421363636364,1.5439240268456376,0.7814395955937609
1.50571,0.772124,1.55391,0.7853997142857142,1.553905033557047,0.785397805014115
1.50615,0.772339,1.56389,0.7891433809523809,1.5638860402684565,0.7891419873893579
1.50658,0.7725,1.57387,0.7923070476190477,1.5738670469798657,0.7923062082258412
1.50702,0.772714,1.58385,0.7950235238095238,1.5838480536912751,0.795022981384782
1.50746,0.772875,1.59383,0.7982371500000002,1.5938290604026846,0.7982367896151268
1.5079,0.773036,1.60381,0.8025839999999999,1.603810067114094,0.8025840308556569
1.50834,0.772983,1.6138,0.8070651,1.6137910738255035,0.8070612634059535
1.50878,0.773036,1.62378,0.8110227999999999,1.6237720805369127,0.8110199769873867
1.50921,0.773197,1.63376,0.8141575263157895,1.6337530872483221,0.8141556148502491
1.50965,0.773305,1.64374,0.8166403684210525,1.6437340939597316,0.8166390320642747
1.51009,0.772929,1.65372,0.8188971052631581,1.653715100671141,0.8188959138484515
1.51053,0.772983,1.6637,0.8217185789473683,1.6636961073825502,0.8217173042961607
1.51097,0.773251,1.67368,0.8252191666666667,1.6736771140939597,0.8252181642761296
1.51141,0.773573,1.68366,0.8284969999999999,1.6836581208053691,0.8284963971491236
1.51186,0.773788,1.69364,0.8314561111111112,1.6936391275167786,0.8314558979679374
1.5123,0.773627,1.70362,0.8332575294117647,1.703620134228188,0.833257547272909
1.51274,0.773358,1.7136,0.8344347222222223,1.7136011409395973,0.8344348577936502
1.51318,0.773519,1.72359,0.8356661176470588,1.7235821476510067,0.8356652122914586
1.51362,0.77368,1.73357,0.8370191666666665,1.7335631543624161,0.8370178216465195
1.51406,0.773734,1.74355,0.8395203529411763,1.7435441610738254,0.8395188515323432
1.51451,0.773734,1.75353,0.8418437058823528,1.7535251677852348,0.8418426174045783
1.51495,0.773734,1.76351,0.8440312500000002,1.7635061744966443,0.8440304931404489
1.51539,0.773358,1.77349,0.8455559411764708,1.7734871812080537,0.8455556611740386
1.51583,0.773573,1.78347,0.8460568749999999,1.7834681879194632,0.8460568499733359
1.51628,0.77368,1.79345,0.8460435624999999,1.7934491946308726,0.8460435689141088
1.51672,0.773895,1.80343,0.846033375,1.8034302013422818,0.8460333772118727
1.51717,0.773895,1.81341,0.8464728749999999,1.8134112080536913,0.8464729874487761
1.51761,0.773841,1.8234,0.8478661333333333,1.8233922147651007,0.8478648320021467
1.51805,0.773949,1.83338,0.849478125,1.83337322147651,0.8494771673477106
1.5185,0.774163,1.84336,0.8507676666666667,1.8433542281879194,0.850766858559367
1.51894,0.774271,1.85334,0.8520949333333333,1.8533352348993288,0.8520945269216313
1.51939,0.774324,1.86332,0.8519983333333335,1.8633162416107383,0.8519987506506662
1.51983,0.774271,1.8733,0.85062,1.8732972483221477,0.8506202320860846
1.52028,0.774324,1.88328,0.8504278666666667,1.8832782550335572,0.8504279081426329
1.52073,0.774378,1.89326,0.8495542857142856,1.8932592617449664,0.8495543897476695
1.52117,0.774217,1.90324,0.8484099999999999,1.9032402684563758,0.8484099948718613
1.52162,0.774217,1.91322,0.8492705714285714,1.9132212751677853,0.8492707398291801
1.52207,0.774378,1.92321,0.8506351428571428,1.9232022818791945,0.8506339133163018
1.52251,0.77411,1.93319,0.8523257142857144,1.933183288590604,0.8523247167553307
1.52296,0.774002,1.94317,0.8532814615384616,1.9431642953020134,0.8532812231302997
1.52341,0.774271,1.95315,0.8531958571428572,1.9531453020134228,0.8531961110793803
1.52385,0.7747,1.96313,0.8522864615384615,1.9631263087248323,0.8522869213303537
1.5243,0.774807,1.97311,0.8509802857142856,1.9731073154362415,0.8509805908194786
1.52475,0.774754,1.98309,0.8501564615384616,1.983088322147651,0.8501565641338027
1.5252,0.774861,1.99307,0.8497353846153847,1.9930693288590604,0.849735395354233
1.52565,0.77529,2.00305,0.8500656153846153,2.0030503355704696,0.8500656482146949
1.5261,0.775237,2.01303,0.851399076923077,2.013031342281879,0.8513992444071318
1.52655,0.774968,2.02301,0.8523749166666668,2.0230123489932885,0.8523751450420517
1.527,0.775505,2.033,0.8533185384615385,2.032993355704698,0.8533181193830934
1.52745,0.775773,2.04298,0.8534435833333335,2.0429743624161074,0.8534437436340199
1.5279,0.775559,2.05296,0.8528355000000002,2.052955369127517,0.8528359372059925
1.52835,0.775398,2.06294,0.8514938461538463,2.0629363758389263,0.8514944981915369
1.5288,0.775505,2.07292,0.8494412499999998,2.0729173825503358,0.8494417896251555
1.52925,0.775773,2.0829,0.8476703333333332,2.0828983892617448,0.8476705665583786
1.5297,0.775988,2.09288,0.8465617272727273,2.092879395973154,0.8465617757638791
1.53015,0.775773,2.10286,0.8460780833333333,2.1028604026845636,0.8460780782070534
1.5306,0.775827,2.11284,0.84636875,2.112841409395973,0.8463688531718578
1.53106,0.776203,2.12282,0.8473324545454546,2.1228224161073825,0.8473326889235819
1.53151,0.776525,2.13281,0.84814875,2.132803422818792,0.8481482658963485
1.53196,0.776686,2.14279,0.8487326363636364,2.1427844295302014,0.8487324734247462
1.53241,0.776578,2.15277,0.8485643636363637,2.152765436241611,0.8485646627923608
1.53287,0.776578,2.16275,0.8477615454545454,2.1627464429530203,0.8477617548318346
1.53332,0.7769,2.17273,0.8473855454545455,2.1727274496644293,0.8473856816398181
1.53377,0.777061,2.18271,0.8465165454545454,2.1827084563758388,0.8465167025299345
1.53423,0.777169,2.19269,0.845688181818182,2.192689463087248,0.8456882085522599
1.53468,0.777383,2.20267,0.8453759999999999,2.2026704697986577,0.8453759802986568
1.53514,0.777652,2.21265,0.8447632727272726,2.212651476510067,0.8447631833974993
1.53559,0.777598,2.22263,0.8443699,2.2226324832214766,0.8443698541080553
1.53605,0.77792,2.23262,0.8443565454545453,2.232613489932886,0.8443564662807614
1.5365,0.778296,2.2426,0.8444203,2.242594496644295,0.8444203825619186
1.53696,0.778671,2.25258,0.8440847,2.252575503355705,0.8440848520017182
1.53741,0.778725,2.26256,0.8437829000000001,2.262556510067114,0.8437830444520773
1.53787,0.778671,2.27254,0.8433356999999999,2.2725375167785233,0.8433357639802068
1.53832,0.778832,2.28252,0.8431121000000001,2.282518523489933,0.8431121844765683
1.53878,0.779423,2.2925,0.8422455,2.2924995302013422,0.8422455343260996
1.53924,0.779369,2.30248,0.8417985000000001,2.3024805369127517,0.8417984756266345
1.5397,0.779637,2.31246,0.8412617000000001,2.312461543624161,0.8412616365753501
1.54015,0.779798,2.32244,0.8411438888888889,2.3224425503355706,0.8411439220319721
1.54061,0.779798,2.33242,0.8410549999999999,2.3324235570469796,0.8410547401920633
1.54107,0.780227,2.34241,0.8400318888888889,2.3424045637583895,0.8400321873518878
1.54153,0.780388,2.35239,0.840242888888889,2.3523855704697985,0.8402426733413422
1.54198,0.780603,2.36237,0.8404175,2.362366577181208,0.8404175816043299
1.54244,0.780603,2.37235,0.8400320000000001,2.3723475838926174,0.8400320401656259
1.5429,0.780818,2.38233,0.8401312222222221,2.382328590604027,0.8401312162346156
1.54336,0.781462,2.39231,0.8399015555555556,2.3923095973154362,0.8399015714912376
1.54382,0.781569,2.40229,0.8393422222222221,2.4022906040268457,0.8393421720129545
1.54428,0.78173,2.41227,0.838355,2.412271610738255,0.8383548504746939
1.54474,0.782159,2.42225,0.8374354444444445,2.422252617449664,0.8374351336677535
1.5452,0.781945,2.43223,0.8360138749999999,2.432233624161074,0.8360133820312042
1.54566,0.781945,2.44222,0.834857888888889,2.442214630872483,0.8348584882739678
1.54612,0.782374,2.4522,0.8337150000000001,2.4521956375838925,0.8337154716278807
1.54659,0.782481,2.46218,0.832659875,2.462176644295302,0.8326602664644659
1.54705,0.782481,2.47216,0.8314727777777777,2.4721576510067114,0.8314730109423162
1.54751,0.782803,2.48214,0.8307523750000001,2.482138657718121,0.8307524551681464
1.54797,0.783018,2.49212,0.830165,2.4921196644295303,0.8301650184449351
1.54843,0.783179,2.5021,0.8297647777777778,2.5021006711409397,0.8297647661787249
1.5489,0.78334,2.51208,0.8297248749999999,2.5120816778523487,0.8297248612391919
1.54936,0.783662,2.52206,0.82967625,2.5220626845637586,0.8296763130298964
1.54982,0.783555,2.53204,0.8301861249999999,2.5320436912751676,0.830186320579036
1.55028,0.783984,2.54203,0.830465875,2.542024697986577,0.8304658650305675
1.55075,0.784091,2.55201,0.8309270000000001,2.5520057046979865,0.8309263039056832
1.55121,0.784574,2.56199,0.8330653749999999,2.561986711409396,0.8330649440025288
1.55168,0.784682,2.57197,0.8327157500000001,2.5719677181208054,0.8327160885655012
1.55214,0.784789,2.58195,0.832569,2.581948724832215,0.83256860051941
1.55261,0.785272,2.59193,0.8361585714285714,2.5919297315436243,0.8361585902335824
1.55307,0.785326,2.60191,0.8307243750000001,2.6019107382550333,0.8307239412609432
1.55354,0.784896,2.61189,0.8280609999999999,2.611891744966443,0.8280609758456645
1.554,0.784896,2.62187,0.8288306249999999,2.621872751677852,0.828830827953576
1.55447,0.785218,2.63185,0.8274938571428571,2.6318537583892616,0.8274921587148777
1.55493,0.785862,2.64183,0.821745125,2.641834765100671,0.8217432356650598
1.5554,0.786131,2.65182,0.8216164285714286,2.6518157718120805,0.8216152812285128
1.55587,0.786238,2.6618,0.8250082499999999,2.66179677852349,0.8250073087975229
1.55634,0.786399,2.67178,0.8236687142857143,2.671777785234899,0.8236705364869056
1.5568,0.786721,2.68176,0.8117135714285714,2.681758791946309,0.811714775559043
1.55727,0.786667,2.69174,0.8045344285714287,2.691739798657718,0.8045346182718605
1.55774,0.786721,2.70172,0.7926195714285714,2.7017208053691277,0.7926187868446741
1.55821,0.786828,2.7117,0.7878918571428571,2.7117018120805367,0.7878915607369394
1.55868,0.786882,2.72168,0.7821738571428571,2.721682818791946,0.782169595733308
1.55914,0.787311,2.73166,0.7604122857142857,2.7316638255033556,0.7604044397695923
1.55961,0.787687,2.74164,0.7446240000000001,2.741644832214765,0.7446164079839808
1.56008,0.787794,2.75163,0.7251464285714285,2.7516258389261745,0.7251558309361616
1.56055,0.788009,2.76161,0.704902,2.7616068456375835,0.704906181170078
1.56102,0.788116,2.77159,0.6978650000000001,2.7715878523489934,0.6978663754202522
1.56149,0.78817,2.78157,0.6888899999999999,2.7815688590604024,0.6888910564631666
1.56196,0.788385,2.79155,0.6813911428571429,2.7915498657718123,0.6813912244390887
1.56243,0.788331,2.80153,0.6752621666666666,2.8015308724832213,0.6752615214713351
1.5629,0.788653,2.81151,0.6672802857142858,2.8115118791946307,0.6672790153567365
1.56338,0.789243,2.82149,0.6621531666666666,2.82149288590604,0.6621517327522692
1.56385,0.78935,2.83147,0.6564671428571428,2.8314738926174496,0.6564648577515364
1.56432,0.78935,2.84145,0.6509821666666668,2.841454899328859,0.6509796534830332
1.56479,0.789404,2.85144,0.6458141428571428,2.851435906040268,0.6458164427221218
1.56526,0.789887,2.86142,0.6401281666666666,2.861416912751678,0.6401297136797329
1.56574,0.789994,2.8714,0.6360661666666666,2.871397919463087,0.6360669244721571
1.56621,0.790209,2.88138,0.6324041666666665,2.881378926174497,0.6324045573701699
1.56668,0.79037,2.89136,0.6290675714285714,2.891359932885906,0.6290675905012281
1.56716,0.79037,2.90134,0.6266746666666666,2.9013409395973153,0.6266744583342054
1.56763,0.79037,2.91132,0.6246623333333333,2.9113219463087248,0.6246620353051052
1.56811,0.790477,2.9213,0.6234788333333333,2.921302953020134,0.6234784600647343
1.56858,0.790531,2.93128,0.6220906666666667,2.9312839597315437,0.6220902139440619
1.56905,0.790907,2.94126,0.6213638333333334,2.9412649664429527,0.6213635752833613
1.56953,0.790799,2.95125,0.6208793333333333,2.9512459731543625,0.620879501635809
1.57,0.791282,2.96123,0.6205623333333333,2.9612269798657715,0.6205623987372646
1.57048,0.791658,2.97121,0.6205161666666665,2.9712079865771814,0.6205161279523544
1.57096,0.791765,2.98119,0.6209203999999999,2.9811889932885904,0.6209203472979448
1.57143,0.791765,2.99117,0.6213730000000001,2.99117,0.6213730000000001
1.57191,0.791551,,,,
1.57238,0.791658,,,,
1.57286,0.79198,,,,
1.57334,0.792195,,,,
1.57382,0.792356,,,,
1.57429,0.792248,,,,
1.57477,0.792463,,,,
1.57525,0.792892,,,,
1.57573,0.793053,,,,
1.57621,0.793,,,,
1.57669,0.793,,,,
1.57717,0.793053,,,,
1.57765,0.793429,,,,
1.57813,0.793697,,,,
1.57861,0.793697,,,,
1.57909,0.793429,,,,
1.57957,0.793536,,,,
1.58005,0.794073,,,,
1.58054,0.793966,,,,
1.58102,0.794073,,,,
1.5815,0.794288,,,,
1.58198,0.794556,,,,
1.58247,0.794824,,,,
1.58295,0.794878,,,,
1.58343,0.795039,,,,
1.58391,0.795146,,,,
1.5844,0.795361,,,,
1.58488,0.795415,,,,
1.58537,0.7952,,,,
1.58585,0.795307,,,,
1.58634,0.795522,,,,
1.58682,0.795897,,,,
1.58731,0.79638,,,,
1.5878,0.796058,,,,
1.58828,0.796112,,,,
1.58877,0.796434,,,,
1.58926,0.796595,,,,
1.58974,0.796702,,,,
1.59023,0.796863,,,,
1.59072,0.797078,,,,
1.59121,0.797454,,,,
1.5917,0.797722,,,,
1.59218,0.797722,,,,
1.59267,0.797561,,,,
1.59316,0.797668,,,,
1.59365,0.797829,,,,
1.59414,0.798098,,,,
1.59463,0.798366,,,,
1.59512,0.798849,,,,
1.59562,0.798956,,,,
1.59611,0.799117,,,,
1.5966,0.799117,,,,
1.59709,0.799547,,,,
1.59758,0.799922,,,,
1.59807,0.799869,,,,
1.59857,0.799708,,,,
1.59906,0.800137,,,,
1.59955,0.800405,,,,
1.60005,0.800727,,,,
1.60054,0.800888,,,,
1.60104,0.801371,,,,
1.60153,0.801479,,,,
1.60203,0.801801,,,,
1.60252,0.802069,,,,
1.60302,0.802176,,,,
1.60351,0.802176,,,,
1.60401,0.802498,,,,
1.60451,0.802874,,,,
1.605,0.803142,,,,
1.6055,0.803411,,,,
1.606,0.803733,,,,
1.60649,0.804054,,,,
1.60699,0.804376,,,,
1.60749,0.804806,,,,
1.60799,0.804859,,,,
1.60849,0.804698,,,,
1.60899,0.805074,,,,
1.60949,0.80545,,,,
1.60999,0.805557,,,,
1.61049,0.805825,,,,
1.61099,0.805718,,,,
1.61149,0.805879,,,,
1.61199,0.806255,,,,
1.61249,0.806577,,,,
1.61299,0.806899,,,,
1.61349,0.80706,,,,
1.614,0.80706,,,,
1.6145,0.807113,,,,
1.615,0.807435,,,,
1.6155,0.807865,,,,
1.61601,0.808509,,,,
1.61651,0.808455,,,,
1.61702,0.808455,,,,
1.61752,0.808562,,,,
1.61803,0.808777,,,,
1.61853,0.808777,,,,
1.61904,0.809153,,,,
1.61954,0.809206,,,,
1.62005,0.809689,,,,
1.62055,0.809958,,,,
1.62106,0.81028,,,,
1.62157,0.810333,,,,
1.62208,0.810655,,,,
1.62258,0.810816,,,,
1.62309,0.811031,,,,
1.6236,0.811031,,,,
1.62411,0.810923,,,,
1.62462,0.810977,,,,
1.62513,0.811567,,,,
1.62564,0.81189,,,,
1.62615,0.812104,,,,
1.62666,0.812158,,,,
1.62717,0.811997,,,,
1.62768,0.811943,,,,
1.62819,0.812158,,,,
1.6287,0.812587,,,,
1.62921,0.813177,,,,
1.62973,0.813446,,,,
1.63024,0.813392,,,,
1.63075,0.813177,,,,
1.63126,0.813392,,,,
1.63178,0.813607,,,,
1.63229,0.813714,,,,
1.6328,0.813768,,,,
1.63332,0.813768,,,,
1.63383,0.813768,,,,
1.63435,0.814304,,,,
1.63486,0.814412,,,,
1.63538,0.814465,,,,
1.6359,0.814734,,,,
1.63641,0.814948,,,,
1.63693,0.814895,,,,
1.63745,0.81527,,,,
1.63796,0.815378,,,,
1.63848,0.815378,,,,
1.639,0.81527,,,,
1.63952,0.815485,,,,
1.64004,0.815378,,,,
1.64055,0.815539,,,,
1.64108,0.815753,,,,
1.64159,0.816183,,,,
1.64211,0.81629,,,,
1.64263,0.816719,,,,
1.64315,0.816666,,,,
1.64368,0.816666,,,,
1.6442,0.816773,,,,
1.64472,0.816827,,,,
1.64524,0.817149,,,,
1.64576,0.817363,,,,
1.64629,0.817471,,,,
1.64681,0.817471,,,,
1.64733,0.817471,,,,
1.64786,0.817739,,,,
1.64838,0.817954,,,,
1.6489,0.818168,,,,
1.64943,0.818115,,,,
1.64995,0.818061,,,,
1.65048,0.818383,,,,
1.651,0.818383,,,,
1.65153,0.818168,,,,
1.65206,0.818598,,,,
1.65258,0.818759,,,,
1.65311,0.819081,,,,
1.65364,0.819134,,,,
1.65417,0.819242,,,,
1.65469,0.819081,,,,
1.65522,0.819027,,,,
1.65575,0.819188,,,,
1.65628,0.819402,,,,
1.65681,0.819349,,,,
1.65734,0.819295,,,,
1.65787,0.819725,,,,
1.6584,0.819886,,,,
1.65893,0.819778,,,,
1.65946,0.820476,,,,
1.65999,0.820691,,,,
1.66052,0.820583,,,,
1.66105,0.820691,,,,
1.66159,0.821066,,,,
1.66212,0.82112,,,,
1.66265,0.821066,,,,
1.66319,0.821442,,,,
1.66372,0.821817,,,,
1.66426,0.821978,,,,
1.66479,0.821978,,,,
1.66532,0.822086,,,,
1.66586,0.822569,,,,
1.6664,0.82273,,,,
1.66693,0.822944,,,,
1.66747,0.823213,,,,
1.668,0.823266,,,,
1.66854,0.823159,,,,
1.66908,0.823588,,,,
1.66962,0.824286,,,,
1.67015,0.824447,,,,
1.67069,0.824179,,,,
1.67123,0.824179,,,,
1.67177,0.824232,,,,
1.67231,0.824501,,,,
1.67285,0.824823,,,,
1.67339,0.82493,,,,
1.67393,0.825037,,,,
1.67447,0.825359,,,,
1.67501,0.825896,,,,
1.67555,0.826057,,,,
1.67609,0.826057,,,,
1.67664,0.826379,,,,
1.67718,0.826647,,,,
1.67772,0.826647,,,,
1.67826,0.826701,,,,
1.67881,0.827023,,,,
1.67935,0.827237,,,,
1.67989,0.827506,,,,
1.68044,0.827237,,,,
1.68098,0.827398,,,,
1.68153,0.827828,,,,
1.68207,0.82815,,,,
1.68262,0.828257,,,,
1.68317,0.828364,,,,
1.68371,0.828472,,,,
1.68426,0.828686,,,,
1.68481,0.828794,,,,
1.68536,0.828686,,,,
1.6859,0.828901,,,,
1.68645,0.829491,,,,
1.687,0.829652,,,,
1.68755,0.829652,,,,
1.6881,0.829974,,,,
1.68865,0.830135,,,,
1.6892,0.830135,,,,
1.68975,0.830243,,,,
1.6903,0.830189,,,,
1.69085,0.830404,,,,
1.69141,0.83094,,,,
1.69196,0.831209,,,,
1.69251,0.83137,,,,
1.69306,0.831531,,,,
1.69362,0.831638,,,,
1.69417,0.831638,,,,
1.69472,0.831745,,,,
1.69528,0.831745,,,,
1.69583,0.831745,,,,
1.69639,0.832228,,,,
1.69694,0.832497,,,,
1.6975,0.832443,,,,
1.69805,0.832067,,,,
1.69861,0.832443,,,,
1.69917,0.832819,,,,
1.69972,0.832819,,,,
1.70028,0.832819,,,,
1.70084,0.832872,,,,
1.7014,0.832819,,,,
1.70196,0.832711,,,,
1.70251,0.83298,,,,
1.70307,0.833194,,,,
1.70363,0.833463,,,,
1.70419,0.833624,,,,
1.70475,0.83357,,,,
1.70531,0.833463,,,,
1.70588,0.83357,,,,
1.70644,0.833677,,,,
1.707,0.83357,,,,
1.70756,0.833677,,,,
1.70812,0.833731,,,,
1.70869,0.833785,,,,
1.70925,0.833624,,,,
1.70981,0.833731,,,,
1.71038,0.834053,,,,
1.71094,0.834214,,,,
1.71151,0.834214,,,,
1.71207,0.834268,,,,
1.71264,0.834268,,,,
1.7132,0.834321,,,,
1.71377,0.834214,,,,
1.71434,0.834536,,,,
1.7149,0.834858,,,,
1.71547,0.834965,,,,
1.71604,0.834912,,,,
1.71661,0.834858,,,,
1.71718,0.834858,,,,
1.71775,0.835073,,,,
1.71831,0.835073,,,,
1.71888,0.83518,,,,
1.71945,0.835395,,,,
1.72002,0.835287,,,,
1.7206,0.835341,,,,
1.72117,0.835502,,,,
1.72174,0.835234,,,,
1.72231,0.835663,,,,
1.72288,0.83577,,,,
1.72345,0.835502,,,,
1.72403,0.835556,,,,
1.7246,0.835609,,,,
1.72518,0.835877,,,,
1.72575,0.836039,,,,
1.72633,0.836146,,,,
1.7269,0.836146,,,,
1.72748,0.835985,,,,
1.72805,0.836092,,,,
1.72863,0.836092,,,,
1.7292,0.83636,,,,
1.72978,0.83636,,,,
1.73036,0.83636,,,,
1.73094,0.836414,,,,
1.73151,0.836521,,,,
1.73209,0.836468,,,,
1.73267,0.836682,,,,
1.73325,0.836897,,,,
1.73383,0.837273,,,,
1.73441,0.83738,,,,
1.73499,0.837112,,,,
1.73557,0.837058,,,,
1.73615,0.837487,,,,
1.73673,0.837756,,,,
1.73732,0.83797,,,,
1.7379,0.838185,,,,
1.73848,0.83797,,,,
1.73907,0.838131,,,,
1.73965,0.8384,,,,
1.74023,0.838561,,,,
1.74082,0.838722,,,,
1.7414,0.83899,,,,
1.74199,0.838936,,,,
1.74257,0.83899,,,,
1.74316,0.839258,,,,
1.74375,0.839205,,,,
1.74433,0.839634,,,,
1.74492,0.840117,,,,
1.74551,0.840278,,,,
1.74609,0.840332,,,,
1.74668,0.840439,,,,
1.74727,0.840546,,,,
1.74786,0.8406,,,,
1.74845,0.840707,,,,
1.74904,0.840761,,,,
1.74963,0.840761,,,,
1.75022,0.840707,,,,
1.75081,0.841029,,,,
1.7514,0.841405,,,,
1.75199,0.841405,,,,
1.75259,0.841781,,,,
1.75318,0.841834,,,,
1.75377,0.841727,,,,
1.75437,0.841781,,,,
1.75496,0.841888,,,,
1.75555,0.842317,,,,
1.75615,0.842639,,,,
1.75675,0.8428,,,,
1.75734,0.842854,,,,
1.75794,0.8428,,,,
1.75853,0.842854,,,,
1.75913,0.843015,,,,
1.75973,0.843122,,,,
1.76032,0.843283,,,,
1.76092,0.843552,,,,
1.76152,0.843605,,,,
1.76212,0.843552,,,,
1.76272,0.843713,,,,
1.76332,0.843981,,,,
1.76392,0.843981,,,,
1.76452,0.844357,,,,
1.76512,0.844518,,,,
1.76572,0.844518,,,,
1.76632,0.844571,,,,
1.76692,0.844839,,,,
1.76753,0.844893,,,,
1.76813,0.845,,,,
1.76873,0.845269,,,,
1.76934,0.845322,,,,
1.76994,0.845108,,,,
1.77055,0.845161,,,,
1.77115,0.845215,,,,
1.77175,0.84543,,,,
1.77236,0.845537,,,,
1.77297,0.845537,,,,
1.77357,0.84543,,,,
1.77418,0.84543,,,,
1.77479,0.845644,,,,
1.7754,0.845859,,,,
1.776,0.845966,,,,
1.77661,0.845966,,,,
1.77722,0.845913,,,,
1.77783,0.845859,,,,
1.77844,0.845805,,,,
1.77905,0.845859,,,,
1.77966,0.845805,,,,
1.78027,0.845913,,,,
1.78088,0.84602,,,,
1.7815,0.84602,,,,
1.78211,0.84602,,,,
1.78272,0.84602,,,,
1.78333,0.846074,,,,
1.78395,0.84602,,,,
1.78456,0.846127,,,,
1.78518,0.846342,,,,
1.78579,0.846342,,,,
1.78641,0.846181,,,,
1.78702,0.845966,,,,
1.78764,0.84602,,,,
1.78826,0.846181,,,,
1.78887,0.845859,,,,
1.78949,0.845859,,,,
1.79011,0.845913,,,,
1.79073,0.846074,,,,
1.79135,0.846074,,,,
1.79197,0.846074,,,,
1.79259,0.846181,,,,
1.7932,0.846181,,,,
1.79383,0.846127,,,,
1.79445,0.846074,,,,
1.79507,0.846235,,,,
1.79569,0.845966,,,,
1.79631,0.846127,,,,
1.79693,0.845966,,,,
1.79756,0.845913,,,,
1.79818,0.846074,,,,
1.7988,0.846235,,,,
1.79943,0.846127,,,,
1.80005,0.84602,,,,
1.80068,0.84602,,,,
1.8013,0.845859,,,,
1.80193,0.845913,,,,
1.80256,0.84602,,,,
1.80318,0.846181,,,,
1.80381,0.846181,,,,
1.80444,0.84602,,,,
1.80507,0.84602,,,,
1.8057,0.845913,,,,
1.80633,0.845966,,,,
1.80696,0.845966,,,,
1.80758,0.845966,,,,
1.80822,0.846127,,,,
1.80885,0.846342,,,,
1.80948,0.846235,,,,
1.81011,0.846181,,,,
1.81074,0.846235,,,,
1.81137,0.846127,,,,
1.81201,0.846127,,,,
1.81264,0.846503,,,,
1.81327,0.846718,,,,
1.81391,0.846396,,,,
1.81455,0.846127,,,,
1.81518,0.846181,,,,
1.81582,0.84661,,,,
1.81645,0.846718,,,,
1.81709,0.84704,,,,
1.81773,0.846879,,,,
1.81836,0.847147,,,,
1.819,0.847469,,,,
1.81964,0.847147,,,,
1.82028,0.846825,,,,
1.82092,0.847415,,,,
1.82156,0.847469,,,,
1.8222,0.847684,,,,
1.82284,0.847952,,,,
1.82348,0.848167,,,,
1.82412,0.848381,,,,
1.82476,0.848435,,,,
1.82541,0.847952,,,,
1.82605,0.84763,,,,
1.82669,0.848274,,,,
1.82734,0.84865,,,,
1.82798,0.848542,,,,
1.82863,0.84865,,,,
1.82927,0.848864,,,,
1.82992,0.849079,,,,
1.83056,0.848811,,,,
1.83121,0.848918,,,,
1.83186,0.849294,,,,
1.8325,0.849455,,,,
1.83315,0.849723,,,,
1.8338,0.84983,,,,
1.83445,0.849669,,,,
1.8351,0.849669,,,,
1.83575,0.849347,,,,
1.8364,0.849777,,,,
1.83705,0.849991,,,,
1.8377,0.849938,,,,
1.83835,0.850635,,,,
1.83901,0.850313,,,,
1.83966,0.849669,,,,
1.84031,0.85026,,,,
1.84096,0.850206,,,,
1.84162,0.849669,,,,
1.84227,0.850689,,,,
1.84293,0.851494,,,,
1.84358,0.851709,,,,
1.84424,0.851601,,,,
1.84489,0.851601,,,,
1.84555,0.85144,,,,
1.84621,0.850689,,,,
1.84687,0.850206,,,,
1.84753,0.850743,,,,
1.84818,0.851226,,,,
1.84884,0.851977,,,,
1.8495,0.852031,,,,
1.85016,0.851977,,,,
1.85082,0.85187,,,,
1.85148,0.852299,,,,
1.85214,0.852084,,,,
1.85281,0.851655,,,,
1.85347,0.851226,,,,
1.85413,0.851762,,,,
1.8548,0.852513,,,,
1.85546,0.852567,,,,
1.85612,0.851762,,,,
1.85679,0.852084,,,,
1.85745,0.852889,,,,
1.85812,0.852728,,,,
1.85879,0.851977,,,,
1.85945,0.851172,,,,
1.86012,0.851655,,,,
1.86079,0.852406,,,,
1.86146,0.852513,,,,
1.86212,0.852406,,,,
1.86279,0.852299,,,,
1.86346,0.852245,,,,
1.86413,0.852192,,,,
1.8648,0.852353,,,,
1.86547,0.852513,,,,
1.86615,0.85246,,,,
1.86682,0.851709,,,,
1.86749,0.850796,,,,
1.86816,0.851279,,,,
1.86884,0.851548,,,,
1.86951,0.851548,,,,
1.87018,0.850689,,,,
1.87086,0.850099,,,,
1.87154,0.85085,,,,
1.87221,0.850206,,,,
1.87289,0.849562,,,,
1.87356,0.850474,,,,
1.87424,0.851279,,,,
1.87492,0.850796,,,,
1.8756,0.850689,,,,
1.87628,0.850099,,,,
1.87696,0.850045,,,,
1.87764,0.850796,,,,
1.87832,0.851065,,,,
1.879,0.851011,,,,
1.87968,0.850957,,,,
1.88036,0.850635,,,,
1.88104,0.850474,,,,
1.88173,0.850582,,,,
1.88241,0.850528,,,,
1.88309,0.850099,,,,
1.88378,0.849777,,,,
1.88446,0.850152,,,,
1.88515,0.850421,,,,
1.88583,0.850206,,,,
1.88652,0.850099,,,,
1.88721,0.850152,,,,
1.88789,0.85026,,,,
1.88858,0.850099,,,,
1.88927,0.849508,,,,
1.88996,0.849186,,,,
1.89065,0.849669,,,,
1.89134,0.849562,,,,
1.89203,0.849401,,,,
1.89272,0.849562,,,,
1.89341,0.849455,,,,
1.8941,0.849562,,,,
1.89479,0.849669,,,,
1.89549,0.849991,,,,
1.89618,0.849777,,,,
1.89687,0.849347,,,,
1.89757,0.848972,,,,
1.89826,0.848811,,,,
1.89896,0.848435,,,,
1.89965,0.848328,,,,
1.90035,0.848918,,,,
1.90105,0.849025,,,,
1.90174,0.848757,,,,
1.90244,0.848113,,,,
1.90314,0.848489,,,,
1.90384,0.848864,,,,
1.90454,0.848113,,,,
1.90524,0.847147,,,,
1.90594,0.847308,,,,
1.90664,0.847684,,,,
1.90734,0.848596,,,,
1.90804,0.849562,,,,
1.90875,0.849401,,,,
1.90945,0.849079,,,,
1.91015,0.849025,,,,
1.91086,0.849025,,,,
1.91156,0.849079,,,,
1.91227,0.849186,,,,
1.91297,0.848596,,,,
1.91368,0.848864,,,,
1.91439,0.849562,,,,
1.91509,0.849455,,,,
1.9158,0.84924,,,,
1.91651,0.849508,,,,
1.91722,0.84983,,,,
1.91793,0.849938,,,,
1.91864,0.850152,,,,
1.91935,0.849669,,,,
1.92006,0.849025,,,,
1.92077,0.849562,,,,
1.92148,0.850474,,,,
1.92219,0.850957,,,,
1.92291,0.850904,,,,
1.92362,0.850635,,,,
1.92433,0.850796,,,,
1.92505,0.851333,,,,
1.92576,0.85144,,,,
1.92648,0.851333,,,,
1.92719,0.851172,,,,
1.92791,0.85144,,,,
1.92863,0.851548,,,,
1.92935,0.851762,,,,
1.93006,0.852031,,,,
1.93078,0.852031,,,,
1.9315,0.852084,,,,
1.93222,0.852299,,,,
1.93294,0.852353,,,,
1.93366,0.852245,,,,
1.93439,0.852245,,,,
1.93511,0.852513,,,,
1.93583,0.852674,,,,
1.93655,0.852835,,,,
1.93728,0.852943,,,,
1.938,0.852997,,,,
1.93873,0.852997,,,,
1.93945,0.852889,,,,
1.94018,0.852997,,,,
1.9409,0.852997,,,,
1.94163,0.853104,,,,
1.94236,0.853372,,,,
1.94309,0.853533,,,,
1.94382,0.853479,,,,
1.94454,0.853319,,,,
1.94527,0.853533,,,,
1.946,0.853587,,,,
1.94674,0.853533,,,,
1.94747,0.853319,,,,
1.9482,0.853319,,,,
1.94893,0.853372,,,,
1.94966,0.853319,,,,
1.9504,0.853372,,,,
1.95113,0.853479,,,,
1.95186,0.853265,,,,
1.9526,0.853104,,,,
1.95334,0.853265,,,,
1.95407,0.853211,,,,
1.95481,0.853265,,,,
1.95555,0.853157,,,,
1.95629,0.852943,,,,
1.95702,0.852782,,,,
1.95776,0.852889,,,,
1.9585,0.852943,,,,
1.95924,0.852835,,,,
1.95998,0.852674,,,,
1.96072,0.852782,,,,
1.96147,0.85246,,,,
1.96221,0.852138,,,,
1.96295,0.852245,,,,
1.96369,0.852192,,,,
1.96444,0.852138,,,,
1.96518,0.851977,,,,
1.96593,0.851816,,,,
1.96667,0.851762,,,,
1.96742,0.851762,,,,
1.96817,0.851494,,,,
1.96891,0.851333,,,,
1.96966,0.851172,,,,
1.97041,0.851226,,,,
1.97116,0.851279,,,,
1.97191,0.851226,,,,
1.97266,0.851118,,,,
1.97341,0.851011,,,,
1.97416,0.850796,,,,
1.97492,0.850635,,,,
1.97567,0.85085,,,,
1.97642,0.850582,,,,
1.97718,0.850474,,,,
1.97793,0.850528,,,,
1.97869,0.850635,,,,
1.97944,0.850689,,,,
1.9802,0.850528,,,,
1.98095,0.85026,,,,
1.98171,0.850045,,,,
1.98247,0.849991,,,,
1.98323,0.850099,,,,
1.98399,0.850045,,,,
1.98474,0.850045,,,,
1.98551,0.849884,,,,
1.98627,0.849884,,,,
1.98703,0.84983,,,,
1.98779,0.850099,,,,
1.98855,0.850045,,,,
1.98931,0.849777,,,,
1.99008,0.849616,,,,
1.99084,0.849669,,,,
1.99161,0.849562,,,,
1.99237,0.849508,,,,
1.99314,0.849669,,,,
1.99391,0.849884,,,,
1.99467,0.849991,,,,
1.99544,0.849723,,,,
1.99621,0.849777,,,,
1.99698,0.849777,,,,
1.99775,0.849562,,,,
1.99852,0.849723,,,,
1.99929,0.849938,,,,
2.00006,0.84983,,,,
2.00083,0.849669,,,,
2.0016,0.849777,,,,
2.00238,0.849884,,,,
2.00315,0.84983,,,,
2.00393,0.850045,,,,
2.0047,0.850206,,,,
2.00548,0.850152,,,,
2.00625,0.850528,,,,
2.00703,0.850689,,,,
2.00781,0.850582,,,,
2.00858,0.850743,,,,
2.00936,0.85085,,,,
2.01014,0.850957,,,,
2.01092,0.851226,,,,
2.0117,0.851333,,,,
2.01248,0.851333,,,,
2.01326,0.851279,,,,
2.01405,0.851333,,,,
2.01483,0.851548,,,,
2.01561,0.851655,,,,
2.0164,0.851923,,,,
2.01718,0.852138,,,,
2.01797,0.85187,,,,
2.01875,0.851655,,,,
2.01954,0.851816,,,,
2.02033,0.852084,,,,
2.02111,0.852299,,,,
2.0219,0.852353,,,,
2.02269,0.852406,,,,
2.02348,0.852353,,,,
2.02427,0.852353,,,,
2.02506,0.852621,,,,
2.02585,0.852835,,,,
2.02664,0.852889,,,,
2.02744,0.852835,,,,
2.02823,0.853104,,,,
2.02902,0.853319,,,,
2.02982,0.853157,,,,
2.03061,0.853104,,,,
2.03141,0.853265,,,,
2.0322,0.853426,,,,
2.033,0.85364,,,,
2.0338,0.853426,,,,
2.0346,0.853157,,,,
2.0354,0.853265,,,,
2.0362,0.853372,,,,
2.037,0.853319,,,,
2.0378,0.853587,,,,
2.0386,0.853587,,,,
2.0394,0.853533,,,,
2.0402,0.853533,,,,
2.04101,0.853533,,,,
2.04181,0.853479,,,,
2.04261,0.853533,,,,
2.04342,0.853479,,,,
2.04422,0.853372,,,,
2.04503,0.853211,,,,
2.04584,0.853265,,,,
2.04665,0.853372,,,,
2.04745,0.853426,,,,
2.04826,0.853265,,,,
2.04907,0.853157,,,,
2.04988,0.852997,,,,
2.05069,0.853104,,,,
2.05151,0.852835,,,,
2.05232,0.852835,,,,
2.05313,0.852997,,,,
2.05394,0.852782,,,,
2.05476,0.852621,,,,
2.05557,0.852567,,,,
2.05639,0.852513,,,,
2.0572,0.852353,,,,
2.05802,0.852353,,,,
2.05884,0.852353,,,,
2.05966,0.852084,,,,
2.06047,0.851923,,,,
2.06129,0.851601,,,,
2.06211,0.851333,,,,
2.06293,0.851386,,,,
2.06376,0.85144,,,,
2.06458,0.851386,,,,
2.0654,0.851333,,,,
2.06622,0.851065,,,,
2.06705,0.850796,,,,
2.06787,0.850367,,,,
2.0687,0.850152,,,,
2.06952,0.849991,,,,
2.07035,0.84983,,,,
2.07118,0.84983,,,,
2.072,0.849723,,,,
2.07283,0.849562,,,,
2.07366,0.849401,,,,
2.07449,0.84924,,,,
2.07532,0.849294,,,,
2.07615,0.848972,,,,
2.07699,0.84865,,,,
2.07782,0.84865,,,,
2.07865,0.848489,,,,
2.07948,0.848435,,,,
2.08032,0.848381,,,,
2.08115,0.847952,,,,
2.08199,0.847791,,,,
2.08283,0.84763,,,,
2.08366,0.847523,,,,
2.0845,0.847415,,,,
2.08534,0.847362,,,,
2.08618,0.847147,,,,
2.08702,0.84704,,,,
2.08786,0.846879,,,,
2.0887,0.846718,,,,
2.08954,0.846825,,,,
2.09038,0.84704,,,,
2.09123,0.846879,,,,
2.09207,0.846825,,,,
2.09292,0.846557,,,,
2.09376,0.846396,,,,
2.09461,0.846342,,,,
2.09545,0.846127,,,,
2.0963,0.846235,,,,
2.09715,0.846235,,,,
2.098,0.846181,,,,
2.09885,0.846449,,,,
2.0997,0.846181,,,,
2.10055,0.84602,,,,
2.1014,0.84602,,,,
2.10225,0.846288,,,,
2.1031,0.846288,,,,
2.10396,0.846181,,,,
2.10481,0.84602,,,,
2.10567,0.845805,,,,
2.10652,0.845752,,,,
2.10738,0.845752,,,,
2.10824,0.845913,,,,
2.10909,0.845966,,,,
2.10995,0.845859,,,,
2.11081,0.84602,,,,
2.11167,0.846342,,,,
2.11253,0.846557,,,,
2.11339,0.84661,,,,
2.11425,0.84661,,,,
2.11512,0.846449,,,,
2.11598,0.846503,,,,
2.11685,0.846771,,,,
2.11771,0.846825,,,,
2.11858,0.846771,,,,
2.11944,0.847201,,,,
2.12031,0.847308,,,,
2.12118,0.847201,,,,
2.12204,0.847147,,,,
2.12291,0.847362,,,,
2.12378,0.847469,,,,
2.12465,0.84763,,,,
2.12553,0.847684,,,,
2.1264,0.847469,,,,
2.12727,0.847415,,,,
2.12814,0.847737,,,,
2.12902,0.847845,,,,
2.12989,0.848113,,,,
2.13077,0.848059,,,,
2.13164,0.848006,,,,
2.13252,0.847898,,,,
2.1334,0.848059,,,,
2.13428,0.84822,,,,
2.13515,0.848328,,,,
2.13603,0.848381,,,,
2.13691,0.848489,,,,
2.1378,0.84865,,,,
2.13868,0.848596,,,,
2.13956,0.848435,,,,
2.14044,0.848596,,,,
2.14133,0.848596,,,,
2.14221,0.848757,,,,
2.1431,0.848757,,,,
2.14398,0.848972,,,,
2.14487,0.848918,,,,
2.14576,0.848757,,,,
2.14665,0.848811,,,,
2.14754,0.848864,,,,
2.14843,0.848976,,,,
2.14932,0.848641,,,,
2.15021,0.848361,,,,
2.1511,0.848808,,,,
2.15199,0.848585,,,,
2.15289,0.848249,,,,
2.15378,0.848249,,,,
2.15468,0.848473,,,,
2.15557,0.84892,,,,
2.15647,0.848585,,,,
2.15737,0.848361,,,,
2.15827,0.848361,,,,
2.15916,0.848082,,,,
2.16006,0.848529,,,,
2.16096,0.848194,,,,
2.16187,0.847746,,,,
2.16277,0.847746,,,,
2.16367,0.847523,,,,
2.16457,0.847355,,,,
2.16548,0.847187,,,,
2.16638,0.847355,,,,
2.16729,0.847299,,,,
2.16819,0.847914,,,,
2.1691,0.847746,,,,
2.17001,0.848138,,,,
2.17092,0.847467,,,,
2.17183,0.847299,,,,
2.17274,0.84769,,,,
2.17365,0.847523,,,,
2.17456,0.847355,,,,
2.17547,0.846908,,,,
2.17639,0.846405,,,,
2.1773,0.846796,,,,
2.17822,0.846684,,,,
2.17913,0.846349,,,,
2.18005,0.846013,,,,
2.18097,0.84674,,,,
2.18188,0.847076,,,,
2.1828,0.84702,,,,
2.18372,0.846293,,,,
2.18464,0.846461,,,,
2.18556,0.846069,,,,
2.18648,0.846237,,,,
2.18741,0.84674,,,,
2.18833,0.846852,,,,
2.18925,0.846237,,,,
2.19018,0.84579,,,,
2.1911,0.845343,,,,
2.19203,0.845343,,,,
2.19296,0.845343,,,,
2.19389,0.845287,,,,
2.19482,0.845398,,,,
2.19575,0.84551,,,,
2.19668,0.84551,,,,
2.19761,0.845957,,,,
2.19854,0.846181,,,,
2.19947,0.846013,,,,
2.2004,0.846013,,,,
2.20134,0.845231,,,,
2.20228,0.845007,,,,
2.20321,0.845231,,,,
2.20415,0.845398,,,,
2.20508,0.845063,,,,
2.20602,0.84456,,,,
2.20696,0.845063,,,,
2.2079,0.845007,,,,
2.20884,0.844672,,,,
2.20978,0.844113,,,,
2.21073,0.844225,,,,
2.21167,0.844895,,,,
2.21261,0.845287,,,,
2.21356,0.845231,,,,
2.2145,0.844728,,,,
2.21545,0.844783,,,,
2.2164,0.844783,,,,
2.21735,0.844672,,,,
2.21829,0.844057,,,,
2.21924,0.844225,,,,
2.22019,0.844616,,,,
2.22115,0.844616,,,,
2.2221,0.84428,,,,
2.22305,0.844336,,,,
2.22401,0.84456,,,,
2.22496,0.84456,,,,
2.22591,0.844504,,,,
2.22687,0.843945,,,,
2.22783,0.844001,,,,
2.22878,0.84428,,,,
2.22974,0.84428,,,,
2.2307,0.844616,,,,
2.23166,0.844783,,,,
2.23263,0.844448,,,,
2.23359,0.844336,,,,
2.23455,0.844392,,,,
2.23551,0.844225,,,,
2.23648,0.844113,,,,
2.23744,0.844448,,,,
2.23841,0.844504,,,,
2.23937,0.84456,,,,
2.24034,0.844616,,,,
2.24131,0.844672,,,,
2.24228,0.844504,,,,
2.24325,0.844448,,,,
2.24422,0.844336,,,,
2.24519,0.844225,,,,
2.24617,0.844113,,,,
2.24714,0.844225,,,,
2.24812,0.84456,,,,
2.24909,0.84428,,,,
2.25007,0.844113,,,,
2.25104,0.843777,,,,
2.25202,0.844057,,,,
2.253,0.844336,,,,
2.25398,0.844225,,,,
2.25496,0.843945,,,,
2.25594,0.843777,,,,
2.25692,0.843777,,,,
2.25791,0.844225,,,,
2.25889,0.844616,,,,
2.25988,0.84428,,,,
2.26086,0.843889,,,,
2.26185,0.843665,,,,
2.26283,0.843162,,,,
2.26382,0.842939,,,,
2.26481,0.84361,,,,
2.2658,0.843833,,,,
2.26679,0.84361,,,,
2.26778,0.843665,,,,
2.26878,0.843665,,,,
2.26977,0.843554,,,,
2.27076,0.84333,,,,
2.27176,0.843554,,,,
2.27276,0.84333,,,,
2.27375,0.843442,,,,
2.27475,0.843107,,,,
2.27575,0.842827,,,,
2.27675,0.842883,,,,
2.27775,0.843107,,,,
2.27875,0.843274,,,,
2.27975,0.843274,,,,
2.28075,0.843274,,,,
2.28176,0.843386,,,,
2.28276,0.843218,,,,
2.28377,0.843051,,,,
2.28477,0.842771,,,,
2.28578,0.842715,,,,
2.28679,0.843051,,,,
2.2878,0.842715,,,,
2.28881,0.842603,,,,
2.28982,0.842156,,,,
2.29083,0.841933,,,,
2.29184,0.8421,,,,
2.29286,0.842212,,,,
2.29387,0.842268,,,,
2.29489,0.842324,,,,
2.2959,0.842044,,,,
2.29692,0.8421,,,,
2.29794,0.842436,,,,
2.29896,0.842827,,,,
2.29998,0.842268,,,,
2.301,0.841877,,,,
2.30202,0.841597,,,,
2.30305,0.841318,,,,
2.30407,0.841318,,,,
2.30509,0.841262,,,,
2.30612,0.841541,,,,
2.30714,0.841541,,,,
2.30817,0.841429,,,,
2.3092,0.841821,,,,
2.31023,0.841318,,,,
2.31126,0.840982,,,,
2.31229,0.84115,,,,
2.31332,0.84115,,,,
2.31435,0.841485,,,,
2.31539,0.841597,,,,
2.31642,0.841038,,,,
2.31746,0.840647,,,,
2.31849,0.840591,,,,
2.31953,0.840647,,,,
2.32057,0.84115,,,,
2.32161,0.841429,,,,
2.32265,0.841374,,,,
2.32369,0.841374,,,,
2.32473,0.841206,,,,
2.32578,0.841262,,,,
2.32682,0.841262,,,,
2.32787,0.84115,,,,
2.32891,0.841094,,,,
2.32996,0.841318,,,,
2.33101,0.841206,,,,
2.33205,0.841206,,,,
2.3331,0.841429,,,,
2.33415,0.841038,,,,
2.33521,0.840703,,,,
2.33626,0.840647,,,,
2.33731,0.840759,,,,
2.33837,0.840311,,,,
2.33942,0.83992,,,,
2.34048,0.839976,,,,
2.34153,0.840088,,,,
2.34259,0.83992,,,,
2.34365,0.840088,,,,
2.34471,0.840144,,,,
2.34577,0.83992,,,,
2.34683,0.83992,,,,
2.3479,0.840255,,,,
2.34896,0.840255,,,,
2.35002,0.840144,,,,
2.35109,0.840311,,,,
2.35216,0.840255,,,,
2.35323,0.840423,,,,
2.35429,0.840423,,,,
2.35536,0.840032,,,,
2.35643,0.840088,,,,
2.35751,0.83992,,,,
2.35858,0.840088,,,,
2.35965,0.840367,,,,
2.36073,0.8402,,,,
2.3618,0.840423,,,,
2.36288,0.840423,,,,
2.36395,0.840423,,,,
2.36503,0.840982,,,,
2.36611,0.84087,,,,
2.36719,0.840479,,,,
2.36828,0.840311,,,,
2.36936,0.8402,,,,
2.37044,0.8402,,,,
2.37153,0.840423,,,,
2.37261,0.840423,,,,
2.3737,0.83992,,,,
2.37479,0.839641,,,,
2.37587,0.839641,,,,
2.37696,0.839529,,,,
2.37805,0.839808,,,,
2.37914,0.8402,,,,
2.38024,0.840311,,,,
2.38133,0.840088,,,,
2.38242,0.840255,,,,
2.38352,0.840088,,,,
2.38462,0.839752,,,,
2.38571,0.8402,,,,
2.38681,0.840479,,,,
2.38791,0.8402,,,,
2.38901,0.839752,,,,
2.39011,0.840144,,,,
2.39121,0.840423,,,,
2.39232,0.840032,,,,
2.39342,0.839808,,,,
2.39453,0.839585,,,,
2.39563,0.839641,,,,
2.39674,0.839529,,,,
2.39785,0.839249,,,,
2.39896,0.839641,,,,
2.40007,0.839808,,,,
2.40118,0.839361,,,,
2.4023,0.839249,,,,
2.40341,0.839249,,,,
2.40452,0.839137,,,,
2.40564,0.839193,,,,
2.40676,0.839193,,,,
2.40788,0.839026,,,,
2.40899,0.83869,,,,
2.41011,0.838243,,,,
2.41123,0.838411,,,,
2.41236,0.838411,,,,
2.41348,0.838355,,,,
2.4146,0.838467,,,,
2.41573,0.837964,,,,
2.41685,0.837628,,,,
2.41798,0.837908,,,,
2.41911,0.838019,,,,
2.42024,0.83774,,,,
2.42137,0.837628,,,,
2.4225,0.837572,,,,
2.42363,0.83746,,,,
2.42477,0.837069,,,,
2.4259,0.836901,,,,
2.42704,0.836622,,,,
2.42818,0.836398,,,,
2.42931,0.836286,,,,
2.43045,0.836175,,,,
2.43159,0.835895,,,,
2.43273,0.835672,,,,
2.43388,0.835783,,,,
2.43502,0.835951,,,,
2.43616,0.835951,,,,
2.43731,0.835672,,,,
2.43845,0.835168,,,,
2.4396,0.834833,,,,
2.44075,0.834889,,,,
2.4419,0.834498,,,,
2.44305,0.834442,,,,
2.4442,0.834665,,,,
2.44536,0.834889,,,,
2.44651,0.834665,,,,
2.44767,0.834609,,,,
2.44882,0.834386,,,,
2.44998,0.833827,,,,
2.45114,0.833603,,,,
2.4523,0.833659,,,,
2.45346,0.833547,,,,
2.45462,0.833324,,,,
2.45578,0.833212,,,,
2.45695,0.833268,,,,
2.45811,0.833044,,,,
2.45928,0.832597,,,,
2.46044,0.832541,,,,
2.46161,0.832765,,,,
2.46278,0.832765,,,,
2.46395,0.832597,,,,
2.46512,0.832373,,,,
2.4663,0.832597,,,,
2.46747,0.832597,,,,
2.46864,0.831982,,,,
2.46982,0.831423,,,,
2.471,0.831535,,,,
2.47218,0.831703,,,,
2.47336,0.831367,,,,
2.47454,0.83092,,,,
2.47572,0.830976,,,,
2.4769,0.830752,,,,
2.47809,0.83092,,,,
2.47927,0.831088,,,,
2.48046,0.831032,,,,
2.48164,0.83092,,,,
2.48283,0.830529,,,,
2.48402,0.830808,,,,
2.48521,0.830529,,,,
2.4864,0.830193,,,,
2.4876,0.830081,,,,
2.48879,0.830137,,,,
2.48999,0.830137,,,,
2.49118,0.830025,,,,
2.49238,0.830025,,,,
2.49358,0.830417,,,,
2.49478,0.830305,,,,
2.49598,0.830193,,,,
2.49718,0.829858,,,,
2.49839,0.829802,,,,
2.49959,0.829914,,,,
2.5008,0.829634,,,,
2.50201,0.829858,,,,
2.50321,0.829578,,,,
2.50442,0.829411,,,,
2.50563,0.829858,,,,
2.50684,0.82997,,,,
2.50806,0.830025,,,,
2.50927,0.829914,,,,
2.51049,0.829522,,,,
2.5117,0.829634,,,,
2.51292,0.829522,,,,
2.51414,0.82969,,,,
2.51536,0.829914,,,,
2.51658,0.829578,,,,
2.5178,0.829802,,,,
2.51903,0.829746,,,,
2.52025,0.829355,,,,
2.52148,0.829522,,,,
2.5227,0.829914,,,,
2.52393,0.82997,,,,
2.52516,0.829634,,,,
2.52639,0.829467,,,,
2.52762,0.829299,,,,
2.52886,0.829355,,,,
2.53009,0.829802,,,,
2.53132,0.830808,,,,
2.53256,0.831255,,,,
2.5338,0.830249,,,,
2.53504,0.830081,,,,
2.53628,0.83064,,,,
2.53752,0.82997,,,,
2.53876,0.829467,,,,
2.54001,0.829522,,,,
2.54125,0.830473,,,,
2.5425,0.831982,,,,
2.54375,0.831591,,,,
2.54499,0.830417,,,,
2.54624,0.830305,,,,
2.5475,0.831311,,,,
2.54875,0.830976,,,,
2.55,0.83092,,,,
2.55126,0.832206,,,,
2.55251,0.832541,,,,
2.55377,0.831088,,,,
2.55503,0.829467,,,,
2.55629,0.828907,,,,
2.55755,0.828516,,,,
2.55881,0.829467,,,,
2.56008,0.833324,,,,
2.56134,0.837293,,,,
2.56261,0.837349,,,,
2.56387,0.836231,,,,
2.56514,0.832876,,,,
2.56641,0.829467,,,,
2.56768,0.829858,,,,
2.56896,0.833659,,,,
2.57023,0.833491,,,,
2.57151,0.830529,,,,
2.57278,0.834777,,,,
2.57406,0.834386,,,,
2.57534,0.831479,,,,
2.57662,0.833547,,,,
2.5779,0.831199,,,,
2.57918,0.828852,,,,
2.58046,0.831479,,,,
2.58175,0.831647,,,,
2.58304,0.835392,,,,
2.58432,0.836622,,,,
2.58561,0.831926,,,,
2.5869,0.833435,,,,
2.58819,0.832262,,,,
2.58949,0.830137,,,,
2.59078,0.827901,,,,
2.59208,0.82846,,,,
2.59337,0.839137,,,,
2.59467,0.852274,,,,
2.59597,0.842939,,,,
2.59727,0.83064,,,,
2.59857,0.826057,,,,
2.59988,0.826168,,,,
2.60118,0.828293,,,,
2.60249,0.829802,,,,
2.60379,0.832485,,,,
2.6051,0.837293,,,,
2.60641,0.835057,,,,
2.60772,0.83064,,,,
2.60903,0.829467,,,,
2.61035,0.827566,,,,
2.61166,0.825833,,,,
2.61298,0.826448,,,,
2.6143,0.825777,,,,
2.61562,0.830696,,,,
2.61694,0.835224,,,,
2.61826,0.829802,,,,
2.61958,0.831703,,,,
2.62091,0.832262,,,,
2.62223,0.824491,,,,
2.62356,0.822423,,,,
2.62489,0.824379,,,,
2.62622,0.830361,,,,
2.62755,0.827789,,,,
2.62888,0.827845,,,,
2.63022,0.834554,,,,
2.63155,0.82969,,,,
2.63289,0.82533,,,,
2.63422,0.825162,,,,
2.63556,0.822087,,,,
2.6369,0.821249,,,,
2.63825,0.820746,,,,
2.63959,0.820858,,,,
2.64093,0.82164,,,,
2.64228,0.82192,,,,
2.64363,0.821305,,,,
2.64498,0.823317,,,,
2.64633,0.822926,,,,
2.64768,0.820522,,,,
2.64903,0.819684,,,,
2.65039,0.820299,,,,
2.65174,0.823317,,,,
2.6531,0.823541,,,,
2.65446,0.821976,,,,
2.65582,0.821976,,,,
2.65718,0.819125,,,,
2.65854,0.821137,,,,
2.6599,0.822758,,,,
2.66127,0.821584,,,,
2.66264,0.820466,,,,
2.664,0.827007,,,,
2.66538,0.83433,,,,
2.66675,0.833659,,,,
2.66812,0.826224,,,,
2.66949,0.831647,,,,
2.67087,0.833603,,,,
2.67224,0.819181,,,,
2.67362,0.81482,,,,
2.675,0.817895,,,,
2.67638,0.822311,,,,
2.67776,0.820355,,,,
2.67915,0.818118,,,,
2.68053,0.81141,,,,
2.68192,0.808168,,,,
2.68331,0.809174,,,,
2.6847,0.807944,,,,
2.68609,0.806826,,,,
2.68748,0.805149,,,,
2.68888,0.803305,,,,
2.69027,0.801516,,,,
2.69167,0.802019,,,,
2.69307,0.807609,,,,
2.69447,0.808727,,,,
2.69587,0.803416,,,,
2.69727,0.797882,,,,
2.69867,0.794919,,,,
2.70008,0.795199,,,,
2.70149,0.794752,,,,
2.7029,0.790839,,,,
2.70431,0.787988,,,,
2.70572,0.786758,,,,
2.70713,0.78687,,,,
2.70854,0.790056,,,,
2.70996,0.794808,,,,
2.71138,0.794304,,,,
2.7128,0.785919,,,,
2.71422,0.78223,,,,
2.71564,0.781056,,,,
2.71706,0.780776,,,,
2.71849,0.782565,,,,
2.71991,0.789553,,,,
2.72134,0.785696,,,,
2.72277,0.779099,,,,
2.7242,0.781671,,,,
2.72563,0.775857,,,,
2.72707,0.767807,,,,
2.7285,0.76395,,,,
2.72994,0.76149,,,,
2.73138,0.758863,,,,
2.73282,0.757354,,,,
2.73426,0.758528,,,,
2.7357,0.754894,,,,
2.73715,0.750086,,,,
2.73859,0.753776,,,,
2.74004,0.755341,,,,
2.74149,0.748521,,,,
2.74294,0.739409,,,,
2.74439,0.734043,,,,
2.74584,0.731192,,,,
2.7473,0.728341,,,,
2.74876,0.726161,,,,
2.75021,0.724484,,,,
2.75167,0.722918,,,,
2.75313,0.721856,,,,
2.7546,0.727055,,,,
2.75606,0.72521,,,,
2.75753,0.714365,,,,
2.759,0.707601,,,,
2.76046,0.704303,,,,
2.76194,0.704415,,,,
2.76341,0.703185,,,,
2.76488,0.699999,,,,
2.76636,0.700446,,,,
2.76783,0.70134,,,,
2.76931,0.701005,,,,
2.77079,0.701173,,,,
2.77228,0.697595,,,,
2.77376,0.693849,,,,
2.77524,0.692228,,,,
2.77673,0.691613,,,,
2.77822,0.690495,,,,
2.77971,0.689657,,,,
2.7812,0.689489,,,,
2.78269,0.687868,,,,
2.78418,0.685967,,,,
2.78568,0.687141,,,,
2.78718,0.688427,,,,
2.78868,0.685352,,,,
2.79018,0.681775,,,,
2.79168,0.680209,,,,
2.79319,0.679147,,,,
2.79469,0.677917,,,,
2.7962,0.676911,,,,
2.79771,0.675793,,,,
2.79922,0.674508,,,,
2.80073,0.674955,,,,
2.80225,0.677023,,,,
2.80376,0.676408,,,,
2.80528,0.672886,,,,
2.8068,0.670427,,,,
2.80832,0.669197,,,,
2.80984,0.667967,,,,
2.81136,0.666849,,,,
2.81289,0.666066,,,,
2.81442,0.665731,,,,
2.81595,0.664725,,,,
2.81747,0.663942,,,,
2.81901,0.664333,,,,
2.82054,0.663607,,,,
2.82208,0.661762,,,,
2.82361,0.660029,,,,
2.82515,0.659246,,,,
2.82669,0.658743,,,,
2.82823,0.657793,,,,
2.82978,0.656731,,,,
2.83132,0.656172,,,,
2.83287,0.655836,,,,
2.83442,0.655333,,,,
2.83597,0.654662,,,,
2.83752,0.653768,,,,
2.83908,0.652482,,,,
2.84063,0.651364,,,,
2.84219,0.650358,,,,
2.84375,0.649464,,,,
2.84531,0.648457,,,,
2.84687,0.647843,,,,
2.84844,0.647507,,,,
2.85,0.646669,,,,
2.85157,0.645662,,,,
2.85314,0.645327,,,,
2.85471,0.644544,,,,
2.85628,0.643147,,,,
2.85786,0.641973,,,,
2.85943,0.641358,,,,
2.86101,0.640408,,,,
2.86259,0.639569,,,,
2.86417,0.63901,,,,
2.86576,0.638451,,,,
2.86734,0.637892,,,,
2.86893,0.637054,,,,
2.87052,0.636439,,,,
2.87211,0.635824,,,,
2.8737,0.634985,,,,
2.87529,0.634203,,,,
2.87689,0.633867,,,,
2.87849,0.633308,,,,
2.88008,0.632637,,,,
2.88169,0.632022,,,,
2.88329,0.631575,,,,
2.88489,0.631016,,,,
2.8865,0.630345,,,,
2.88811,0.63001,,,,
2.88972,0.629507,,,,
2.89133,0.62906,,,,
2.89294,0.628724,,,,
2.89456,0.628165,,,,
2.89617,0.627662,,,,
2.89779,0.627327,,,,
2.89941,0.627103,,,,
2.90104,0.627103,,,,
2.90266,0.626768,,,,
2.90429,0.626209,,,,
2.90592,0.625538,,,,
2.90755,0.625091,,,,
2.90918,0.625035,,,,
2.91081,0.624979,,,,
2.91245,0.624532,,,,
2.91408,0.624308,,,,
2.91572,0.624029,,,,
2.91736,0.623861,,,,
2.91901,0.623581,,,,
2.92065,0.623525,,,,
2.9223,0.623693,,,,
2.92394,0.623358,,,,
2.92559,0.622855,,,,
2.92725,0.622463,,,,
2.9289,0.62224,,,,
2.93056,0.622184,,,,
2.93221,0.622128,,,,
2.93387,0.621848,,,,
2.93553,0.621681,,,,
2.9372,0.621569,,,,
2.93886,0.621513,,,,
2.94053,0.621345,,,,
2.9422,0.621513,,,,
2.94387,0.621233,,,,
2.94554,0.62101,,,,
2.94722,0.620954,,,,
2.94889,0.620842,,,,
2.95057,0.620842,,,,
2.95225,0.620898,,,,
2.95393,0.620954,,,,
2.95562,0.620786,,,,
2.9573,0.62073,,,,
2.95899,0.620618,,,,
2.96068,0.620674,,,,
2.96237,0.620618,,,,
2.96407,0.620451,,,,
2.96576,0.620283,,,,
2.96746,0.620283,,,,
2.96916,0.620507,,,,
2.97086,0.620618,,,,
2.97256,0.620563,,,,
2.97427,0.620563,,,,
2.97598,0.620563,,,,
2.97769,0.620786,,,,
2.9794,0.620954,,,,
2.98111,0.620786,,,,
2.98283,0.620954,,,,
2.98454,0.621122,,,,
2.98626,0.621233,,,,
2.98799,0.621233,,,,
2.98971,0.621233,,,,
2.99143,0.621345,,,,
2.99316,0.621457,,,,
2.99489,0.621737,,,,
2.99662,0.622128,,,,
2.99835,0.621904,,,,
3.00009,0.622016,,,,
3.00183,0.62224,,,,
3.00357,0.622407,,,,
3.00531,0.622463,,,,
3.00705,0.622519,,,,
3.0088,0.622743,,,,
3.01054,0.623022,,,,
3.01229,0.62319,,,,
3.01404,0.623302,,,,
3.0158,0.623469,,,,
3.01755,0.623693,,,,
3.01931,0.623805,,,,
3.02107,0.623917,,,,
3.02283,0.624084,,,,
3.02459,0.624252,,,,
3.02636,0.624532,,,,
3.02813,0.624811,,,,
3.0299,0.624587,,,,
3.03167,0.624643,,,,
3.03344,0.624979,,,,
3.03522,0.625202,,,,
3.037,0.625482,,,,
3.03878,0.625761,,,,
3.04056,0.625873,,,,
3.04234,0.626153,,,,
3.04413,0.626432,,,,
3.04592,0.626544,,,,
3.04771,0.6266,,,,
3.0495,0.626768,,,,
3.0513,0.626991,,,,
3.05309,0.627327,,,,
3.05489,0.627662,,,,
3.05669,0.627774,,,,
3.0585,0.628165,,,,
3.0603,0.628668,,,,
3.06211,0.628668,,,,
3.06392,0.62878,,,,
3.06573,0.628948,,,,
3.06755,0.62906,,,,
3.06936,0.629283,,,,
3.07118,0.62973,,,,
3.073,0.630066,,,,
3.07482,0.630345,,,,
3.07665,0.630513,,,,
3.07848,0.630737,,,,
3.08031,0.63124,,,,
3.08214,0.631687,,,,
3.08397,0.631799,,,,
3.08581,0.631855,,,,
3.08764,0.63219,,,,
3.08948,0.632749,,,,
3.09133,0.633029,,,,
3.09317,0.633476,,,,
3.09502,0.633699,,,,
3.09687,0.634147,,,,
3.09872,0.634426,,,,
3.10057,0.634706,,,,
3.10243,0.634985,,,,
3.10428,0.635376,,,,
3.10614,0.635768,,,,
3.10801,0.636215,,,,
3.10987,0.636718,,,,
3.11174,0.636998,,,,
3.11361,0.637333,,,,
3.11548,0.637613,,,,
3.11735,0.63778,,,,
3.11923,0.638283,,,,
3.1211,0.638731,,,,
3.12298,0.639234,,,,
3.12487,0.639681,,,,
3.12675,0.640072,,,,
3.12864,0.640408,,,,
3.13053,0.640687,,,,
3.13242,0.641134,,,,
3.13431,0.64147,,,,
3.13621,0.641693,,,,
3.13811,0.642141,,,,
3.14001,0.642644,,,,
3.14191,0.642923,,,,
3.14382,0.643315,,,,
3.14573,0.643874,,,,
3.14764,0.644153,,,,
3.14955,0.644488,,,,
3.15146,0.645047,,,,
3.15338,0.645383,,,,
3.1553,0.645774,,,,
3.15722,0.646277,,,,
3.15914,0.646613,,,,
3.16107,0.646836,,,,
3.163,0.647228,,,,
3.16493,0.647731,,,,
3.16686,0.648122,,,,
3.1688,0.648178,,,,
3.17074,0.648513,,,,
3.17268,0.648961,,,,
3.17462,0.64952,,,,
3.17657,0.650023,,,,
3.17851,0.650135,,,,
3.18046,0.650526,,,,
3.18242,0.650917,,,,
3.18437,0.651197,,,,
3.18633,0.651532,,,,
3.18829,0.651979,,,,
3.19025,0.652371,,,,
3.19221,0.65265,,,,
3.19418,0.652985,,,,
3.19615,0.653265,,,,
3.19812,0.653544,,,,
3.2001,0.653824,,,,
3.20207,0.654159,,,,
3.20405,0.654383,,,,
3.20603,0.654718,,,,
3.20802,0.655054,,,,
3.21,0.655333,,,,
3.21199,0.655669,,,,
3.21398,0.655836,,,,
3.21598,0.656116,,,,
3.21797,0.656507,,,,
3.21997,0.656843,,,,
3.22197,0.657234,,,,
3.22398,0.657402,,,,
3.22598,0.657625,,,,
3.22799,0.658017,,,,
3.23,0.65852,,,,
3.23202,0.658632,,,,
3.23403,0.658687,,,,
3.23605,0.658911,,,,
3.23807,0.659191,,,,
3.2401,0.659358,,,,
3.24212,0.659861,,,,
3.24415,0.660197,,,,
3.24618,0.660476,,,,
3.24822,0.6607,,,,
3.25025,0.660923,,,,
3.25229,0.661315,,,,
3.25433,0.661594,,,,
3.25638,0.66193,,,,
3.25842,0.662265,,,,
3.26047,0.662601,,,,
3.26253,0.662936,,,,
3.26458,0.663048,,,,
3.26664,0.663495,,,,
3.2687,0.66383,,,,
3.27076,0.664166,,,,
3.27283,0.664445,,,,
3.27489,0.664613,,,,
3.27696,0.664892,,,,
3.27903,0.665284,,,,
3.28111,0.665563,,,,
3.28319,0.665843,,,,
3.28527,0.666178,,,,
3.28735,0.666402,,,,
3.28944,0.666737,,,,
3.29153,0.667129,,,,
3.29362,0.667408,,,,
3.29571,0.667799,,,,
3.29781,0.668191,,,,
3.29991,0.668302,,,,
3.30201,0.66847,,,,
3.30411,0.668694,,,,
3.30622,0.669085,,,,
3.30833,0.669421,,,,
3.31044,0.669588,,,,
3.31256,0.669644,,,,
3.31468,0.669868,,,,
3.3168,0.670315,,,,
3.31892,0.67065,,,,
3.32105,0.670706,,,,
3.32317,0.67093,,,,
3.32531,0.671265,,,,
3.32744,0.671545,,,,
3.32958,0.671601,,,,
3.33172,0.671712,,,,
3.33386,0.67188,,,,
3.33601,0.672216,,,,
3.33815,0.672551,,,,
3.34031,0.672551,,,,
3.34246,0.672551,,,,
3.34462,0.672719,,,,
3.34677,0.672551,,,,
3.34894,0.672495,,,,
3.3511,0.672327,,,,
3.35327,0.672104,,,,
3.35544,0.671824,,,,
3.35761,0.671489,,,,
3.35979,0.671042,,,,
3.36197,0.670594,,,,
3.36415,0.670091,,,,
3.36633,0.669421,,,,
3.36852,0.668806,,,,
3.37071,0.668414,,,,
3.3729,0.668135,,,,
3.3751,0.667911,,,,
3.3773,0.667911,,,,
3.3795,0.667967,,,,
3.38171,0.668358,,,,
3.38391,0.668694,,,,
3.38612,0.668806,,,,
3.38834,0.668973,,,,
3.39055,0.668862,,,,
3.39277,0.668582,,,,
3.39499,0.668135,,,,
3.39722,0.667408,,,,
3.39945,0.666625,,,,
3.40168,0.665843,,,,
3.40391,0.66506,,,,
3.40615,0.664166,,,,
3.40838,0.663327,,,,
3.41063,0.662656,,,,
3.41287,0.662042,,,,
3.41512,0.662042,,,,
3.41737,0.662489,,,,
3.41963,0.663495,,,,
3.42188,0.664892,,,,
3.42414,0.666234,,,,
3.42641,0.667799,,,,
3.42867,0.669476,,,,
3.43094,0.67093,,,,
3.43322,0.672216,,,,
3.43549,0.673389,,,,
3.43777,0.674508,,,,
3.44005,0.675346,,,,
3.44233,0.676073,,,,
3.44462,0.6768,,,,
3.44691,0.677526,,,,
3.4492,0.678085,,,,
3.4515,0.678644,,,,
3.4538,0.679427,,,,
3.4561,0.680154,,,,
3.45841,0.680545,,,,
3.46072,0.681048,,,,
3.46303,0.681663,,,,
3.46534,0.681775,,,,
3.46766,0.681775,,,,
3.46998,0.681998,,,,
3.47231,0.682054,,,,
3.47463,0.681998,,,,
3.47696,0.682054,,,,
3.4793,0.682222,,,,
3.48163,0.682222,,,,
3.48398,0.681998,,,,
3.48632,0.681775,,,,
3.48866,0.681495,,,,
3.49101,0.68116,,,,
3.49336,0.680657,,,,
3.49572,0.680154,,,,
3.49808,0.679818,,,,
3.50044,0.679874,,,,
3.50281,0.680545,,,,
3.50517,0.681607,,,,
3.50755,0.682893,,,,
3.50992,0.68429,,,,
3.5123,0.685911,,,,
3.51468,0.687309,,,,
3.51707,0.688651,,,,
3.51945,0.689601,,,,
3.52184,0.690384,,,,
3.52424,0.69111,,,,
3.52664,0.691725,,,,
3.52904,0.692116,,,,
3.53144,0.692452,,,,
3.53385,0.692843,,,,
3.53626,0.693179,,,,
3.53867,0.693458,,,,
3.54109,0.693794,,,,
3.54351,0.694073,,,,
3.54593,0.694297,,,,
3.54836,0.694464,,,,
3.55079,0.694688,,,,
3.55322,0.695023,,,,
3.55566,0.695191,,,,
3.5581,0.695191,,,,
3.56054,0.695471,,,,
3.56299,0.695582,,,,
3.56544,0.69575,,,,
3.5679,0.695918,,,,
3.57035,0.69603,,,,
3.57281,0.696197,,,,
3.57528,0.696365,,,,
3.57775,0.696533,,,,
3.58022,0.6967,,,,
3.58269,0.696812,,,,
3.58517,0.697036,,,,
3.58765,0.697259,,,,
3.59014,0.697427,,,,
3.59262,0.697483,,,,
3.59511,0.697595,,,,
3.59761,0.697595,,,,
3.60011,0.697651,,,,
3.60261,0.697707,,,,
3.60511,0.697819,,,,
3.60762,0.69793,,,,
3.61014,0.698098,,,,
3.61265,0.698154,,,,
3.61517,0.698322,,,,
3.61769,0.698322,,,,
3.62022,0.698377,,,,
3.62275,0.698545,,,,
3.62528,0.698657,,,,
3.62782,0.698713,,,,
3.63036,0.698881,,,,
3.6329,0.698881,,,,
3.63545,0.698825,,,,
3.638,0.698881,,,,
3.64056,0.698881,,,,
3.64312,0.698825,,,,
3.64568,0.698825,,,,
3.64824,0.698936,,,,
3.65081,0.698992,,,,
3.65339,0.698881,,,,
3.65596,0.698936,,,,
3.65854,0.699104,,,,
3.66113,0.699104,,,,
3.66371,0.699216,,,,
3.6663,0.699216,,,,
3.6689,0.699104,,,,
3.6715,0.699104,,,,
3.6741,0.699104,,,,
3.67671,0.69916,,,,
3.67931,0.699328,,,,
3.68193,0.699495,,,,
3.68454,0.699607,,,,
3.68716,0.699663,,,,
3.68979,0.699607,,,,
3.69242,0.699663,,,,
3.69505,0.699663,,,,
3.69768,0.699663,,,,
3.70032,0.699831,,,,
3.70297,0.699999,,,,
3.70561,0.699943,,,,
3.70826,0.699999,,,,
3.71092,0.700055,,,,
3.71358,0.70011,,,,
3.71624,0.700055,,,,
3.71891,0.699999,,,,
3.72158,0.699943,,,,
3.72425,0.70011,,,,
3.72693,0.700055,,,,
3.72961,0.70011,,,,
3.73229,0.70011,,,,
3.73498,0.699999,,,,
3.73767,0.699943,,,,
3.74037,0.699999,,,,
3.74307,0.699943,,,,
3.74578,0.699943,,,,
3.74849,0.699831,,,,
3.7512,0.699775,,,,
3.75391,0.699831,,,,
3.75663,0.699775,,,,
3.75936,0.699607,,,,
3.76209,0.699495,,,,
3.76482,0.699384,,,,
3.76755,0.699328,,,,
3.77029,0.699272,,,,
3.77304,0.699104,,,,
3.77578,0.698936,,,,
3.77854,0.698881,,,,
3.78129,0.698825,,,,
3.78405,0.698713,,,,
3.78682,0.698433,,,,
3.78959,0.698322,,,,
3.79236,0.698098,,,,
3.79513,0.698042,,,,
3.79792,0.697707,,,,
3.8007,0.697539,,,,
3.80349,0.697259,,,,
3.80628,0.697036,,,,
3.80908,0.696756,,,,
3.81188,0.696533,,,,
3.81468,0.696141,,,,
3.81749,0.695918,,,,
3.8203,0.695638,,,,
3.82312,0.695303,,,,
3.82594,0.695023,,,,
3.82877,0.694744,,,,
3.8316,0.694408,,,,
3.83443,0.694129,,,,
3.83727,0.693738,,,,
3.84011,0.693458,,,,
3.84296,0.693123,,,,
3.84581,0.692675,,,,
3.84867,0.692284,,,,
3.85153,0.691781,,,,
3.85439,0.691446,,,,
3.85726,0.691222,,,,
3.86013,0.690943,,,,
3.86301,0.690551,,,,
3.86589,0.690048,,,,
3.86877,0.689713,,,,
3.87166,0.689265,,,,
3.87455,0.689042,,,,
3.87745,0.688818,,,,
3.88036,0.688483,,,,
3.88326,0.688092,,,,
3.88617,0.687868,,,,
3.88909,0.687533,,,,
3.89201,0.687197,,,,
3.89493,0.687029,,,,
3.89786,0.686694,,,,
3.90079,0.686303,,,,
3.90373,0.686079,,,,
3.90667,0.685744,,,,
3.90962,0.685352,,,,
3.91257,0.684961,,,,
3.91552,0.684793,,,,
3.91848,0.68457,,,,
3.92145,0.684346,,,,
3.92442,0.684011,,,,
3.92739,0.683731,,,,
3.93037,0.683452,,,,
3.93335,0.683172,,,,
3.93634,0.682893,,,,
3.93933,0.682725,,,,
3.94232,0.682501,,,,
3.94532,0.682278,,,,
3.94833,0.681998,,,,
3.95134,0.681942,,,,
3.95435,0.681663,,,,
3.95737,0.681272,,,,
3.96039,0.681048,,,,
3.96342,0.680992,,,,
3.96645,0.680824,,,,
3.96949,0.680489,,,,
3.97253,0.680154,,,,
3.97558,0.679986,,,,
3.97863,0.679762,,,,
3.98169,0.67965,,,,
3.98475,0.679483,,,,
3.98781,0.679427,,,,
3.99088,0.679203,,,,
3.99396,0.67898,,,,
3.99703,0.678868,,,,
4.00012,0.6787,,,,
4.00321,0.678421,,,,
4.0063,0.678253,,,,
4.0094,0.677917,,,,
4.0125,0.677582,,,,
4.01561,0.677247,,,,
4.01872,0.677135,,,,
4.02184,0.676855,,,,
4.02496,0.676632,,,,
4.02809,0.676352,,,,
4.03122,0.676017,,,,
4.03436,0.675626,,,,
4.0375,0.675402,,,,
4.04065,0.675122,,,,
4.0438,0.674843,,,,
4.04696,0.67434,,,,
4.05012,0.674116,,,,
4.05329,0.673837,,,,
4.05646,0.673501,,,,
4.05964,0.673166,,,,
4.06282,0.672886,,,,
4.066,0.672607,,,,
4.06919,0.672327,,,,
4.07239,0.671936,,,,
4.07559,0.671657,,,,
4.0788,0.671489,,,,
4.08201,0.671209,,,,
4.08523,0.670762,,,,
4.08845,0.670427,,,,
4.09168,0.670259,,,,
4.09491,0.670091,,,,
4.09814,0.669812,,,,
4.10139,0.669421,,,,
4.10463,0.669141,,,,
4.10789,0.668973,,,,
4.11114,0.668694,,,,
4.11441,0.668526,,,,
4.11768,0.668302,,,,
4.12095,0.667967,,,,
4.12423,0.667743,,,,
4.12751,0.667464,,,,
4.1308,0.667073,,,,
4.13409,0.666849,,,,
4.13739,0.66657,,,,
4.1407,0.666122,,,,
4.14401,0.665787,,,,
4.14732,0.665619,,,,
4.15064,0.665172,,,,
4.15397,0.664837,,,,
4.1573,0.664389,,,,
4.16064,0.664054,,,,
4.16398,0.663663,,,,
4.16733,0.66316,,,,
4.17068,0.662712,,,,
4.17404,0.662265,,,,
4.1774,0.661762,,,,
4.18077,0.661315,,,,
4.18414,0.660644,,,,
4.18752,0.660085,,,,
4.19091,0.659638,,,,
4.1943,0.659135,,,,
4.1977,0.658632,,,,
4.2011,0.658408,,,,
4.2045,0.658184,,,,
4.20792,0.658017,,,,
4.21134,0.657961,,,,
4.21476,0.657793,,,,
4.21819,0.657513,,,,
4.22162,0.657122,,,,
4.22506,0.656675,,,,
4.22851,0.656172,,,,
4.23196,0.655501,,,,
4.23542,0.654607,,,,
4.23888,0.653433,,,,
4.24235,0.652147,,,,
4.24583,0.650414,,,,
4.24931,0.648569,,,,
4.25279,0.646165,,,,
4.25628,0.644041,,,,
4.25978,0.643091,,,,
4.26328,0.642756,,,,
4.26679,0.641861,,,,
4.27031,0.640743,,,,
4.27383,0.639401,,,,
4.27735,0.637892,,,,
4.28089,0.636215,,,,
4.28442,0.634594,,,,
4.28797,0.632861,,,,
4.29152,0.63096,,,,
4.29507,0.628948,,,,
4.29863,0.627047,,,,
4.3022,0.625147,,,,
4.30578,0.62319,,,,
4.30936,0.621066,,,,
4.31294,0.618886,,,,
4.31653,0.61665,,,,
4.32013,0.614581,,,,
4.32373,0.612457,,,,
4.32734,0.610277,,,,
4.33096,0.608208,,,,
4.33458,0.606308,,,,
4.33821,0.604239,,,,
4.34184,0.602115,,,,
4.34548,0.599823,,,,
4.34912,0.597755,,,,
4.35277,0.595742,,,,
4.35643,0.593674,,,,
4.3601,0.591717,,,,
4.36376,0.589593,,,,
4.36744,0.587413,,,,
4.37112,0.585289,,,,
4.37481,0.583165,,,,
4.37851,0.581152,,,,
4.38221,0.57914,,,,
4.38592,0.577071,,,,
4.38963,0.575003,,,,
4.39335,0.57299,,,,
4.39708,0.570978,,,,
4.40081,0.568965,,,,
4.40455,0.566953,,,,
4.40829,0.564996,,,,
4.41204,0.562984,,,,
4.4158,0.561027,,,,
4.41957,0.558903,,,,
4.42334,0.556891,,,,
4.42712,0.554878,,,,
4.4309,0.552922,,,,
4.43469,0.550909,,,,
4.43849,0.548897,,,,
4.44229,0.546884,,,,
4.4461,0.54476,,,,
4.44992,0.542468,,,,
4.45374,0.5404,,,,
4.45757,0.538276,,,,
4.46141,0.536207,,,,
4.46525,0.534083,,,,
4.4691,0.531959,,,,
4.47295,0.529723,,,,
4.47682,0.527598,,,,
4.48069,0.525474,,,,
4.48456,0.523406,,,,
4.48844,0.521337,,,,
4.49233,0.519101,,,,
4.49623,0.516977,,,,
4.50013,0.515021,,,,
4.50404,0.512952,,,,
4.50796,0.510828,,,,
4.51188,0.508704,,,,
4.51581,0.506579,,,,
4.51975,0.504511,,,,
4.52369,0.502443,,,,
4.52764,0.500207,,,,
4.5316,0.498026,,,,
4.53557,0.49579,,,,
4.53954,0.493554,,,,
4.54352,0.491262,,,,
4.5475,0.48897,,,,
4.5515,0.486734,,,,
4.5555,0.484498,,,,
4.5595,0.48215,,,,
4.56352,0.480026,,,,
4.56754,0.477902,,,,
4.57156,0.475778,,,,
4.5756,0.473598,,,,
4.57964,0.471362,,,,
4.58369,0.469293,,,,
4.58775,0.467448,,,,
4.59181,0.465492,,,,
4.59588,0.463535,,,,
4.59996,0.461635,,,,
4.60404,0.45979,,,,
4.60814,0.458057,,,,
4.61224,0.456436,,,,
4.61634,0.454871,,,,
4.62046,0.453361,,,,
4.62458,0.45174,,,,
4.62871,0.450287,,,,
4.63284,0.448889,,,,
4.63699,0.447603,,,,
4.64114,0.446373,,,,
4.6453,0.445088,,,,
4.64947,0.44369,,,,
4.65364,0.442572,,,,
4.65782,0.441622,,,,
4.66201,0.440616,,,,
4.66621,0.439554,,,,
4.67041,0.438659,,,,
4.67462,0.437821,,,,
4.67884,0.437094,,,,
4.68307,0.436311,,,,
4.6873,0.435696,,,,
4.69154,0.435137,,,,
4.69579,0.434634,,,,
4.70005,0.434075,,,,
4.70431,0.43374,,,,
4.70859,0.433293,,,,
4.71287,0.432734,,,,
4.71715,0.432342,,,,
4.72145,0.432063,,,,
4.72576,0.431727,,,,
4.73007,0.431448,,,,
4.73439,0.431112,,,,
4.73872,0.430833,,,,
4.74305,0.430553,,,,
4.74739,0.430386,,,,
4.75175,0.43005,,,,
4.7561,0.429827,,,,
4.76047,0.429547,,,,
4.76485,0.429379,,,,
4.76923,0.4291,,,,
4.77362,0.428876,,,,
4.77802,0.428653,,,,
4.78243,0.428373,,,,
4.78685,0.427982,,,,
4.79127,0.427591,,,,
4.7957,0.427199,,,,
4.80014,0.426864,,,,
4.80459,0.426473,,,,
4.80905,0.426081,,,,
4.81351,0.42569,,,,
4.81799,0.42541,,,,
4.82247,0.424851,,,,
4.82696,0.424404,,,,
4.83146,0.424013,,,,
4.83596,0.423622,,,,
4.84048,0.423398,,,,
4.845,0.423063,,,,
4.84954,0.422671,,,,
4.85408,0.422504,,,,
4.85863,0.422392,,,,
4.86318,0.422448,,,,
4.86775,0.422559,,,,
4.87233,0.422839,,,,
4.87691,0.423007,,,,
4.8815,0.423398,,,,
4.8861,0.423901,,,,
4.89071,0.424572,,,,
4.89533,0.425355,,,,
4.89996,0.426081,,,,
4.90459,0.426696,,,,
4.90924,0.427591,,,,
4.91389,0.428485,,,,
4.91855,0.429547,,,,
4.92322,0.430442,,,,
4.9279,0.431448,,,,
4.93259,0.432454,,,,
4.93729,0.43346,,,,
4.942,0.434355,,,,
4.94671,0.435361,,,,
4.95144,0.436311,,,,
4.95617,0.437429,,,,
4.96091,0.437932,,,,
4.96567,0.43838,,,,
4.97043,0.438939,,,,
4.9752,0.439386,,,,
4.97998,0.439665,,,,
4.98476,0.439833,,,,
4.98956,0.439665,,,,
4.99437,0.439442,,,,
4.99918,0.43905,,,,
5.00401,0.43838,,,,
5.00884,0.437429,,,,
5.01369,0.436647,,,,
5.01854,0.435976,,,,
5.0234,0.434243,,,,
5.02828,0.432063,,,,
5.03316,0.430106,,,,
5.03805,0.427814,,,,
5.04295,0.425466,,,,
5.04786,0.422895,,,,
5.05278,0.420268,,,,
5.05771,0.417305,,,,
5.06265,0.414286,,,,
5.0676,0.410988,,,,
5.07256,0.407801,,,,
5.07753,0.404671,,,,
5.0825,0.401652,,,,
5.08749,0.397795,,,,
5.09249,0.393938,,,,
5.0975,0.390248,,,,
5.10251,0.386503,,,,
5.10754,0.382702,,,,
5.11258,0.379068,,,,
5.11762,0.375267,,,,
5.12268,0.371466,,,,
5.12775,0.367664,,,,
5.13283,0.363919,,,,
5.13791,0.360229,,,,
5.14301,0.356931,,,,
5.14812,0.353577,,,,
5.15323,0.348993,,,,
5.15836,0.344745,,,,
5.1635,0.340943,,,,
5.16865,0.337254,,,,
5.17381,0.333564,,,,
5.17898,0.329819,,,,
5.18415,0.326241,,,,
5.18934,0.32244,,,,
5.19454,0.31903,,,,
5.19975,0.315843,,,,
5.20498,0.311986,,,,
5.21021,0.309079,,,,
5.21545,0.305781,,,,
5.2207,0.301253,,,,
5.22596,0.29762,,,,
5.23123,0.294321,,,,
5.23652,0.291191,,,,
5.24181,0.287949,,,,
5.24712,0.284762,,,,
5.25244,0.281799,,,,
5.25776,0.278893,,,,
5.2631,0.276042,,,,
5.26845,0.273582,,,,
5.27381,0.27129,,,,
5.27918,0.268942,,,,
5.28456,0.266706,,,,
5.28995,0.265309,,,,
5.29536,0.263128,,,,
5.30077,0.260613,,,,
5.3062,0.2586,,,,
5.31163,0.256756,,,,
5.31708,0.255079,,,,
5.32254,0.253402,,,,
5.32801,0.251836,,,,
5.33349,0.250327,,,,
5.33898,0.248985,,,,
5.34449,0.248538,,,,
5.35,0.248482,,,,
5.35553,0.246358,,,,
5.36107,0.243842,,,,
5.36662,0.242165,,,,
5.37218,0.24088,,,,
5.37775,0.239426,,,,
5.38334,0.237917,,,,
5.38893,0.236352,,,,
5.39454,0.234898,,,,
5.40016,0.233445,,,,
5.40579,0.231991,,,,
5.41143,0.230705,,,,
5.41709,0.230426,,,,
5.42276,0.229755,,,,
5.42843,0.225954,,,,
5.43412,0.223047,,,,
5.43983,0.221426,,,,
5.44554,0.219581,,,,
5.45126,0.217513,,,,
5.457,0.216059,,,,
5.46275,0.215333,,,,
5.46852,0.212761,,,,
5.47429,0.210134,,,,
5.48008,0.208121,,,,
5.48588,0.204935,,,,
5.49169,0.202308,,,,
5.49751,0.200016,,,,
5.50335,0.19778,,,,
5.5092,0.195264,,,,
5.51506,0.193196,,,,
5.52093,0.191239,,,,
5.52682,0.188891,,,,
5.53271,0.18632,,,,
5.53863,0.184028,,,,
5.54455,0.182183,,,,
5.55049,0.18073,,,,
5.55644,0.178717,,,,
5.5624,0.176425,,,,
5.56837,0.174636,,,,
5.57436,0.174301,,,,
5.58036,0.173406,,,,
5.58637,0.170388,,,,
5.5924,0.168096,,,,
5.59844,0.16709,,,,
5.60449,0.166251,,,,
5.61055,0.165245,,,,
5.61663,0.164518,,,,
5.62272,0.1634,,,,
5.62883,0.162841,,,,
5.63495,0.1634,,,,
5.64108,0.164686,,,,
5.64723,0.163344,,,,
5.65339,0.162282,,,,
5.65956,0.161611,,,,
5.66574,0.160885,,,,
5.67194,0.161779,,,,
5.67815,0.162058,,,,
5.68438,0.161611,,,,
5.69062,0.162394,,,,
5.69687,0.162394,,,,
5.70314,0.163121,,,,
5.70942,0.165245,,,,
5.71572,0.165636,,,,
5.72203,0.165301,,,,
5.72835,0.165189,,,,
5.73468,0.165972,,,,
5.74103,0.166922,,,,
5.7474,0.168152,,,,
5.75378,0.167928,,,,
5.76017,0.17022,,,,
5.76658,0.173518,,,,
5.773,0.171618,,,,
5.77944,0.170555,,,,
5.78589,0.170555,,,,
5.79235,0.170835,,,,
5.79883,0.171729,,,,
5.80532,0.1724,,,,
5.81183,0.17391,,,,
5.81836,0.177543,,,,
5.82489,0.178773,,,,
5.83145,0.177431,,,,
5.83801,0.176481,,,,
5.84459,0.176369,,,,
5.85119,0.177208,,,,
5.8578,0.178773,,,,
5.86443,0.179891,,,,
5.87107,0.180394,,,,
5.87773,0.18481,,,,
5.8844,0.185258,,,,
5.89109,0.183748,,,,
5.89778,0.184363,,,,
5.9045,0.181344,,,,
5.91123,0.180506,,,,
5.91798,0.180897,,,,
5.92475,0.181344,,,,
5.93152,0.184475,,,,
5.93832,0.18632,,,,
5.94513,0.182295,,,,
5.95196,0.180226,,,,
5.9588,0.179612,,,,
5.96565,0.181065,,,,
5.97253,0.180282,,,,
5.97942,0.178661,,,,
5.98632,0.179444,,,,
5.99324,0.178158,,,,
6.00018,0.175195,,,,
6.00713,0.174413,,,,
6.0141,0.174301,,,,
6.02108,0.172344,,,,
6.02808,0.170779,,,,
6.0351,0.1705,,,,
6.04214,0.17363,,,,
6.04919,0.176425,,,,
6.05625,0.170444,,,,
6.06334,0.167369,,,,
6.07044,0.168208,,,,
6.07755,0.166195,,,,
6.08469,0.162897,,,,
6.09184,0.161276,,,,
6.099,0.160493,,,,
6.10619,0.161444,,,,
6.11339,0.162506,,,,
6.12061,0.159207,,,,
6.12784,0.156189,,,,
6.13509,0.155518,,,,
6.14236,0.155127,,,,
6.14965,0.154288,,,,
6.15695,0.15412,,,,
6.16427,0.152891,,,,
6.17161,0.151046,,,,
6.17897,0.151717,,,,
6.18634,0.152332,,,,
6.19373,0.149592,,,,
6.20114,0.147915,,,,
6.20857,0.147356,,,,
6.21601,0.146909,,,,
6.22347,0.146182,,,,
6.23095,0.145512,,,,
6.23845,0.145009,,,,
6.24597,0.144561,,,,
6.2535,0.144002,,,,
6.26105,0.143723,,,,
6.26863,0.143499,,,,
6.27621,0.143331,,,,
6.28382,0.142996,,,,
6.29145,0.142884,,,,
6.2991,0.142828,,,,
6.30676,0.14294,,,,
6.31444,0.143108,,,,
6.32214,0.143331,,,,
6.32986,0.143667,,,,
6.3376,0.145791,,,,
6.34535,0.147636,,,,
6.35313,0.146127,,,,
6.36092,0.146071,,,,
6.36874,0.147971,,,,
6.37657,0.147804,,,,
6.38443,0.14758,,,,
6.3923,0.148307,,,,
6.40019,0.149704,,,,
6.4081,0.154624,,,,
6.41603,0.157251,,,,
6.42398,0.154009,,,,
6.43195,0.152779,,,,
6.43994,0.15222,,,,
6.44795,0.15222,,,,
6.45598,0.152332,,,,
6.46403,0.152779,,,,
6.4721,0.154568,,,,
6.48019,0.156189,,,,
6.48831,0.158648,,,,
6.49644,0.158593,,,,
6.50459,0.155015,,,,
6.51276,0.154065,,,,
6.52095,0.155015,,,,
6.52916,0.153561,,,,
6.5374,0.153058,,,,
6.54565,0.153729,,,,
6.55392,0.154176,,,,
6.56222,0.1544,,,,
6.57054,0.155797,,,,
6.57888,0.1544,,,,
6.58723,0.153058,,,,
6.59561,0.152332,,,,
6.60402,0.150766,,,,
6.61244,0.150207,,,,
6.62089,0.150151,,,,
6.62935,0.15222,,,,
6.63784,0.153338,,,,
6.64635,0.149369,,,,
6.65488,0.146182,,,,
6.66344,0.145735,,,,
6.67201,0.145903,,,,
6.68061,0.145679,,,,
6.68923,0.143555,,,,
6.69787,0.141766,,,,
6.70654,0.14199,,,,
6.71523,0.141431,,,,
6.72394,0.13953,,,,
6.73267,0.137462,,,,
6.74142,0.13612,,,,
6.7502,0.135226,,,,
6.759,0.13394,,,,
6.76782,0.133493,,,,
6.77667,0.133269,,,,
6.78554,0.133381,,,,
6.79444,0.131983,,,,
6.80335,0.129077,,,,
6.81229,0.127623,,,,
6.82125,0.1274,,,,
6.83024,0.126449,,,,
6.83925,0.124772,,,,
6.84829,0.124549,,,,
6.85735,0.125946,,,,
6.86643,0.125275,,,,
6.87554,0.121753,,,,
6.88467,0.119909,,,,
6.89382,0.118902,,,,
6.903,0.118399,,,,
6.9122,0.117393,,,,
6.92143,0.116107,,,,
6.93069,0.115101,,,,
6.93996,0.114095,,,,
6.94926,0.11376,,,,
6.95859,0.113927,,,,
6.96795,0.111971,,,,
6.97733,0.109902,,,,
6.98673,0.109008,,,,
6.99616,0.10789,,,,
7.00561,0.106269,,,,
7.01509,0.105039,,,,
7.0246,0.103809,,,,
7.03413,0.102691,,,,
7.04369,0.102412,,,,
7.05327,0.100455,,,,
7.06288,0.097939,,,,
7.07252,0.095983,,,,
7.08218,0.094362,,,,
7.09187,0.092629,,,,
7.10158,0.091008,,,,
7.11132,0.089498,,,,
7.12109,0.087765,,,,
7.13088,0.085753,,,,
7.14071,0.084299,,,,
7.15055,0.082622,,,,
7.16043,0.080722,,,,
7.17033,0.078821,,,,
7.18027,0.076529,,,,
7.19022,0.074517,,,,
7.20021,0.072896,,,,
7.21023,0.070995,,,,
7.22027,0.068871,,,,
7.23034,0.06697,,,,
7.24044,0.065125,,,,
7.25056,0.063225,,,,
7.26072,0.061492,,,,
7.2709,0.059815,,,,
7.28111,0.058026,,,,
7.29136,0.056013,,,,
7.30163,0.054336,,,,
7.31193,0.052603,,,,
7.32225,0.050982,,,,
7.33261,0.049585,,,,
7.343,0.048075,,,,
7.35341,0.046342,,,,
7.36386,0.044721,,,,
7.37433,0.043044,,,,
7.38483,0.041591,,,,
7.39537,0.040081,,,,
7.40593,0.03874,,,,
7.41653,0.037342,,,,
7.42715,0.035889,,,,
7.43781,0.034491,,,,
7.4485,0.03315,,,,
7.45922,0.031976,,,,
7.46996,0.030578,,,,
7.48074,0.029013,,,,
7.49155,0.027671,,,,
7.50239,0.026386,,,,
7.51327,0.025156,,,,
7.52417,0.023926,,,,
7.53511,0.022808,,,,
7.54608,0.021578,,,,
7.55708,0.020348,,,,
7.56811,0.019118,,,,
7.57918,0.018,,,,
7.59027,0.016938,,,,
7.6014,0.015876,,,,
7.61256,0.014758,,,,
7.62376,0.013752,,,,
7.63498,0.012746,,,,
7.64624,0.011907,,,,
7.65754,0.011124,,,,
7.66887,0.010342,,,,
7.68023,0.009503,,,,
7.69162,0.008832,,,,
7.70305,0.00805,,,,
7.71451,0.007435,,,,
7.72601,0.006764,,,,
7.73754,0.006261,,,,
7.74911,0.005814,,,,
7.76071,0.005534,,,,
7.77235,0.005143,,,,
7.78402,0.004752,,,,
7.79572,0.00436,,,,
7.80746,0.004193,,,,
7.81923,0.003969,,,,
7.83104,0.003913,,,,
7.84289,0.003913,,,,
7.85478,0.004025,,,,
7.86669,0.004137,,,,
7.87865,0.00436,,,,
7.89064,0.004696,,,,
7.90267,0.005087,,,,
7.91474,0.00559,,,,
7.92684,0.006205,,,,
7.93898,0.006988,,,,
7.95115,0.007938,,,,
7.96337,0.008888,,,,
7.97562,0.010118,,,,
7.98791,0.011516,,,,
8.00024,0.013025,,,,
8.0126,0.014646,,,,
8.02501,0.016547,,,,
8.03745,0.018895,,,,
8.04993,0.021578,,,,
8.06245,0.024373,,,,
8.07501,0.027392,,,,
8.0876,0.03069,,,,
8.10024,0.034324,,,,
8.11291,0.038348,,,,
8.12563,0.042821,,,,
8.13839,0.047628,,,,
8.15118,0.052771,,,,
8.16402,0.058193,,,,
8.1769,0.063951,,,,
8.18981,0.070156,,,,
8.20277,0.076809,,,,
8.21577,0.083852,,,,
8.22882,0.091399,,,,
8.2419,0.099281,,,,
8.25502,0.107275,,,,
8.26819,0.115269,,,,
8.28139,0.123095,,,,
8.29464,0.130698,,,,
8.30794,0.137741,,,,
8.32128,0.144114,,,,
8.33465,0.149592,,,,
8.34808,0.15412,,,,
8.36154,0.15753,,,,
8.37505,0.160214,,,,
8.3886,0.16217,,,,
8.4022,0.163624,,,,
8.41584,0.164518,,,,
8.42952,0.165021,,,,
8.44324,0.165357,,,,
8.45702,0.165916,,,,
8.47084,0.166363,,,,
8.4847,0.166698,,,,
8.49861,0.167257,,,,
8.51257,0.168152,,,,
8.52657,0.168878,,,,
8.54062,0.169717,,,,
8.55471,0.170611,,,,
8.56885,0.171674,,,,
8.58304,0.172512,,,,
8.59727,0.173071,,,,
8.61155,0.173686,,,,
8.62588,0.174245,,,,
8.64026,0.17458,,,,
8.65468,0.174525,,,,
8.66916,0.174021,,,,
8.68368,0.173183,,,,
8.69825,0.172065,,,,
8.71287,0.170667,,,,
8.72753,0.168711,,,,
8.74225,0.166363,,,,
8.75702,0.163791,,,,
8.77183,0.160829,,,,
8.7867,0.15753,,,,
8.80162,0.154176,,,,
8.81659,0.150878,,,,
8.83161,0.147468,,,,
8.84668,0.144114,,,,
8.8618,0.141263,,,,
8.87697,0.13858,,,,
8.8922,0.136288,,,,
8.90748,0.134331,,,,
8.92281,0.13299,,,,
8.9382,0.132039,,,,
8.95363,0.131257,,,,
8.96913,0.131033,,,,
8.98467,0.131089,,,,
9.00027,0.131089,,,,
9.01592,0.131089,,,,
9.03163,0.131257,,,,
9.04739,0.131369,,,,
9.06321,0.131592,,,,
9.07908,0.131816,,,,
9.09501,0.132095,,,,
9.111,0.132487,,,,
9.12703,0.13299,,,,
9.14313,0.13366,,,,
9.15928,0.134219,,,,
9.17549,0.135282,,,,
9.19176,0.136511,,,,
9.20809,0.137741,,,,
9.22447,0.139251,,,,
9.24091,0.141151,,,,
9.25742,0.143443,,,,
9.27398,0.145735,,,,
9.2906,0.147915,,,,
9.30728,0.150375,,,,
9.32402,0.152667,,,,
9.34082,0.155183,,,,
9.35768,0.158257,,,,
9.3746,0.161947,,,,
9.39158,0.166475,,,,
9.40862,0.171618,,,,
9.42573,0.176593,,,,
9.4429,0.180953,,,,
9.46013,0.183972,,,,
9.47743,0.185817,,,,
9.49478,0.18632,,,,
9.5122,0.186208,,,,
9.52969,0.185649,,,,
9.54724,0.18481,,,,
9.56486,0.183581,,,,
9.58254,0.182183,,,,
9.60028,0.180841,,,,
9.6181,0.179332,,,,
9.63597,0.177487,,,,
9.65392,0.175754,,,,
9.67193,0.173965,,,,
9.69001,0.172177,,,,
9.70816,0.170332,,,,
9.72637,0.168711,,,,
9.74465,0.167369,,,,
9.763,0.166083,,,,
9.78143,0.164909,,,,
9.79992,0.163736,,,,
9.81848,0.162282,,,,
9.8371,0.160885,,,,
9.8558,0.159766,,,,
9.87458,0.158481,,,,
9.89342,0.156804,,,,
9.91234,0.155183,,,,
9.93133,0.153561,,,,
9.95039,0.15194,,,,
9.96952,0.150207,,,,
9.98874,0.148251,,,,
10.00802,0.14635,,,,
10.02738,0.144338,,,,
10.04681,0.142549,,,,
10.06632,0.140648,,,,
10.0859,0.138803,,,,
10.10556,0.137126,,,,
10.1253,0.135114,,,,
10.14512,0.13299,,,,
10.16501,0.131089,,,,
10.18498,0.129412,,,,
10.20503,0.127903,,,,
10.22516,0.126337,,,,
10.24537,0.124884,,,,
10.26566,0.123542,,,,
10.28602,0.122201,,,,
10.30647,0.120803,,,,
10.327,0.119629,,,,
10.34761,0.118847,,,,
10.3683,0.11784,,,,
10.38908,0.116834,,,,
10.40995,0.116443,,,,
10.43089,0.116219,,,,
10.45192,0.115996,,,,
10.47304,0.115884,,,,
10.49424,0.11594,,,,
10.51553,0.115996,,,,
10.5369,0.116275,,,,
10.55836,0.116946,,,,
10.57991,0.117952,,,,
10.60154,0.118847,,,,
10.62327,0.119629,,,,
10.64508,0.120747,,,,
10.66699,0.121977,,,,
10.68898,0.123263,,,,
10.71107,0.124549,,,,
10.73324,0.125722,,,,
10.75551,0.126896,,,,
10.77787,0.128462,,,,
10.80033,0.130083,,,,
10.82287,0.131704,,,,
10.84551,0.133325,,,,
10.86824,0.134779,,,,
10.89108,0.136232,,,,
10.914,0.137741,,,,
10.93703,0.139027,,,,
10.96015,0.140313,,,,
10.98337,0.141487,,,,
11.0067,0.142661,,,,
11.03012,0.14389,,,,
11.05363,0.14512,,,,
11.07725,0.146238,,,,
11.10097,0.1473,,,,
11.1248,0.14853,,,,
11.14872,0.149704,,,,
11.17275,0.150599,,,,
11.19687,0.151381,,,,
11.22111,0.152164,,,,
11.24545,0.152891,,,,
11.26989,0.153617,,,,
11.29445,0.154288,,,,
11.31911,0.154735,,,,
11.34388,0.15535,,,,
11.36875,0.155742,,,,
11.39374,0.155853,,,,
11.41884,0.156301,,,,
11.44405,0.156804,,,,
11.46936,0.157139,,,,
11.4948,0.157698,,,,
11.52034,0.158145,,,,
11.546,0.158369,,,,
11.57177,0.158648,,,,
11.59766,0.15904,,,,
11.62367,0.159543,,,,
11.64979,0.159822,,,,
11.67602,0.159878,,,,
11.70238,0.159934,,,,
11.72886,0.160046,,,,
11.75545,0.160046,,,,
11.78217,0.159431,,,,
11.809,0.158816,,,,
11.83596,0.158369,,,,
11.86305,0.157754,,,,
11.89026,0.156971,,,,
11.91759,0.156357,,,,
11.94505,0.155071,,,,
11.97264,0.153673,,,,
12.00035,0.152108,,,,
12.0282,0.14976,,,,
12.05617,0.147245,,,,
12.08427,0.144561,,,,
12.11251,0.141095,,,,
12.14087,0.136567,,,,
12.16937,0.130921,,,,
12.19801,0.124437,,,,
12.22678,0.117058,,,,
12.25569,0.108784,,,,
12.28473,0.100231,,,,
12.31391,0.091399,,,,
12.34323,0.082734,,,,
12.37269,0.074573,,,,
12.40229,0.06697,,,,
12.43203,0.059982,,,,
12.46191,0.054448,,,,
12.49193,0.0502,,,,
12.5221,0.046901,,,,
12.55242,0.044609,,,,
12.58289,0.0431,,,,
12.61351,0.042597,,,,
12.64427,0.042373,,,,
12.67519,0.042262,,,,
12.70625,0.042541,,,,
12.73748,0.042988,,,,
12.76885,0.04338,,,,
12.80038,0.043491,,,,
12.83206,0.043771,,,,
12.86391,0.044106,,,,
12.89591,0.044386,,,,
12.92806,0.044721,,,,
12.96038,0.045168,,,,
12.99287,0.045448,,,,
13.02552,0.04556,,,,
13.05833,0.045392,,,,
13.09131,0.045504,,,,
13.12445,0.045783,,,,
13.15776,0.045616,,,,
13.19124,0.04528,,,,
13.22489,0.045113,,,,
13.2587,0.044777,,,,
13.2927,0.044665,,,,
13.32687,0.044553,,,,
13.36122,0.04433,,,,
13.39574,0.044218,,,,
13.43045,0.044274,,,,
13.46533,0.044274,,,,
13.5004,0.043994,,,,
13.53565,0.043883,,,,
13.57109,0.044218,,,,
13.6067,0.044721,,,,
13.64251,0.045113,,,,
13.67851,0.045336,,,,
13.71469,0.045727,,,,
13.75107,0.045839,,,,
13.78764,0.04651,,,,
13.82442,0.047237,,,,
13.86138,0.047628,,,,
13.89855,0.048299,,,,
13.93591,0.049082,,,,
13.97347,0.049696,,,,
14.01124,0.050255,,,,
14.04921,0.050703,,,,
14.08738,0.051485,,,,
14.12575,0.052268,,,,
14.16435,0.053106,,,,
14.20316,0.053665,,,,
14.24218,0.054672,,,,
14.28141,0.05551,,,,
14.32086,0.056181,,,,
14.36053,0.057075,,,,
14.40042,0.058026,,,,
14.44054,0.058585,,,,
14.48088,0.058417,,,,
14.52144,0.05797,,,,
14.56223,0.058138,,,,
14.60325,0.05797,,,,
14.64451,0.057467,,,,
14.68599,0.056572,,,,
14.72771,0.055566,,,,
14.76966,0.054336,,,,
14.81186,0.052659,,,,
14.8543,0.051318,,,,
14.89698,0.050144,,,,
14.93992,0.048467,,,,
14.98309,0.046622,,,,
15.02652,0.044889,,,,
15.0702,0.043324,,,,
15.11415,0.041535,,,,
15.15834,0.03997,,,,
15.2028,0.03874,,,,
15.24751,0.037678,,,,
15.29249,0.036783,,,,
15.33773,0.03723,,,,
15.38325,0.038852,,,,
15.42903,0.041423,,,,
15.47509,0.044442,,,,
15.52142,0.047516,,,,
15.56804,0.049585,,,,
15.61493,0.050255,,,,
15.6621,0.049752,,,,
15.70956,0.049193,,,,
15.75731,0.04897,,,,
15.80535,0.049305,,,,
15.85367,0.049696,,,,
15.9023,0.050982,,,,
15.95123,0.053106,,,,
16.00046,0.055957,,,,
16.05,0.06015,,,,
16.09985,0.065461,,,,
16.15,0.071554,,,,
16.20047,0.078989,,,,
16.25127,0.087374,,,,
16.30237,0.095647,,,,
16.3538,0.103194,,,,
16.40555,0.109791,,,,
16.45763,0.115381,,,,
16.51004,0.120244,,,,
16.56279,0.123822,,,,
16.61588,0.125834,,,,
16.66931,0.127288,,,,
16.72309,0.128014,,,,
16.77721,0.127455,,,,
16.83168,0.126226,,,,
16.8865,0.124157,,,,
16.94169,0.121698,,,,
16.99723,0.118958,,,,
17.05315,0.116331,,,,
17.10941,0.11348,,,,
17.16606,0.110909,,,,
17.22309,0.108169,,,,
17.2805,0.105039,,,,
17.3383,0.102188,,,,
17.39648,0.098554,,,,
17.45506,0.094585,,,,
17.51403,0.091343,,,,
17.5734,0.08838,,,,
17.63318,0.0862,,,,
17.69336,0.083573,,,,
17.75395,0.081057,,,,
17.81496,0.078374,,,,
17.87639,0.076138,,,,
17.93825,0.074573,,,,
18.00054,0.073902,,,,
18.06327,0.075579,,,,
18.12643,0.078933,,,,
18.19003,0.082846,,,,
18.25408,0.085809,,,,
18.31858,0.087654,,,,
18.38354,0.088772,,,,
18.44896,0.087877,,,,
18.51485,0.086647,,,,
18.58119,0.085362,,,,
18.64803,0.084579,,,,
18.71535,0.084132,,,,
18.78316,0.083852,,,,
18.85146,0.083852,,,,
18.92026,0.084355,,,,
18.98957,0.084803,,,,
19.05938,0.084635,,,,
19.12973,0.083461,,,,
19.20058,0.082511,,,,
19.27195,0.080107,,,,
19.34386,0.077312,,,,
19.41631,0.075411,,,,
19.48931,0.072728,,,,
19.56285,0.070045,,,,
19.63695,0.069038,,,,
19.71159,0.068368,,,,
19.78683,0.068312,,,,
19.86264,0.068088,,,,
19.93903,0.06669,,,,
20.01602,0.06451,,,,
20.0936,0.061235,,,,
20.17178,0.057335,,,,
20.25058,0.053797,,,,
20.33001,0.049609,,,,
20.41005,0.047587,,,,
20.49072,0.045926,,,,
20.57203,0.042316,,,,
20.65399,0.040799,,,,
20.73661,0.040294,,,,
20.81989,0.038922,,,,
20.90384,0.0369,,,,
20.98849,0.036033,,,,
21.07381,0.035744,,,,
21.15982,0.035383,,,,
21.24654,0.034084,,,,
21.33398,0.032206,,,,
21.42213,0.03134,,,,
21.51102,0.032712,,,,
21.60065,0.033361,,,,
21.691,0.032423,,,,
21.78214,0.03235,,,,
21.87405,0.034372,,,,
21.96673,0.037044,,,,
22.06021,0.039933,,,,
22.15448,0.043254,,,,
22.24957,0.045565,,,,
22.34547,0.04932,,,,
22.44222,0.052714,,,,
22.5398,0.05553,,,,
22.63822,0.057841,,,,
22.73751,0.05943,,,,
22.83768,0.061812,,,,
22.93873,0.063618,,,,
23.04068,0.065134,,,,
23.14354,0.066001,,,,
23.24734,0.065351,,,,
23.35206,0.064051,,,,
23.45773,0.062968,,,,
23.56435,0.061957,,,,
23.67195,0.061379,,,,
23.78054,0.061163,,,,
23.89013,0.059935,,,,
24.00073,0.05878,,,,
24.11232,0.057624,,,,
24.225,0.05748,,,,
24.33873,0.057119,,,,
24.45354,0.055458,,,,
24.56943,0.056686,,,,
24.68643,0.058274,,,,
24.80454,0.057552,,,,
24.9238,0.05748,,,,
25.04422,0.057985,,,,
25.1658,0.057335,,,,
25.28855,0.056613,,,,
25.41252,0.056324,,,,
25.5377,0.056541,,,,
25.66413,0.055747,,,,
25.79181,0.056036,,,,
25.92077,0.057552,,,,
26.05105,0.058852,,,,
26.18262,0.060513,,,,
26.31553,0.062101,,,,
26.44979,0.064268,,,,
26.58543,0.064701,,,,
26.72247,0.064773,,,,
26.86093,0.065567,,,,
27.00083,0.066145,,,,
27.14215,0.066217,,,,
27.285,0.066362,,,,
27.42937,0.067517,,,,
27.57527,0.067373,,,,
27.72273,0.066939,,,,
27.87178,0.067662,,,,
28.02243,0.066867,,,,
28.17473,0.066145,,,,
28.32872,0.066723,,,,
28.48437,0.066939,,,,
28.64174,0.066651,,,,
28.80086,0.066651,,,,
28.96176,0.065712,,,,
29.12447,0.064268,,,,
29.28901,0.064195,,,,
29.45543,0.065134,,,,
29.62378,0.066434,,,,
29.79403,0.067662,,,,
29.96625,0.069683,,,,
30.14047,0.071489,,,,
30.31673,0.072789,,,,
30.49507,0.074666,,,,
30.67551,0.077266,,,,
30.8581,0.078421,,,,
31.04282,0.080948,,,,
31.22982,0.084414,,,,
31.4191,0.087592,,,,
31.61068,0.090264,,,,
31.80461,0.094091,,,,
32.00093,0.098423,,,,
32.1997,0.102323,,,,
32.40094,0.10615,,,,
32.60476,0.110555,,,,
32.81112,0.113949,,,,
33.0201,0.117631,,,,
33.23177,0.121603,,,,
33.44617,0.124997,,,,
33.66335,0.129185,,,,
33.88338,0.133951,,,,
34.10629,0.1385,,,,
34.33209,0.143122,,,,
34.56097,0.148682,,,,
34.79292,0.154387,,,,
35.02801,0.162041,,,,
35.26629,0.169334,,,,
35.50784,0.177133,,,,
35.75272,0.186521,,,,
36.00101,0.195186,,,,
36.25281,0.201468,,,,
36.50811,0.207895,,,,
36.76704,0.212517,,,,
37.02966,0.213961,,,,
37.29606,0.215983,,,,
37.56632,0.218654,,,,
37.84053,0.220243,,,,
38.11877,0.221615,,,,
38.40118,0.223926,,,,
38.68776,0.226886,,,,
38.97864,0.229053,,,,
39.27393,0.229269,,,,
39.57373,0.233097,,,,
39.87815,0.236852,,,,
40.18728,0.237574,,,,
40.50124,0.238946,,,,
40.82004,0.238079,,,,
41.14401,0.235696,,,,
41.47316,0.232736,,,,
41.80763,0.227897,,,,
42.14752,0.221615,,,,
42.49299,0.213094,,,,
42.84417,0.201902,,,,
43.20121,0.190925,,,,
43.56431,0.182621,,,,
43.9335,0.176483,,,,
44.309,0.176411,,,,
44.69098,0.180455,,,,
45.07959,0.186304,,,,
45.47503,0.194031,,,,
45.87746,0.200457,,,,
46.28708,0.20479,,,,
46.70416,0.209845,,,,
47.12874,0.216488,,,,
47.56112,0.22046,,,,
48.0015,0.220532,,,,
48.45011,0.222626,,,,
48.90719,0.220171,,,,
49.37297,0.215694,,,,
49.84771,0.213383,,,,
50.33151,0.209123,,,,
50.82496,0.202046,,,,
51.32817,0.194175,,,,
51.84145,0.186665,,,,
52.3651,0.18031,,,,
52.89944,0.172151,,,,
53.44479,0.162763,,,,
54.00151,0.154531,,,,
54.57006,0.144566,,,,
55.15059,0.13424,,,,
55.74361,0.125358,,,,
56.34952,0.11727,,,,
56.96874,0.109977,,,,
57.60173,0.100373,,,,
58.24894,0.090697,,,,
58.91086,0.081959,,,,
59.58812,0.073944,,,,
60.28101,0.066651,,,,
60.9902,0.059502,,,,
61.71627,0.052786,,,,
62.45985,0.050114,,,,
63.22155,0.05127,,,,
64.00207,0.052064,,,,
64.80209,0.050114,,,,
65.62209,0.04737,,,,
66.4634,0.04672,,,,
67.32656,0.047876,,,,
68.21244,0.047009,,,,
69.12193,0.047226,,,,
70.05602,0.04932,,,,
71.01569,0.050331,,,,
72.00201,0.050331,,,,
73.01632,0.052136,,,,
74.05941,0.05358,,,,
75.13274,0.055386,,,,
76.23762,0.058852,,,,
77.3755,0.060874,,,,
78.54786,0.062318,,,,
79.75629,0.062462,,,,
81.00249,0.062101,,,,
82.28849,0.061379,,,,
83.61573,0.060946,,,,
84.98648,0.063546,,,,
86.40293,0.065206,,,,
87.86739,0.066362,,,,
89.38236,0.06434,,,,
90.95047,0.063834,,,,
92.57459,0.063979,,,,
94.25721,0.064556,,,,
96.00271,0.06925,,,,
97.81408,0.0725,,,,
99.69511,0.07676,,,,
101.64992,0.080587,,,,
103.68291,0.084559,,,,
105.79889,0.086797,,,,
108.00303,0.083837,,,,
110.30139,0.090408,,,,
112.69925,0.099073,,,,
115.20368,0.103045,,,,
117.82195,0.103478,,,,
120.562,0.116548,,,,
123.43254,0.121531,,,,
126.44309,0.116404,,,,
129.60419,0.127452,,,,
132.92625,0.141822,,,,
136.42429,0.153881,,,,
140.11142,0.15482,,,,
144.00337,0.164568,,,,
148.11772,0.178072,,,,
152.47411,0.184932,,,,
157.0945,0.180166,,,,
162.00366,0.179733,,,,
167.23055,0.219015,,,,
172.80489,0.221976,,,,
178.76367,0.23548,,,,
185.14809,0.250716,,,,
192.0054,0.247467,,,,
199.39021,0.299242,,,,
207.36581,0.50627,,,,
216.00604,0.758214,,,,
