Wavelength (Âµm),Augite ws592 spliced
0.3011,0.045344
0.3051,0.047974
0.3091,0.049266
0.3131,0.054325
0.3171,0.058099
0.3211,0.062474
0.3251,0.068898
0.3291,0.072329
0.3331,0.076753
0.3371,0.081827
0.3411,0.085483
0.3451,0.090081
0.3491,0.095055
0.3531,0.100909
0.3571,0.106824
0.3606,0.110864
0.3636,0.117003
0.3666,0.121547
0.3696,0.124597
0.3726,0.129644
0.3756,0.132322
0.3786,0.138221
0.3811,0.140512
0.3831,0.143531
0.3851,0.145015
0.3871,0.149176
0.3891,0.151659
0.3911,0.153158
0.3931,0.157966
0.3951,0.159176
0.3971,0.162667
0.3991,0.163785
0.4011,0.166948
0.4031,0.168349
0.4051,0.168709
0.4071,0.17254
0.4091,0.173716
0.4111,0.176884
0.4128,0.177089
0.4158,0.180226
0.4188,0.184615
0.4218,0.183561
0.4248,0.190318
0.4278,0.191427
0.4308,0.193831
0.4338,0.197276
0.4368,0.200065
0.4398,0.202034
0.4428,0.202825
0.4458,0.20891
0.4488,0.209787
0.4513,0.21196
0.4533,0.211872
0.4553,0.214427
0.4573,0.216344
0.4593,0.216792
0.4613,0.21506
0.4633,0.220289
0.4653,0.222859
0.4673,0.223882
0.4693,0.222772
0.4713,0.227273
0.4733,0.228328
0.4753,0.231038
0.4773,0.22972
0.4793,0.23247
0.4813,0.235417
0.4833,0.239724
0.4853,0.240843
0.4873,0.24178
0.4893,0.241819
0.4913,0.247792
0.4933,0.249115
0.4953,0.252438
0.4973,0.25581
0.4993,0.256839
0.5013,0.25705
0.5033,0.261311
0.5053,0.26444
0.5073,0.267013
0.5093,0.269426
0.5113,0.27114
0.5133,0.276358
0.5153,0.278234
0.5173,0.284011
0.5193,0.282745
0.5213,0.287643
0.5233,0.289506
0.5253,0.293541
0.5273,0.293731
0.5293,0.298782
0.5313,0.298164
0.5333,0.300794
0.5353,0.301979
0.5373,0.301786
0.5393,0.306166
0.5413,0.306226
0.5433,0.308834
0.5453,0.308181
0.5473,0.311339
0.5493,0.312398
0.5513,0.312344
0.5533,0.314145
0.5553,0.315838
0.5573,0.316209
0.5593,0.317829
0.5613,0.316716
0.5633,0.319832
0.5653,0.319435
0.5673,0.319705
0.5693,0.316734
0.5713,0.317828
0.5733,0.318697
0.5753,0.318088
0.5773,0.317891
0.5793,0.319108
0.5813,0.318378
0.5833,0.318094
0.5853,0.317291
0.5873,0.31721
0.5893,0.314933
0.5913,0.318045
0.5933,0.312463
0.5953,0.315078
0.5973,0.314272
0.5993,0.313964
0.6011,0.311026
0.6027,0.312741
0.6043,0.311936
0.6059,0.311901
0.6075,0.310492
0.6091,0.310882
0.6107,0.311576
0.6123,0.309167
0.6139,0.310254
0.6155,0.309231
0.6171,0.307541
0.6187,0.305963
0.6203,0.305478
0.6219,0.30523
0.6235,0.306216
0.6251,0.305162
0.6267,0.304835
0.6283,0.30696
0.6299,0.30557
0.6317,0.304047
0.6337,0.304422
0.6357,0.304298
0.6377,0.304267
0.6397,0.303402
0.6417,0.305965
0.6437,0.307613
0.6457,0.306535
0.6477,0.304953
0.6497,0.304906
0.6517,0.305381
0.6537,0.305566
0.6557,0.305122
0.6577,0.305534
0.6597,0.306764
0.6617,0.30918
0.6637,0.308118
0.6657,0.307099
0.6677,0.309878
0.6702,0.309807
0.6732,0.313442
0.6762,0.312065
0.6792,0.313727
0.6822,0.318601
0.6852,0.316935
0.6882,0.316817
0.6912,0.317473
0.6942,0.31943
0.6972,0.320477
0.7002,0.323166
0.702,0.322715
0.704,0.324259
0.706,0.325823
0.708,0.327294
0.71,0.328334
0.712,0.330864
0.714,0.330654
0.716,0.331674
0.718,0.334067
0.72,0.334933
0.722,0.335565
0.724,0.337134
0.726,0.339006
0.728,0.340686
0.73,0.339565
0.732,0.342911
0.734,0.343455
0.736,0.343783
0.738,0.345292
0.74,0.34435
0.742,0.349551
0.744,0.348105
0.746,0.349685
0.748,0.350797
0.7505,0.351392
0.7535,0.353369
0.7565,0.35562
0.7595,0.355537
0.7625,0.357535
0.7655,0.357589
0.7685,0.359202
0.7715,0.359626
0.7745,0.361499
0.7775,0.36283
0.781,0.364041
0.785,0.36655
0.789,0.368136
0.793,0.368922
0.797,0.369904
0.8015,0.37363
0.8065,0.37312
0.8115,0.37448
0.8165,0.376794
0.822,0.379163
0.828,0.379566
0.835,0.379617
0.843,0.380363
0.851,0.377365
0.859,0.370298
0.871,0.366689
0.883,0.353368
0.894,0.342254
0.904,0.328396
0.914,0.323247
0.924,0.309228
0.933,0.302725
0.941,0.289307
0.949,0.279171
0.957,0.271928
0.964,0.265323
0.97,0.259981
0.976,0.256649
0.982,0.252348
0.988,0.24968
0.994,0.248187
1,0.24202
1.006,0.242471
1.012,0.239114
1.018,0.240097
1.0235,0.239855
1.0285,0.236998
1.0335,0.241641
1.0385,0.242228
1.0435,0.244289
1.0485,0.247132
1.0535,0.249736
1.0585,0.252345
1.0635,0.256958
1.0685,0.260555
1.0735,0.263763
1.0785,0.267575
1.0835,0.273104
1.0885,0.27977
1.0935,0.28482
1.0985,0.285029
1.1035,0.293785
1.1085,0.300125
1.1135,0.305556
1.1185,0.31348
1.1235,0.319884
1.1285,0.324634
1.1335,0.330601
1.1385,0.336122
1.1435,0.339521
1.1485,0.342924
1.1535,0.351232
1.1585,0.356164
1.1635,0.361454
1.1685,0.365777
1.1735,0.370223
1.1785,0.375329
1.1835,0.377222
1.1885,0.382798
1.1935,0.383997
1.1985,0.384599
1.2035,0.391056
1.2085,0.394216
1.2135,0.40037
1.2185,0.400033
1.2235,0.402788
1.2285,0.405361
1.2335,0.409469
1.2385,0.411849
1.2435,0.414276
1.2485,0.415838
1.2535,0.420889
1.2585,0.424064
1.2635,0.424998
1.2685,0.425247
1.2735,0.430534
1.2785,0.432497
1.2835,0.435141
1.2885,0.437642
1.2935,0.438444
1.2985,0.442102
1.3035,0.443538
1.3085,0.447379
1.3135,0.451669
1.3185,0.453508
1.3235,0.453193
1.3285,0.456625
1.3335,0.456245
1.3385,0.459959
1.3435,0.461681
1.3485,0.46619
1.3535,0.463562
1.3585,0.467019
1.3635,0.470746
1.3685,0.473714
1.3735,0.477356
1.3785,0.474172
1.3835,0.476435
1.3885,0.475841
1.3935,0.478694
1.3985,0.485312
1.4035,0.484968
1.4085,0.48162
1.4135,0.48733
1.4185,0.48841
1.4235,0.494088
1.4285,0.495768
1.4335,0.495289
1.4385,0.498482
1.4435,0.501108
1.4485,0.505594
1.4535,0.505374
1.4585,0.507541
1.4635,0.512366
1.4685,0.511614
1.4735,0.51507
1.4785,0.514792
1.4835,0.519637
1.4885,0.520257
1.4935,0.522871
1.4985,0.527894
1.5035,0.525795
1.5085,0.525591
1.5135,0.52892
1.5185,0.530397
1.5235,0.532374
1.5285,0.532093
1.534,0.535013
1.54,0.539179
1.546,0.54151
1.552,0.542052
1.558,0.544132
1.564,0.545796
1.5705,0.54586
1.5775,0.546206
1.5845,0.54721
1.5915,0.550318
1.5985,0.551399
1.6055,0.551822
1.6125,0.55369
1.6195,0.554896
1.6265,0.554743
1.6335,0.552095
1.6405,0.555525
1.6475,0.555198
1.6545,0.553602
1.6615,0.556407
1.6685,0.556146
1.676,0.554885
1.684,0.5561
1.692,0.554668
1.7,0.551434
1.708,0.557762
1.716,0.554575
1.724,0.554471
1.732,0.552681
1.74,0.550891
1.748,0.550344
1.756,0.54716
1.764,0.543626
1.772,0.546538
1.78,0.542208
1.788,0.535237
1.796,0.538774
1.80005,0.533536
1.80068,0.533391
1.8013,0.533149
1.80193,0.533004
1.80256,0.533053
1.80318,0.533004
1.80381,0.532859
1.80444,0.532617
1.80507,0.532714
1.8057,0.532423
1.80633,0.532182
1.80695,0.532133
1.80758,0.53194
1.80822,0.531698
1.80885,0.531456
1.80948,0.531359
1.81011,0.531117
1.81074,0.530923
1.81137,0.530972
1.81201,0.530585
1.81264,0.530343
1.81328,0.530294
1.81391,0.530246
1.81455,0.530198
1.81518,0.52981
1.81582,0.529714
1.81645,0.529762
1.81709,0.52981
1.81773,0.52952
1.81836,0.529472
1.819,0.529375
1.81964,0.528697
1.82028,0.527778
1.82092,0.527972
1.82156,0.527923
1.8222,0.528117
1.82284,0.528456
1.82348,0.528794
1.82412,0.528649
1.82476,0.528504
1.82541,0.527439
1.82605,0.52623
1.82669,0.526955
1.82734,0.527585
1.82798,0.527101
1.82863,0.526762
1.82927,0.526665
1.82992,0.526423
1.83056,0.525504
1.83121,0.525504
1.83186,0.52623
1.8325,0.526084
1.83315,0.526181
1.8338,0.525988
1.83445,0.525213
1.8351,0.524681
1.83575,0.524004
1.8364,0.523859
1.83705,0.52381
1.8377,0.523375
1.83835,0.524391
1.83901,0.524052
1.83966,0.522939
1.84031,0.523568
1.84096,0.523278
1.84162,0.521729
1.84227,0.522504
1.84293,0.523713
1.84358,0.523762
1.84424,0.523762
1.84489,0.523713
1.84555,0.523423
1.84621,0.521778
1.84687,0.520133
1.84753,0.520423
1.84818,0.520859
1.84884,0.521778
1.8495,0.522262
1.85016,0.522165
1.85082,0.521971
1.85148,0.521875
1.85214,0.521246
1.85281,0.520278
1.85347,0.519068
1.85413,0.519455
1.8548,0.52081
1.85546,0.520955
1.85612,0.519455
1.85679,0.519068
1.85745,0.519988
1.85812,0.520278
1.85879,0.519165
1.85945,0.517181
1.86012,0.517423
1.86079,0.518487
1.86146,0.519068
1.86212,0.518923
1.86279,0.518536
1.86346,0.517907
1.86413,0.517568
1.8648,0.517665
1.86547,0.517858
1.86615,0.517568
1.86682,0.51631
1.86749,0.51452
1.86816,0.514907
1.86884,0.515584
1.86951,0.5151
1.87018,0.513552
1.87086,0.512342
1.87154,0.513939
1.87221,0.513552
1.87289,0.511616
1.87357,0.512294
1.87424,0.51331
1.87492,0.512971
1.8756,0.512923
1.87628,0.512245
1.87696,0.511471
1.87764,0.5121
1.87832,0.51239
1.879,0.512052
1.87968,0.511616
1.88036,0.511181
1.88104,0.51089
1.88173,0.51089
1.88241,0.510503
1.88309,0.509681
1.88378,0.508519
1.88446,0.508568
1.88515,0.508616
1.88583,0.508132
1.88652,0.507648
1.88721,0.507551
1.88789,0.507164
1.88858,0.506632
1.88927,0.505616
1.88996,0.504406
1.89065,0.504503
1.89134,0.504309
1.89203,0.503777
1.89272,0.503535
1.89341,0.502858
1.8941,0.502713
1.89479,0.502519
1.89549,0.501938
1.89618,0.501164
1.89687,0.500438
1.89757,0.499616
1.89826,0.498987
1.89896,0.497487
1.89965,0.496567
1.90035,0.497003
1.90105,0.497632
1.90174,0.49739
1.90244,0.49589
1.90314,0.495696
1.90384,0.496229
1.90454,0.495067
1.90524,0.493857
1.90594,0.494051
1.90664,0.494003
1.90734,0.494583
1.90804,0.494922
1.90875,0.494874
1.90945,0.494486
1.91015,0.493954
1.91086,0.49347
1.91156,0.493277
1.91227,0.493422
1.91297,0.492406
1.91368,0.49197
1.91439,0.492793
1.91509,0.493325
1.9158,0.493083
1.91651,0.492841
1.91722,0.492986
1.91793,0.493083
1.91864,0.492793
1.91935,0.491777
1.92006,0.490664
1.92077,0.490761
1.92148,0.491922
1.92219,0.492115
1.92291,0.492067
1.92362,0.491438
1.92433,0.491535
1.92505,0.491922
1.92576,0.491874
1.92648,0.49139
1.92719,0.491244
1.92791,0.490954
1.92863,0.490567
1.92935,0.490857
1.93007,0.490809
1.93078,0.490712
1.9315,0.49047
1.93222,0.490228
1.93294,0.490083
1.93366,0.48989
1.93439,0.490035
1.93511,0.489986
1.93583,0.489357
1.93655,0.489115
1.93728,0.489164
1.938,0.488922
1.93873,0.488535
1.93945,0.488535
1.94018,0.488728
1.9409,0.488535
1.94163,0.488293
1.94236,0.488196
1.94309,0.488002
1.94382,0.487906
1.94454,0.487857
1.94527,0.487809
1.946,0.48776
1.94673,0.487422
1.94747,0.486889
1.9482,0.486793
1.94893,0.486889
1.94966,0.486357
1.9504,0.486067
1.95113,0.486164
1.95186,0.486018
1.9526,0.485535
1.95334,0.485293
1.95407,0.485147
1.95481,0.484857
1.95555,0.484615
1.95629,0.484325
1.95702,0.484131
1.95776,0.483889
1.9585,0.483647
1.95924,0.483599
1.95998,0.483405
1.96072,0.483164
1.96147,0.482825
1.96221,0.482389
1.96295,0.482196
1.96369,0.482099
1.96444,0.481954
1.96518,0.481615
1.96593,0.481373
1.96667,0.481083
1.96742,0.480696
1.96817,0.480309
1.96891,0.480018
1.96966,0.479825
1.97041,0.479728
1.97116,0.479438
1.97191,0.479099
1.97266,0.478954
1.97341,0.478809
1.97416,0.478518
1.97492,0.478228
1.97567,0.477938
1.97642,0.477502
1.97718,0.477163
1.97793,0.476921
1.97869,0.476728
1.97944,0.476776
1.9802,0.476825
1.98095,0.476486
1.98171,0.476196
1.98247,0.476002
1.98323,0.475518
1.98399,0.475373
1.98474,0.475179
1.98551,0.474841
1.98627,0.47426
1.98703,0.474115
1.98779,0.474018
1.98855,0.473873
1.98931,0.473679
1.99008,0.473292
1.99084,0.472953
1.99161,0.47276
1.99237,0.472421
1.99314,0.472228
1.99391,0.472179
1.99467,0.471841
1.99544,0.47155
1.99621,0.471308
1.99698,0.471018
1.99775,0.470921
1.99852,0.470873
1.99929,0.470534
2.00006,0.470098
2.00083,0.469905
2.0016,0.469615
2.00238,0.469227
2.00315,0.469082
2.00392,0.468986
2.0047,0.468647
2.00548,0.468453
2.00625,0.46826
2.00703,0.467921
2.00781,0.467776
2.00858,0.467921
2.00936,0.467727
2.01014,0.46734
2.01092,0.46705
2.0117,0.466856
2.01248,0.466663
2.01326,0.466324
2.01405,0.466082
2.01483,0.46584
2.01561,0.465889
2.0164,0.465695
2.01718,0.465405
2.01797,0.465163
2.01875,0.465066
2.01954,0.464872
2.02033,0.464582
2.02111,0.46434
2.0219,0.463905
2.02269,0.463711
2.02348,0.463566
2.02427,0.463518
2.02506,0.463227
2.02585,0.462889
2.02664,0.462695
2.02744,0.462501
2.02823,0.462211
2.02902,0.462066
2.02982,0.461776
2.03061,0.46134
2.03141,0.461001
2.0322,0.461001
2.033,0.460808
2.0338,0.460614
2.0346,0.460421
2.0354,0.46013
2.03619,0.45984
2.037,0.459695
2.0378,0.459405
2.0386,0.459163
2.0394,0.459114
2.0402,0.458872
2.04101,0.458388
2.04181,0.458098
2.04261,0.457904
2.04342,0.457566
2.04422,0.457469
2.04503,0.457324
2.04584,0.456888
2.04665,0.456598
2.04745,0.456453
2.04826,0.456114
2.04907,0.455872
2.04988,0.45563
2.05069,0.455437
2.05151,0.455291
2.05232,0.454856
2.05313,0.454421
2.05394,0.454275
2.05476,0.454179
2.05557,0.453791
2.05639,0.453404
2.0572,0.453211
2.05802,0.453017
2.05884,0.452775
2.05966,0.452291
2.06047,0.451904
2.06129,0.451566
2.06211,0.451324
2.06293,0.45113
2.06376,0.450743
2.06458,0.450404
2.0654,0.450162
2.06622,0.449775
2.06705,0.449582
2.06787,0.449291
2.0687,0.448952
2.06952,0.448614
2.07035,0.448275
2.07118,0.448033
2.072,0.447791
2.07283,0.447404
2.07366,0.447065
2.07449,0.44692
2.07532,0.446485
2.07615,0.446243
2.07699,0.446001
2.07782,0.445614
2.07865,0.445275
2.07948,0.444936
2.08032,0.444598
2.08115,0.444501
2.08199,0.44421
2.08283,0.443968
2.08366,0.44363
2.0845,0.443291
2.08534,0.442904
2.08618,0.442517
2.08702,0.44213
2.08786,0.441743
2.0887,0.441452
2.08954,0.441259
2.09039,0.441017
2.09123,0.440823
2.09207,0.440678
2.09292,0.440388
2.09376,0.440001
2.09461,0.43971
2.09545,0.439323
2.0963,0.43913
2.09715,0.438742
2.098,0.438259
2.09885,0.438017
2.0997,0.438065
2.10055,0.437726
2.1014,0.437339
2.10225,0.437049
2.10311,0.436904
2.10396,0.43671
2.10481,0.436226
2.10567,0.435839
2.10652,0.435839
2.10738,0.435646
2.10824,0.435355
2.10909,0.435065
2.10995,0.434823
2.11081,0.435588
2.11167,0.435731
2.11253,0.434823
2.11339,0.433915
2.11425,0.433485
2.11512,0.432768
2.11598,0.432242
2.11684,0.432195
2.11771,0.432147
2.11858,0.43186
2.11944,0.431526
2.12031,0.431
2.12118,0.430379
2.12204,0.430379
2.12291,0.430426
2.12378,0.429996
2.12465,0.429423
2.12553,0.428945
2.1264,0.428802
2.12727,0.428467
2.12814,0.427942
2.12902,0.427607
2.12989,0.427559
2.13077,0.427464
2.13164,0.426842
2.13252,0.425887
2.1334,0.425648
2.13428,0.425934
2.13515,0.425457
2.13603,0.424931
2.13691,0.424166
2.1378,0.423736
2.13868,0.423927
2.13956,0.424071
2.14044,0.423736
2.14133,0.423067
2.14221,0.422207
2.1431,0.421729
2.14399,0.421777
2.14487,0.421586
2.14576,0.421538
2.14665,0.421442
2.14754,0.421012
2.14843,0.421012
2.14932,0.420964
2.15021,0.420295
2.1511,0.419674
2.15199,0.41977
2.15289,0.419579
2.15378,0.41891
2.15468,0.418575
2.15557,0.418718
2.15647,0.418241
2.15737,0.417715
2.15827,0.417428
2.15916,0.417189
2.16006,0.416902
2.16096,0.416186
2.16186,0.415708
2.16277,0.416042
2.16367,0.416233
2.16457,0.416042
2.16548,0.415517
2.16638,0.415087
2.16729,0.41523
2.1682,0.414752
2.1691,0.414035
2.17001,0.413366
2.17092,0.413414
2.17183,0.413414
2.17274,0.412602
2.17365,0.412267
2.17456,0.412315
2.17547,0.412219
2.17639,0.411741
2.1773,0.411359
2.17822,0.411263
2.17913,0.411025
2.18005,0.410881
2.18097,0.410499
2.18188,0.409734
2.1828,0.409639
2.18372,0.409495
2.18464,0.409065
2.18556,0.408779
2.18648,0.408635
2.18741,0.408492
2.18833,0.40811
2.18925,0.407871
2.19018,0.407775
2.1911,0.407488
2.19203,0.407154
2.19296,0.406771
2.19389,0.406294
2.19482,0.405672
2.19575,0.405481
2.19668,0.405481
2.19761,0.405099
2.19854,0.405386
2.19947,0.405386
2.20041,0.404908
2.20134,0.404382
2.20228,0.403952
2.20321,0.403809
2.20415,0.403761
2.20508,0.403522
2.20602,0.403235
2.20696,0.403092
2.2079,0.402805
2.20884,0.402232
2.20978,0.401993
2.21073,0.401849
2.21167,0.401563
2.21261,0.401276
2.21356,0.40118
2.2145,0.400702
2.21545,0.400416
2.2164,0.400511
2.21735,0.400272
2.21829,0.399794
2.21924,0.399508
2.2202,0.399173
2.22115,0.398647
2.2221,0.398552
2.22305,0.398456
2.22401,0.397931
2.22496,0.397453
2.22591,0.396736
2.22687,0.396832
2.22783,0.396975
2.22878,0.396879
2.22974,0.396736
2.2307,0.396545
2.23166,0.395876
2.23263,0.395398
2.23359,0.394872
2.23455,0.394347
2.23551,0.393916
2.23648,0.393678
2.23744,0.393773
2.23841,0.393534
2.23937,0.3932
2.24034,0.392817
2.24131,0.392674
2.24228,0.392722
2.24325,0.392339
2.24422,0.39167
2.2452,0.391432
2.24617,0.391288
2.24714,0.390954
2.24812,0.390858
2.24909,0.390715
2.25007,0.39038
2.25104,0.39038
2.25202,0.390046
2.253,0.38995
2.25398,0.389854
2.25496,0.389233
2.25594,0.389042
2.25692,0.388803
2.25791,0.388469
2.25889,0.388325
2.25988,0.387991
2.26086,0.387608
2.26185,0.387465
2.26283,0.387083
2.26382,0.386987
2.26481,0.387178
2.2658,0.386748
2.26679,0.386175
2.26778,0.385745
2.26878,0.385506
2.26977,0.385267
2.27076,0.385171
2.27176,0.385123
2.27276,0.38455
2.27375,0.384072
2.27475,0.383929
2.27575,0.383547
2.27675,0.383642
2.27775,0.383738
2.27875,0.383308
2.27975,0.382973
2.28075,0.382447
2.28176,0.382113
2.28276,0.381683
2.28377,0.381444
2.28478,0.381061
2.28578,0.380966
2.28679,0.38087
2.2878,0.380679
2.28881,0.380536
2.28982,0.380392
2.29083,0.380058
2.29184,0.379867
2.29286,0.379389
2.29387,0.379007
2.29489,0.379007
2.29591,0.378672
2.29692,0.378529
2.29794,0.37872
2.29896,0.378624
2.29998,0.378672
2.301,0.378099
2.30202,0.377812
2.30305,0.377812
2.30407,0.377621
2.30509,0.377191
2.30612,0.376761
2.30714,0.376617
2.30817,0.376808
2.3092,0.376808
2.31023,0.376856
2.31126,0.376522
2.31229,0.376139
2.31332,0.3759
2.31435,0.375853
2.31539,0.375661
2.31642,0.375853
2.31746,0.375948
2.31849,0.375853
2.31953,0.375566
2.32057,0.375231
2.32161,0.37504
2.32265,0.375279
2.32369,0.375423
2.32473,0.375423
2.32578,0.375661
2.32682,0.375853
2.32786,0.375757
2.32891,0.375566
2.32996,0.375279
2.33101,0.375279
2.33205,0.375184
2.3331,0.375327
2.33415,0.375948
2.3352,0.376044
2.33626,0.375757
2.33731,0.375709
2.33836,0.375614
2.33942,0.37547
2.34048,0.375996
2.34153,0.376187
2.34259,0.375996
2.34365,0.37633
2.34471,0.376187
2.34577,0.376235
2.34683,0.376426
2.3479,0.376474
2.34896,0.376761
2.35002,0.376713
2.35109,0.376474
2.35216,0.376235
2.35323,0.37633
2.35429,0.376904
2.35536,0.376952
2.35643,0.376713
2.35751,0.376665
2.35858,0.376856
2.35965,0.377
2.36073,0.376665
2.3618,0.377
2.36288,0.377095
2.36395,0.377095
2.36503,0.377
2.36611,0.376808
2.36719,0.377143
2.36828,0.377095
2.36936,0.376761
2.37044,0.376808
2.37153,0.376856
2.37261,0.376856
2.3737,0.376713
2.37478,0.376713
2.37587,0.377047
2.37696,0.377
2.37805,0.377334
2.37914,0.377334
2.38024,0.377047
2.38133,0.377047
2.38242,0.376904
2.38352,0.376713
2.38461,0.376904
2.38571,0.376856
2.38681,0.376522
2.38791,0.376426
2.38901,0.377
2.39011,0.377286
2.39122,0.377286
2.39232,0.377573
2.39342,0.37743
2.39453,0.377047
2.39564,0.377191
2.39674,0.377573
2.39785,0.377669
2.39896,0.377812
2.40007,0.37829
2.40118,0.37829
2.4023,0.377908
2.40341,0.378146
2.40452,0.378768
2.40564,0.378768
2.40676,0.378815
2.40788,0.37872
2.40899,0.378624
2.41011,0.378911
2.41123,0.379198
2.41236,0.37915
2.41348,0.379246
2.4146,0.379676
2.41573,0.379962
2.41685,0.379915
2.41798,0.379819
2.41911,0.379867
2.42024,0.379819
2.42137,0.379723
2.4225,0.379962
2.42364,0.380297
2.42477,0.380727
2.4259,0.380918
2.42704,0.381014
2.42818,0.380918
2.42931,0.381061
2.43045,0.381396
2.43159,0.381396
2.43273,0.381109
2.43388,0.3813
2.43502,0.381348
2.43616,0.381587
2.43731,0.381969
2.43845,0.382352
2.4396,0.382352
2.44075,0.382591
2.4419,0.382639
2.44305,0.382782
2.4442,0.383164
2.44536,0.383403
2.44651,0.383594
2.44766,0.383547
2.44882,0.383308
2.44998,0.383642
2.45114,0.384072
2.4523,0.384598
2.45346,0.384789
2.45462,0.384932
2.45578,0.384932
2.45695,0.385267
2.45811,0.385315
2.45928,0.38541
2.46044,0.385745
2.46161,0.385793
2.46278,0.385936
2.46395,0.386175
2.46512,0.386175
2.4663,0.386605
2.46747,0.386844
2.46864,0.387035
2.46982,0.387131
2.471,0.38737
2.47218,0.387895
2.47336,0.388182
2.47454,0.388564
2.47572,0.388994
2.4769,0.389138
2.47809,0.389185
2.47927,0.389233
2.48046,0.389424
2.48164,0.38952
2.48283,0.389807
2.48402,0.389998
2.48521,0.390141
2.4864,0.390476
2.4876,0.390954
2.48879,0.391097
2.48999,0.391384
2.49118,0.391336
2.49238,0.391336
2.49358,0.391623
2.49478,0.391909
2.49598,0.392196
2.49718,0.39277
2.49839,0.392913
2.49959,0.392961
2.5008,0.393009
2.50201,0.3932
2.50321,0.393486
2.50442,0.39363
2.50563,0.393916
2.50684,0.394155
2.50806,0.394251
2.50927,0.394538
2.51049,0.394824
2.5117,0.395016
2.51292,0.395207
2.51414,0.395493
2.51536,0.395828
2.51658,0.396115
2.5178,0.396401
2.51903,0.396497
2.52025,0.396784
2.52148,0.397214
2.5227,0.397405
2.52393,0.397644
2.52516,0.398217
2.52639,0.398409
2.52762,0.398695
2.52886,0.398886
2.53009,0.398791
2.53132,0.39903
2.53256,0.399412
2.5338,0.399938
2.53504,0.399842
2.53628,0.400129
2.53752,0.400798
2.53876,0.401037
2.54001,0.40118
2.54125,0.401563
2.5425,0.401754
2.54375,0.402136
2.54499,0.402614
2.54624,0.402614
2.5475,0.402423
2.54875,0.402805
2.55,0.402996
2.55126,0.403187
2.55251,0.40357
2.55377,0.404573
2.55503,0.405386
2.55629,0.405768
2.55755,0.406007
2.55881,0.405768
2.56008,0.404334
2.56134,0.403474
2.56261,0.404095
2.56387,0.404908
2.56514,0.406533
2.56641,0.407918
2.56768,0.407249
2.56896,0.406294
2.57023,0.407202
2.57151,0.407823
2.57278,0.406485
2.57406,0.407488
2.57534,0.408396
2.57662,0.408253
2.5779,0.409352
2.57918,0.410021
2.58047,0.4094
2.58175,0.409448
2.58304,0.408253
2.58432,0.408826
2.58561,0.410021
2.5869,0.409687
2.5882,0.410451
2.58949,0.411502
2.59078,0.412363
2.59208,0.411407
2.59337,0.407345
2.59467,0.405051
2.59597,0.409448
2.59727,0.413318
2.59857,0.414418
2.59988,0.414083
2.60118,0.413653
2.60249,0.413223
2.60379,0.412124
2.6051,0.411263
2.60641,0.412458
2.60772,0.414035
2.60903,0.414465
2.61035,0.415469
2.61166,0.416233
2.61298,0.416138
2.6143,0.416233
2.61562,0.414322
2.61694,0.413653
2.61826,0.41523
2.61958,0.414561
2.62091,0.416042
2.62223,0.418049
2.62356,0.418432
2.62489,0.417667
2.62622,0.416186
2.62755,0.417237
2.62888,0.416377
2.63022,0.415039
2.63155,0.41738
2.63289,0.418193
2.63422,0.41848
2.63556,0.419435
2.6369,0.41977
2.63825,0.41977
2.63959,0.419579
2.64093,0.419387
2.64228,0.419149
2.64363,0.419149
2.64498,0.418671
2.64633,0.418862
2.64768,0.419387
2.64903,0.419483
2.65039,0.418766
2.65174,0.417476
2.6531,0.417428
2.65446,0.417476
2.65582,0.417428
2.65718,0.417667
2.65854,0.416329
2.6599,0.415421
2.66127,0.415421
2.66264,0.415087
2.664,0.412172
2.66538,0.409925
2.66674,0.409639
2.66812,0.40983
2.66949,0.406341
2.67087,0.405625
2.67224,0.40744
2.67362,0.406102
2.675,0.402662
2.67638,0.398886
2.67776,0.39621
2.67915,0.393056
2.68053,0.390141
2.68192,0.385267
2.68331,0.379007
2.6847,0.372077
2.68609,0.363953
2.68748,0.355304
2.68888,0.346367
2.69027,0.33638
2.69167,0.325293
2.69307,0.312916
2.69447,0.301399
2.69587,0.289978
2.69727,0.276979
2.69867,0.263455
2.70008,0.252655
2.70149,0.244722
2.7029,0.23722
2.70431,0.228092
2.70572,0.218535
2.70713,0.209455
2.70854,0.201856
2.70996,0.19703
2.71138,0.19574
2.7128,0.195883
2.71422,0.195787
2.71564,0.195596
2.71706,0.194736
2.71849,0.19335
2.71991,0.191678
2.72134,0.191439
2.72277,0.190817
2.7242,0.189718
2.72563,0.189623
2.72707,0.189145
2.7285,0.188046
2.72994,0.186755
2.73138,0.185179
2.73282,0.183506
2.73426,0.18169
2.7357,0.180495
2.73715,0.179109
2.73859,0.176959
2.74004,0.175334
2.74149,0.174761
2.74294,0.174235
2.74439,0.173231
2.74584,0.172324
2.7473,0.171511
2.74876,0.170794
2.75021,0.170077
2.75167,0.169695
2.75314,0.168978
2.7546,0.16807
2.75606,0.168453
2.75753,0.169074
2.759,0.16917
2.76046,0.168883
2.76194,0.168453
2.76341,0.168835
2.76488,0.169456
2.76636,0.1696
2.76783,0.169934
2.76931,0.170125
2.77079,0.170173
2.77228,0.170747
2.77376,0.171368
2.77524,0.171846
2.77673,0.172037
2.77822,0.172132
2.77971,0.172132
2.7812,0.172419
2.78269,0.172706
2.78418,0.172754
2.78568,0.172706
2.78718,0.172897
2.78868,0.173327
2.79018,0.173709
2.79168,0.174044
2.79319,0.174331
2.79469,0.174617
2.7962,0.174856
2.79771,0.174904
2.79922,0.175047
2.80073,0.175239
2.80225,0.175143
2.80376,0.175525
2.80528,0.176051
2.8068,0.176481
2.80832,0.177007
2.80984,0.177246
2.81136,0.17758
2.81289,0.177963
2.81442,0.178297
2.81595,0.178632
2.81747,0.178918
2.81901,0.179205
2.82054,0.179635
2.82208,0.17997
2.82361,0.1804
2.82515,0.180925
2.82669,0.181355
2.82823,0.181738
2.82978,0.182311
2.83132,0.182694
2.83287,0.18298
2.83442,0.18341
2.83597,0.183697
2.83752,0.183984
2.83908,0.184366
2.84063,0.184892
2.84219,0.18537
2.84375,0.185704
2.84531,0.1858
2.84687,0.185943
2.84844,0.186278
2.85,0.186564
2.85157,0.18709
2.85314,0.187377
2.85471,0.187616
2.85628,0.187711
2.85786,0.187998
2.85943,0.188237
2.86101,0.188094
2.86259,0.188189
2.86417,0.188428
2.86576,0.188667
2.86734,0.188906
2.86893,0.189049
2.87052,0.189097
2.87211,0.189193
2.8737,0.189288
2.87529,0.189288
2.87689,0.189193
2.87849,0.189288
2.88009,0.189623
2.88169,0.189718
2.88329,0.189575
2.88489,0.189623
2.8865,0.189766
2.88811,0.189862
2.88972,0.189862
2.89133,0.189671
2.89294,0.189718
2.89456,0.189957
2.89618,0.190292
2.89779,0.190483
2.89941,0.190626
2.90104,0.190674
2.90266,0.190817
2.90429,0.190913
2.90592,0.191104
2.90755,0.191391
2.90918,0.191678
2.91081,0.191917
2.91245,0.19206
2.91408,0.192251
2.91572,0.192394
2.91736,0.192538
2.91901,0.192825
2.92065,0.193016
2.9223,0.193159
2.92394,0.193446
2.92559,0.193876
2.92725,0.194019
2.9289,0.19421
2.93056,0.194641
2.93221,0.194927
2.93387,0.195214
2.93553,0.19531
2.9372,0.195596
2.93886,0.195835
2.94053,0.196074
2.9422,0.196456
2.94387,0.1966
2.94554,0.196839
2.94722,0.197221
2.94889,0.197556
2.95057,0.197747
2.95225,0.197986
2.95393,0.198511
2.95562,0.198989
2.9573,0.19918
2.95899,0.199372
2.96068,0.199658
2.96237,0.199802
2.96407,0.200232
2.96576,0.200566
2.96746,0.200853
2.96916,0.20114
2.97086,0.201618
2.97256,0.202
2.97427,0.202382
2.97598,0.202812
2.97769,0.203147
2.9794,0.203434
2.98111,0.203816
2.98283,0.204198
2.98454,0.204485
2.98626,0.204772
2.98799,0.205345
2.98971,0.205966
2.99143,0.206349
2.99316,0.20654
2.99489,0.206922
2.99662,0.2074
2.99835,0.207782
3.00009,0.208356
3.00183,0.209025
3.00357,0.209455
3.00531,0.209694
3.00705,0.210028
3.0088,0.210602
3.01054,0.210984
3.01229,0.211462
3.01404,0.211844
3.0158,0.212322
3.01755,0.212896
3.01931,0.213326
3.02107,0.213756
3.02283,0.214186
3.02459,0.214616
3.02636,0.215142
3.02813,0.215524
3.0299,0.215906
3.03167,0.216288
3.03344,0.216623
3.03522,0.217005
3.037,0.21734
3.03878,0.217674
3.04056,0.218104
3.04234,0.218535
3.04413,0.218869
3.04592,0.219204
3.04771,0.21949
3.0495,0.219873
3.0513,0.220159
3.05309,0.220446
3.05489,0.220589
3.05669,0.220733
3.0585,0.220924
3.0603,0.221211
3.06211,0.221545
3.06392,0.221784
3.06573,0.222071
3.06755,0.222405
3.06936,0.222644
3.07118,0.222788
3.073,0.223027
3.07482,0.223409
3.07665,0.223696
3.07848,0.22403
3.0803,0.224365
3.08214,0.224604
3.08397,0.224795
3.0858,0.225177
3.08764,0.225655
3.08948,0.225846
3.09133,0.226085
3.09317,0.226467
3.09502,0.22685
3.09687,0.227232
3.09872,0.227519
3.10057,0.227901
3.10243,0.228474
3.10428,0.228809
3.10614,0.229143
3.10801,0.229717
3.10987,0.230482
3.11174,0.231007
3.11361,0.231437
3.11548,0.231963
3.11735,0.232441
3.11923,0.232919
3.1211,0.233492
3.12298,0.234066
3.12487,0.234544
3.12675,0.235117
3.12864,0.235786
3.13053,0.236455
3.13242,0.237076
3.13431,0.23765
3.13621,0.238175
3.13811,0.238797
3.14001,0.239466
3.14191,0.240182
3.14382,0.240852
3.14573,0.241425
3.14764,0.241998
3.14955,0.242572
3.15146,0.243336
3.15338,0.244101
3.1553,0.244722
3.15722,0.245344
3.15914,0.246013
3.16107,0.246634
3.163,0.247303
3.16493,0.247924
3.16686,0.248545
3.1688,0.24931
3.17074,0.250027
3.17268,0.250839
3.17462,0.251556
3.17657,0.252082
3.17851,0.252894
3.18046,0.253611
3.18241,0.254184
3.18437,0.25471
3.18633,0.255427
3.18829,0.256191
3.19025,0.256813
3.19221,0.25753
3.19418,0.258151
3.19615,0.258724
3.19812,0.259537
3.20009,0.260158
3.20207,0.260684
3.20405,0.261353
3.20603,0.262213
3.20802,0.263025
3.21,0.263599
3.21199,0.264124
3.21398,0.264698
3.21598,0.26551
3.21797,0.266179
3.21997,0.266753
3.22197,0.267374
3.22398,0.268043
3.22598,0.268712
3.22799,0.269381
3.23,0.269954
3.23202,0.270528
3.23403,0.271149
3.23605,0.271914
3.23807,0.272535
3.2401,0.273013
3.24212,0.273539
3.24415,0.274303
3.24618,0.274972
3.24822,0.27545
3.25025,0.276167
3.25229,0.276836
3.25433,0.277409
3.25638,0.278031
3.25843,0.278652
3.26047,0.279273
3.26253,0.279942
3.26458,0.280516
3.26664,0.281041
3.2687,0.281615
3.27076,0.282188
3.27282,0.282857
3.27489,0.283478
3.27696,0.2841
3.27903,0.284673
3.28111,0.285247
3.28319,0.285772
3.28527,0.286489
3.28735,0.28711
3.28944,0.287588
3.29153,0.288066
3.29362,0.28864
3.29571,0.289165
3.29781,0.289643
3.29991,0.290121
3.30201,0.290694
3.30411,0.291124
3.30622,0.29165
3.30833,0.292271
3.31044,0.292749
3.31256,0.293227
3.31468,0.293848
3.3168,0.294422
3.31892,0.2949
3.32105,0.295378
3.32317,0.295951
3.32531,0.296477
3.32744,0.297002
3.32958,0.297337
3.33172,0.297671
3.33386,0.298102
3.33601,0.298579
3.33815,0.298962
3.34031,0.299392
3.34246,0.299679
3.34461,0.299822
3.34677,0.300109
3.34894,0.300539
3.3511,0.300778
3.35327,0.300969
3.35544,0.30116
3.35761,0.301399
3.35979,0.301494
3.36197,0.301447
3.36415,0.301399
3.36633,0.301399
3.36852,0.301494
3.37071,0.30159
3.3729,0.301638
3.3751,0.301877
3.3773,0.301925
3.3795,0.302068
3.38171,0.302307
3.38391,0.302594
3.38612,0.302976
3.38834,0.303406
3.39055,0.303788
3.39277,0.304362
3.39499,0.304744
3.39722,0.304744
3.39945,0.304648
3.40168,0.304505
3.40391,0.304362
3.40615,0.304218
3.40838,0.303979
3.41063,0.303932
3.41287,0.303979
3.41512,0.304362
3.41737,0.304792
3.41963,0.305413
3.42188,0.306369
3.42414,0.307564
3.42641,0.308758
3.42867,0.310001
3.43094,0.3111
3.43322,0.312008
3.43549,0.31282
3.43777,0.313489
3.44005,0.314111
3.44233,0.314827
3.44462,0.315353
3.44691,0.315926
3.4492,0.316595
3.4515,0.317121
3.4538,0.317647
3.4561,0.318316
3.45841,0.318889
3.46072,0.319272
3.46303,0.319654
3.46534,0.319893
3.46766,0.32018
3.46998,0.320275
3.47231,0.320275
3.47463,0.320419
3.47697,0.320514
3.4793,0.32061
3.48164,0.320801
3.48398,0.32104
3.48632,0.321231
3.48866,0.32147
3.49101,0.321852
3.49336,0.321996
3.49572,0.321948
3.49808,0.322139
3.50044,0.322378
3.50281,0.32276
3.50518,0.323525
3.50755,0.324385
3.50992,0.325245
3.5123,0.326201
3.51468,0.327109
3.51707,0.327921
3.51945,0.328638
3.52184,0.329498
3.52424,0.330358
3.52664,0.331266
3.52904,0.331935
3.53144,0.332557
3.53385,0.333274
3.53626,0.333799
3.53867,0.334325
3.54109,0.334898
3.54351,0.335281
3.54593,0.335615
3.54836,0.336093
3.55079,0.336571
3.55322,0.336905
3.55566,0.337288
3.5581,0.337718
3.56055,0.338148
3.56299,0.338435
3.56544,0.338626
3.5679,0.338817
3.57035,0.339295
3.57281,0.339725
3.57528,0.340155
3.57775,0.34049
3.58022,0.340776
3.58269,0.341111
3.58517,0.341397
3.58765,0.341541
3.59014,0.341828
3.59262,0.342066
3.59511,0.342353
3.59761,0.342592
3.60011,0.342879
3.60261,0.343166
3.60511,0.343405
3.60762,0.343596
3.61014,0.343882
3.61265,0.344169
3.61517,0.34436
3.61769,0.344599
3.62022,0.344838
3.62275,0.345029
3.62528,0.345316
3.62782,0.345555
3.63036,0.345698
3.6329,0.345842
3.63545,0.346033
3.638,0.34632
3.64056,0.346511
3.64312,0.346702
3.64568,0.346941
3.64824,0.347132
3.65081,0.347275
3.65339,0.347467
3.65596,0.347753
3.65854,0.347944
3.66113,0.348183
3.66371,0.348422
3.6663,0.348709
3.6689,0.3489
3.6715,0.349044
3.6741,0.349235
3.67671,0.349378
3.67931,0.349617
3.68193,0.349904
3.68454,0.350095
3.68716,0.350334
3.68979,0.350573
3.69242,0.350668
3.69505,0.350859
3.69768,0.351098
3.70032,0.351194
3.70297,0.351385
3.70561,0.351576
3.70826,0.351767
3.71092,0.352006
3.71358,0.352245
3.71624,0.352484
3.71891,0.352771
3.72158,0.35301
3.72425,0.353201
3.72693,0.353344
3.72961,0.353488
3.73229,0.353727
3.73498,0.354014
3.73767,0.354252
3.74037,0.354444
3.74307,0.354635
3.74578,0.354778
3.74849,0.355017
3.7512,0.355256
3.75391,0.355495
3.75663,0.355686
3.75936,0.355829
3.76209,0.355973
3.76482,0.356212
3.76755,0.356594
3.77029,0.356785
3.77304,0.356976
3.77578,0.357168
3.77854,0.357406
3.78129,0.35755
3.78405,0.357693
3.78682,0.357741
3.78959,0.357884
3.79236,0.358123
3.79513,0.358314
3.79792,0.358506
3.8007,0.358601
3.80349,0.358649
3.80628,0.358745
3.80908,0.358888
3.81188,0.359031
3.81468,0.359127
3.81749,0.359318
3.8203,0.359461
3.82312,0.359557
3.82594,0.3597
3.82877,0.359891
3.8316,0.359939
3.83443,0.360035
3.83727,0.36013
3.84011,0.360178
3.84296,0.360369
3.84581,0.360608
3.84867,0.360608
3.85153,0.360656
3.85439,0.360799
3.85726,0.360895
3.86013,0.361038
3.86301,0.361229
3.86589,0.361373
3.86877,0.361421
3.87166,0.361468
3.87455,0.361612
3.87745,0.361755
3.88036,0.361899
3.88326,0.361994
3.88617,0.36209
3.88909,0.362185
3.89201,0.362329
3.89493,0.362424
3.89786,0.362472
3.90079,0.362568
3.90373,0.362711
3.90667,0.362854
3.90962,0.36295
3.91257,0.36295
3.91552,0.36295
3.91848,0.362902
3.92145,0.362998
3.92442,0.362998
3.92739,0.363093
3.93037,0.363237
3.93335,0.363189
3.93634,0.363045
3.93933,0.36295
3.94232,0.362854
3.94532,0.362663
3.94833,0.36252
3.95134,0.362424
3.95435,0.362185
3.95737,0.36209
3.96039,0.36209
3.96342,0.36209
3.96645,0.362042
3.96949,0.36209
3.97253,0.361851
3.97558,0.361851
3.97863,0.361899
3.98169,0.361851
3.98474,0.362042
3.98781,0.362137
3.99088,0.362233
3.99396,0.362376
3.99703,0.362568