Wavelength (µm) raw,SynOl_Fo10 raw,Wavelength (µm) bin avg,SynOl_Fo10 bin avg,Wavelength (µm) cubic spline of bin avg,SynOl_Fo10 cubic spline of bin avg
0.3,0.04097,0.44602,0.11038999999999999,0.44602,0.11038999999999999
0.305,0.04116,0.456,0.11601,0.45600098039215686,0.11601068992178236
0.31,0.03993,0.46598,0.124,0.46598196078431375,0.12400171697936571
0.315,0.04135,0.47596,0.13309500000000002,0.47596294117647064,0.13309773372666572
0.32,0.04008,0.48595,0.14161,0.4859439215686275,0.14160575938681028
0.325,0.04047,0.49593,0.14804499999999998,0.4959249019607843,0.1480410666668839
0.33,0.0416,0.50591,0.15718500000000002,0.5059058823529412,0.15718130379152923
0.335,0.04249,0.51589,0.16484,0.5158868627450981,0.164837845937921
0.34,0.04308,0.52587,0.17152,0.525867843137255,0.17151856536446747
0.345,0.04449,0.53585,0.17844500000000002,0.5358488235294118,0.1784441265069892
0.35,0.0462,0.54583,0.186005,0.5458298039215687,0.18600485899008024
0.355,0.04835,0.55581,0.192515,0.5558107843137255,0.19251547873357186
0.36,0.05099,0.56579,0.198345,0.5657917647058823,0.19834596832163456
0.365,0.05393,0.57577,0.20340999999999998,0.5757727450980392,0.20341128953743082
0.37,0.05708,0.58576,0.20781,0.5857537254901961,0.2078073891046
0.375,0.06073,0.59574,0.21169,0.595734705882353,0.21168812857759742
0.38,0.06464,0.60572,0.214935,0.6057156862745099,0.21493365492934502
0.385,0.06844,0.6157,0.218125,0.6156966666666667,0.2181238878536741
0.39,0.07212,0.62568,0.22166000000000002,0.6256776470588236,0.2216591173577462
0.395,0.07604,0.63566,0.22551,0.6356586274509805,0.22550947049968886
0.4,0.07892,0.64564,0.229225,0.6456396078431372,0.22922486046606422
0.405,0.08116,0.65562,0.23242000000000002,0.6556205882352941,0.23242015772343444
0.41,0.08497,0.6656,0.234655,0.665601568627451,0.23465531987283844
0.415,0.0887,0.67558,0.23664000000000002,0.6755825490196079,0.23664047086537496
0.42,0.09232,0.68556,0.23832,0.6855635294117648,0.23832056069634883
0.425,0.09615,0.69555,0.239815,0.6955445098039216,0.2398142654975563
0.43,0.09971,0.70553,0.24090499999999998,0.7055254901960785,0.24090462730163953
0.435,0.10345,0.71551,0.24161,0.7155064705882352,0.24160973429126306
0.44,0.10703,0.72549,0.24236999999999997,0.7254874509803921,0.24236985573715075
0.445,0.10937,0.73547,0.242695,0.735468431372549,0.24269496153953948
0.45,0.11141,0.74545,0.243,0.7454494117647059,0.24299997957985037
0.455,0.11412,0.75543,0.24318,0.7554303921568628,0.24317999310278354
0.46,0.1179,0.76541,0.24259999999999998,0.7654113725490197,0.242599883863753
0.465,0.12215,0.77539,0.24151,0.7753923529411766,0.24150965651193312
0.47,0.12585,0.78537,0.23967,0.7853733333333334,0.23966929242701182
0.475,0.13042,0.79536,0.23719,0.7953543137254901,0.23719172155757684
0.48,0.13577,0.80534,0.23395,0.805335294117647,0.23395138985671932
0.485,0.1399,0.81532,0.23145,0.8153162745098039,0.23145089939410066
0.49,0.14332,0.8253,0.228815,0.8252972549019608,0.2288157756866664
0.495,0.14625,0.83528,0.225935,0.8352782352941177,0.2259355048630884
0.5,0.14984,0.84526,0.223195,0.8452592156862746,0.22319520584754984
0.505,0.15501,0.85524,0.22069,0.8552401960784315,0.22068995279461578
0.51,0.15936,0.86522,0.218265,0.8652211764705883,0.21826469820979566
0.515,0.16321,0.8752,0.21559499999999998,0.875202156862745,0.21559442899881776
0.52,0.16647,0.88518,0.213115,0.8851831372549019,0.21311427024136936
0.525,0.16975,0.89517,0.211055,0.8951641176470588,0.2110559938307665
0.53,0.17329,0.90515,0.20948,0.9051450980392157,0.2094809003895473
0.535,0.17665,0.91513,0.207185,0.9151260784313726,0.2071860178716601
0.54,0.18024,0.92511,0.20453,0.9251070588235295,0.20453078240602582
0.545,0.18425,0.93509,0.20192,0.9350880392156864,0.2019205079186754
0.55,0.18776,0.94507,0.19926,0.9450690196078432,0.19926027646684083
0.555,0.19081,0.95505,0.19607000000000002,0.95505,0.19607000000000002
0.56,0.19422,0.96503,0.19219999999999998,0.9650309803921568,0.19219965264794245
0.565,0.19697,0.97501,0.189385,0.9750119607843137,0.18938456706788234
0.57,0.19972,0.98499,0.18741,0.9849929411764706,0.1874094048210646
0.575,0.20232,0.99497,0.18495499999999998,0.9949739215686275,0.18495381773073094
0.58,0.2045,1.00496,0.181725,1.0049549019607844,0.18172652815436188
0.585,0.20682,1.01494,0.17910500000000001,1.0149358823529413,0.17910605881330377
0.59,0.2088,1.02492,0.176315,1.0249168627450982,0.17631593466593531
0.595,0.21095,1.0349,0.17357499999999998,1.0348978431372549,0.17357546044194846
0.6,0.21243,1.04488,0.172035,1.0448788235294117,0.17203515860750787
0.605,0.21411,1.05486,0.170595,1.0548598039215686,0.17059502805107926
0.61,0.21576,1.06484,0.16942000000000002,1.0648407843137255,0.16941993803277686
0.615,0.21721,1.07482,0.16895500000000002,1.0748217647058824,0.16895494021579838
0.62,0.21904,1.0848,0.16871999999999998,1.0848027450980393,0.16872001128166506
0.625,0.2207,1.09478,0.16930499999999998,1.0947837254901962,0.16930545721025397
0.63,0.22262,1.10477,0.170985,1.104764705882353,0.17098401846328237
0.635,0.22447,1.11475,0.17287,1.1147456862745098,0.17286910777858802
0.64,0.22655,1.12473,0.175045,1.1247266666666667,0.1750443077759584
0.645,0.22831,1.13471,0.17733,1.1347076470588235,0.1773292866408793
0.65,0.23014,1.14469,0.18079,1.1446886274509804,0.18078957933588152
0.655,0.23173,1.15467,0.18321500000000002,1.1546696078431373,0.1832149058976663
0.66,0.23311,1.16465,0.18598,1.1646505882352942,0.185980172823755
0.665,0.23424,1.17463,0.18871500000000002,1.174631568627451,0.18871537354171108
0.67,0.23507,1.18461,0.19068,1.184612549019608,0.1906804242994843
0.675,0.23615,1.19459,0.192185,1.1945935294117647,0.19218549093611292
0.68,0.23713,1.20458,0.193685,1.2045745098039216,0.1936840119287299
0.685,0.23795,1.21456,0.19536,1.2145554901960784,0.19535957166855517
0.69,0.23869,1.22454,0.19558999999999999,1.2245364705882353,0.19558995425757206
0.695,0.23945,1.23452,0.196235,1.2345174509803922,0.19623470385265518
0.7,0.24018,1.2445,0.19731,1.2444984313725491,0.19730993835374974
0.705,0.24078,1.25448,0.19717,1.254479411764706,0.19716999544402158
0.71,0.24103,1.26446,0.19774999999999998,1.264460392156863,0.1977500243059053
0.715,0.24138,1.27444,0.19809,1.2744413725490196,0.19809002865265957
0.72,0.24184,1.28442,0.19848,1.2844223529411765,0.1984801740425932
0.725,0.2423,1.2944,0.19945000000000002,1.2944033333333334,0.19945030702462613
0.73,0.24244,1.30438,0.20011,1.3043843137254902,0.20011020509619296
0.735,0.24263,1.31437,0.20075,1.3143652941176471,0.20074949059594696
0.74,0.24276,1.32435,0.202325,1.324346274509804,0.20232431067085074
0.745,0.24291,1.33433,0.204145,1.334327254901961,0.204144527473671
0.75,0.24309,1.34431,0.20588,1.3443082352941178,0.20587965574294212
0.755,0.24328,1.35429,0.208045,1.3542892156862745,0.20804482755182327
0.76,0.24308,1.36427,0.21021499999999999,1.3642701960784314,0.21021504481172754
0.765,0.24294,1.37425,0.212675,1.3742511764705883,0.21267530324309497
0.77,0.24226,1.38423,0.215385,1.3842321568627451,0.21538563530712626
0.775,0.24197,1.39421,0.218555,1.394213137254902,0.218556040321271
0.78,0.24105,1.40419,0.22192,1.404194117647059,0.2219214143446717
0.785,0.24012,1.41418,0.22549999999999998,1.4141750980392158,0.22549813209804084
0.79,0.23922,1.42416,0.22919,1.4241560784313727,0.2291887583816764
0.795,0.23804,1.43414,0.23211500000000002,1.4341370588235294,0.2321139968430797
0.8,0.23634,1.44412,0.23624499999999998,1.4441180392156863,0.2362441377726596
0.805,0.23452,1.4541,0.24040499999999998,1.4540990196078432,0.24040461573462205
0.81,0.23338,1.46408,0.24436,1.46408,0.24436
0.815,0.23209,1.47406,0.24897,1.474060980392157,0.24897044635102225
0.82,0.23081,1.48404,0.253115,1.4840419607843138,0.25311574269229725
0.825,0.2295,1.49402,0.256785,1.4940229411764707,0.2567861141398078
0.83,0.22813,1.504,0.26085,1.5040039215686276,0.2608516909302908
0.835,0.2266,1.51399,0.265195,1.5139849019607845,0.2651928423729232
0.84,0.22527,1.52397,0.26935,1.5239658823529412,0.26934823052311296
0.845,0.22391,1.53395,0.273785,1.533946862745098,0.27378361966205844
0.85,0.22248,1.54393,0.27804,1.543927843137255,0.27803908855776444
0.855,0.22128,1.55391,0.282225,1.5539088235294118,0.2822245214293191
0.86,0.2201,1.56389,0.28627,1.5638898039215687,0.28626991681606984
0.865,0.21892,1.57387,0.29047,1.5738707843137256,0.29047029389189355
0.87,0.21761,1.58385,0.293825,1.5838517647058825,0.2938256140076246
0.875,0.21627,1.59383,0.29762500000000003,1.5938327450980394,0.2976260551297274
0.88,0.21492,1.60381,0.30126,1.6038137254901963,0.3012613021962787
0.885,0.21375,1.6138,0.304665,1.613794705882353,0.30466323873130285
0.89,0.21248,1.62378,0.30789,1.6237756862745099,0.3078886554160009
0.895,0.21147,1.63376,0.31099,1.6337566666666667,0.31098892719417687
0.9,0.21064,1.64374,0.31432499999999997,1.6437376470588236,0.3143242111071451
0.905,0.20967,1.65372,0.31725499999999995,1.6537186274509805,0.31725469759585356
0.91,0.20929,1.6637,0.31906999999999996,1.6636996078431374,0.31906991771077764
0.915,0.20744,1.67368,0.321595,1.6736805882352943,0.3215951440777758
0.92,0.20693,1.68366,0.32376000000000005,1.683661568627451,0.3237603454760696
0.925,0.20531,1.69364,0.32587999999999995,1.6936425490196079,0.32588041338612195
0.93,0.20375,1.70362,0.32726,1.7036235294117648,0.32726064629155277
0.935,0.20246,1.7136,0.32976,1.7136045098039216,0.3297612258551835
0.94,0.20138,1.72359,0.33218000000000003,1.7235854901960785,0.33217906254065216
0.945,0.19975,1.73357,0.33393,1.7335664705882354,0.33392947235216147
0.95,0.19877,1.74355,0.33540000000000003,1.7435474509803923,0.3353995868031334
0.955,0.19689,1.75353,0.33721999999999996,1.7535284313725492,0.3372197003117884
0.96,0.19525,1.76351,0.33895,1.763509411764706,0.3389499171614738
0.965,0.19326,1.77349,0.340025,1.7734903921568628,0.34002503484101687
0.97,0.19114,1.78347,0.34096,1.7834713725490197,0.340960148248862
0.975,0.19014,1.79345,0.34209500000000004,1.7934523529411766,0.3420952385084449
0.98,0.18863,1.80343,0.342955,1.8034333333333334,0.342955287349435
0.985,0.18741,1.81341,0.343855,1.8134143137254903,0.34385535751243945
0.99,0.18577,1.8234,0.34458500000000003,1.8233952941176472,0.34458466102637725
0.995,0.18414,1.83338,0.34521999999999997,1.8333762745098041,0.3452198543487806
1.0,0.18244,1.84336,0.345475,1.8433572549019608,0.34547489248646857
1.005,0.18101,1.85334,0.3460008333333333,1.8533382352941177,0.34600076461817614
1.01,0.1802,1.86332,0.34622933333333333,1.8633192156862746,0.3462293083540087
1.015,0.17801,1.8733,0.34671466666666667,1.8733001960784315,0.34671467612593176
1.02,0.17709,1.88328,0.3470692857142857,1.8832811764705883,0.3470693182656345
1.025,0.17554,1.89326,0.34730799999999995,1.8932621568627452,0.34730804192290093
1.03,0.17401,1.90324,0.34750571428571425,1.9032431372549021,0.3475057951426513
1.035,0.17314,1.91322,0.3478064285714285,1.913224117647059,0.3478065410157733
1.04,0.17255,1.92321,0.34801071428571423,1.923205098039216,0.34801063225255896
1.045,0.17152,1.93319,0.3481907142857143,1.9331860784313726,0.34819063113766024
1.05,0.17087,1.94317,0.34839785714285726,1.9431670588235295,0.34839781353827265
1.055,0.17032,1.95315,0.3484907692307692,1.9531480392156864,0.34849075020698334
1.06,0.16938,1.96313,0.34862928571428575,1.9631290196078433,0.3486292700946322
1.065,0.16946,1.97311,0.34874461538461543,1.9731100000000001,0.34874461538461543
1.07,0.16902,1.98309,0.34875,1.983090980392157,0.34875000868328915
1.075,0.16889,1.99307,0.348926923076923,1.993071960784314,0.34892695543847024
1.08,0.16859,2.00305,0.34900076923076917,2.0030529411764704,0.3490007706972693
1.085,0.16885,2.01303,0.3490207692307692,2.0130339215686273,0.34902080730584706
1.09,0.16895,2.02301,0.34917923076923074,2.023014901960784,0.34917930099700467
1.095,0.16966,2.033,0.34927833333333336,2.032995882352941,0.3492782906185152
1.1,0.17031,2.04298,0.34941076923076925,2.042976862745098,0.3494107261164882
1.105,0.17166,2.05296,0.3495358333333334,2.052957843137255,0.34953580732005185
1.11,0.1725,2.06294,0.3496166666666667,2.0629388235294117,0.3496166667732887
1.115,0.17324,2.07292,0.3495883333333334,2.0729198039215686,0.3495883325315986
1.12,0.17443,2.0829,0.3497133333333333,2.0829007843137255,0.34971334336697557
1.125,0.17566,2.09288,0.3498041666666667,2.0928817647058824,0.3498041836384827
1.13,0.17681,2.10286,0.34997090909090905,2.1028627450980393,0.34997098093344964
1.135,0.17785,2.11284,0.3502383333333334,2.112843725490196,0.3502383937404216
1.14,0.17995,2.12282,0.35025333333333325,2.122824705882353,0.35025330433651264
1.145,0.18163,2.13281,0.35022909090909093,2.13280568627451,0.35022906654625874
1.15,0.1824,2.14279,0.3503327272727273,2.142786666666667,0.3503327024784393
1.155,0.18403,2.15277,0.3503218181818182,2.1527676470588237,0.3503218358691341
1.16,0.1852,2.16275,0.3502418181818182,2.16274862745098,0.35024182461988057
1.165,0.18676,2.17273,0.3502336363636363,2.172729607843137,0.3502336364541879
1.17,0.18831,2.18271,0.3502090909090909,2.182710588235294,0.3502090884242203
1.175,0.18912,2.19269,0.3501881818181818,2.192691568627451,0.3501881872543342
1.18,0.18996,2.20267,0.35026454545454544,2.2026725490196077,0.35026456338941075
1.185,0.1914,2.21265,0.350296,2.2126535294117646,0.35029600281073037
1.19,0.19195,2.22263,0.3502872727272727,2.2226345098039215,0.3502872574223321
1.195,0.19242,2.23262,0.350253,2.2326154901960784,0.3502530006452733
1.2,0.1931,2.2426,0.350275,2.2425964705882353,0.3502749990029575
1.205,0.19427,2.25258,0.35025545454545454,2.252577450980392,0.35025545516929446
1.21,0.19566,2.26256,0.35028699999999996,2.262558431372549,0.35028699325452006
1.215,0.19506,2.27254,0.350296,2.272539411764706,0.3502960028049977
1.22,0.19553,2.28252,0.3502390000000001,2.282520392156863,0.3502390001362533
1.225,0.19565,2.2925,0.35029899999999997,2.2925013725490198,0.3502990058769567
1.23,0.19606,2.30248,0.3502544444444444,2.3024823529411766,0.3502544142365652
1.235,0.19641,2.31246,0.3501369999999999,2.3124633333333335,0.3501369945727805
1.24,0.19731,2.32244,0.350191,2.32244431372549,0.35019100127615277
1.245,0.19731,2.33242,0.35010222222222226,2.332425294117647,0.3501021691266097
1.25,0.19714,2.34241,0.350028,2.3424062745098038,0.3500280340966757
1.255,0.1972,2.35239,0.3499333333333333,2.3523872549019607,0.3499333445993503
1.26,0.19791,2.36237,0.34996333333333335,2.3623682352941175,0.3499633225337131
1.265,0.19759,2.37235,0.35000222222222216,2.3723492156862744,0.35000222196265557
1.27,0.198,2.38233,0.3499655555555555,2.3823301960784313,0.3499655542273366
1.275,0.19818,2.39231,0.34988600000000003,2.392311176470588,0.3498859903864535
1.28,0.1986,2.40229,0.34983499999999995,2.402292156862745,0.34983500046758703
1.285,0.19836,2.41227,0.349858888888889,2.412273137254902,0.34985888624938294
1.29,0.19925,2.42225,0.3497933333333333,2.422254117647059,0.34979329468650894
1.295,0.19965,2.43223,0.3497155555555556,2.432235098039216,0.3497155315824538
1.3,0.19996,2.44222,0.3496911111111112,2.4422160784313727,0.3496911209922489
1.305,0.20026,2.4522,0.34963875000000005,2.452197058823529,0.34963877439590435
1.31,0.20025,2.46218,0.34955111111111115,2.462178039215686,0.34955112362516644
1.315,0.20125,2.47216,0.3495225,2.472159019607843,0.3495225011027128
1.32,0.20213,2.48214,0.3494788888888889,2.48214,0.3494788888888889
1.325,0.20252,2.49212,0.34934,2.4921209803921567,0.3493399897897551
1.33,0.20368,2.5021,0.34928875000000004,2.5021019607843136,0.349288740852568
1.335,0.20461,2.51208,0.3492075,2.5120829411764705,0.3492074683606379
1.34,0.20544,2.52206,0.3491111111111111,2.5220639215686274,0.3491110887425361
1.345,0.20632,2.53204,0.34910125000000003,2.5320449019607842,0.34910125806321646
1.35,0.20721,2.54203,0.34907124999999994,2.542025882352941,0.3490713028684332
1.355,0.20888,2.55201,0.348885,2.552006862745098,0.34888504792761466
1.36,0.2097,2.56199,0.3488171428571429,2.561987843137255,0.348817148135879
1.365,0.21073,2.57197,0.34877874999999997,2.571968823529412,0.34877875808929837
1.37,0.2121,2.58195,0.348705,2.5819498039215687,0.3487050007367167
1.375,0.21325,2.59193,0.34867250000000005,2.5919307843137256,0.3486724921293171
1.38,0.21461,2.60191,0.3485042857142857,2.601911764705882,0.34850425670175084
1.385,0.21616,2.61189,0.34838625,2.611892745098039,0.3483862218728399
1.39,0.21784,2.62187,0.3482842857142857,2.621873725490196,0.3482842532814101
1.395,0.21927,2.63185,0.34817625,2.6318547058823527,0.348176165016398
1.4,0.22097,2.64183,0.3479371428571429,2.6418356862745096,0.3479370096390138
1.405,0.22287,2.65182,0.34776625,2.6518166666666665,0.3477662880753534
1.41,0.22465,2.6618,0.34768285714285707,2.6617976470588234,0.34768287423989197
1.415,0.22635,2.67178,0.3475114285714286,2.6717786274509803,0.3475114781328914
1.42,0.22843,2.68176,0.3470842857142857,2.681759607843137,0.3470842967788377
1.425,0.22995,2.69174,0.34698,2.691740588235294,0.34697999365679477
1.43,0.23139,2.70172,0.3467571428571428,2.701721568627451,0.3467571005096305
1.435,0.23284,2.7117,0.34657857142857146,2.711702549019608,0.3465785666003295
1.44,0.23506,2.72168,0.3465114285714286,2.7216835294117647,0.34651128991344626
1.445,0.23743,2.73166,0.3458614285714286,2.7316645098039216,0.34586117334304445
1.45,0.23959,2.74164,0.3455085714285714,2.7416454901960785,0.345508375137323
1.455,0.24122,2.75163,0.3449883333333333,2.7516264705882354,0.34498855461297173
1.46,0.24328,2.76161,0.34432285714285715,2.7616074509803923,0.3443230349204114
1.465,0.24544,2.77159,0.3436085714285714,2.7715884313725487,0.3436086860702488
1.47,0.24788,2.78157,0.3428585714285714,2.7815694117647056,0.34285861736077294
1.475,0.25006,2.79155,0.34209,2.7915503921568625,0.34208997213339337
1.48,0.25214,2.80153,0.3414342857142857,2.8015313725490194,0.3414341953776255
1.485,0.25409,2.81151,0.34074000000000004,2.8115123529411763,0.34073983179387163
1.49,0.25593,2.82149,0.34005,2.821493333333333,0.3400497855024665
1.495,0.25764,2.83147,0.3394533333333334,2.83147431372549,0.339453083656637
1.5,0.25987,2.84145,0.33886714285714287,2.841455294117647,0.3388668267978942
1.505,0.26183,2.85144,0.33832166666666663,2.851436274509804,0.33832182814551076
1.51,0.26418,2.86142,0.3379483333333333,2.8614172549019607,0.3379484512577392
1.515,0.26621,2.8714,0.33744857142857143,2.8713982352941176,0.3374486548399705
1.52,0.26836,2.88138,0.3370816666666667,2.8813792156862745,0.33708168902103813
1.525,0.27034,2.89136,0.3368499999999999,2.8913601960784314,0.336849996340861
1.53,0.27278,2.90134,0.33662833333333336,2.9013411764705883,0.3366282943608453
1.535,0.27479,2.91132,0.3362416666666666,2.911322156862745,0.33624159828991224
1.54,0.27682,2.9213,0.3360442857142857,2.9213031372549016,0.3360442367189422
1.545,0.27926,2.93128,0.33583399999999997,2.9312841176470585,0.33583388314887413
1.55,0.28098,2.94126,0.3355383333333333,2.9412650980392154,0.33553821623694063
1.555,0.28347,2.95125,0.33541,2.9512460784313723,0.33541002804570763
1.56,0.28553,2.96123,0.33531833333333333,2.961227058823529,0.33531837600647296
1.565,0.28701,2.97121,0.33512666666666663,2.971208039215686,0.33512670583170906
1.57,0.28969,2.98119,0.33496499999999996,2.981189019607843,0.3349650115757878
1.575,0.29125,2.99117,0.33490333333333333,2.99117,0.3349033333333334
1.58,0.29291,,,,
1.585,0.29474,,,,
1.59,0.29681,,,,
1.595,0.29844,,,,
1.6,0.30044,,,,
1.605,0.30208,,,,
1.61,0.30358,,,,
1.615,0.30575,,,,
1.62,0.30728,,,,
1.625,0.3085,,,,
1.63,0.30981,,,,
1.635,0.31217,,,,
1.64,0.31361,,,,
1.645,0.31504,,,,
1.65,0.31653,,,,
1.655,0.31798,,,,
1.66,0.3188,,,,
1.665,0.31934,,,,
1.67,0.32079,,,,
1.675,0.3224,,,,
1.68,0.32334,,,,
1.685,0.32418,,,,
1.69,0.32541,,,,
1.695,0.32635,,,,
1.7,0.32645,,,,
1.705,0.32807,,,,
1.71,0.329,,,,
1.715,0.33052,,,,
1.72,0.33162,,,,
1.725,0.33274,,,,
1.73,0.33343,,,,
1.735,0.33443,,,,
1.74,0.33498,,,,
1.745,0.33582,,,,
1.75,0.33652,,,,
1.755,0.33792,,,,
1.76,0.33865,,,,
1.765,0.33925,,,,
1.77,0.33978,,,,
1.775,0.34027,,,,
1.78,0.34069,,,,
1.785,0.34123,,,,
1.79,0.34187,,,,
1.795,0.34232,,,,
1.8,0.34269,,,,
1.805,0.34322,,,,
1.81,0.34366,,,,
1.815,0.34405,,,,
1.82,0.34442,,,,
1.825,0.34475,,,,
1.83,0.34507,,,,
1.835,0.34537,,,,
1.84,0.34537,,,,
1.845,0.34558,,,,
1.85,0.34593,,,,
1.8512,0.346,,,,
1.8519,0.34585,,,,
1.8526,0.34573,,,,
1.8532,0.34574,,,,
1.8539,0.34592,,,,
1.8545,0.34596,,,,
1.8552,0.34605,,,,
1.8559,0.34625,,,,
1.8565,0.34625,,,,
1.8572,0.34617,,,,
1.8579,0.34616,,,,
1.8585,0.34622,,,,
1.8592,0.34627,,,,
1.8599,0.34619,,,,
1.8605,0.34617,,,,
1.8612,0.34618,,,,
1.8619,0.34639,,,,
1.8625,0.34635,,,,
1.8632,0.34625,,,,
1.8639,0.34623,,,,
1.8645,0.34615,,,,
1.8652,0.34625,,,,
1.8659,0.34628,,,,
1.8666,0.34613,,,,
1.8672,0.34616,,,,
1.8679,0.34622,,,,
1.8686,0.34633,,,,
1.8693,0.34649,,,,
1.8699,0.34668,,,,
1.8706,0.34666,,,,
1.8713,0.34661,,,,
1.8719,0.34662,,,,
1.8726,0.34673,,,,
1.8733,0.34683,,,,
1.874,0.34676,,,,
1.8747,0.34671,,,,
1.8753,0.34687,,,,
1.876,0.34691,,,,
1.8767,0.34687,,,,
1.8774,0.34678,,,,
1.8781,0.34687,,,,
1.8787,0.34696,,,,
1.8794,0.347,,,,
1.8801,0.3469,,,,
1.8808,0.34685,,,,
1.8815,0.34702,,,,
1.8821,0.34715,,,,
1.8828,0.34711,,,,
1.8835,0.34697,,,,
1.8842,0.34703,,,,
1.8849,0.34709,,,,
1.8856,0.34711,,,,
1.8863,0.34717,,,,
1.8869,0.34719,,,,
1.8876,0.34742,,,,
1.8883,0.3474,,,,
1.889,0.34724,,,,
1.8897,0.34731,,,,
1.8904,0.34734,,,,
1.8911,0.34717,,,,
1.8918,0.34707,,,,
1.8924,0.34713,,,,
1.8931,0.34717,,,,
1.8938,0.34727,,,,
1.8945,0.34755,,,,
1.8952,0.34747,,,,
1.8959,0.34722,,,,
1.8966,0.34728,,,,
1.8973,0.34745,,,,
1.898,0.34755,,,,
1.8987,0.34749,,,,
1.8994,0.34734,,,,
1.9001,0.34725,,,,
1.9008,0.34729,,,,
1.9015,0.34733,,,,
1.9022,0.34749,,,,
1.9029,0.3476,,,,
1.9036,0.3476,,,,
1.9043,0.34765,,,,
1.905,0.34754,,,,
1.9057,0.34756,,,,
1.9064,0.3476,,,,
1.9071,0.34769,,,,
1.9078,0.34765,,,,
1.9085,0.34764,,,,
1.9092,0.34768,,,,
1.9099,0.34777,,,,
1.9106,0.3478,,,,
1.9113,0.34787,,,,
1.912,0.34781,,,,
1.9127,0.34778,,,,
1.9134,0.34781,,,,
1.9141,0.34784,,,,
1.9148,0.34779,,,,
1.9155,0.34789,,,,
1.9162,0.3479,,,,
1.9169,0.34786,,,,
1.9176,0.34785,,,,
1.9183,0.3478,,,,
1.9191,0.34779,,,,
1.9198,0.34795,,,,
1.9205,0.34799,,,,
1.9212,0.3479,,,,
1.9219,0.34802,,,,
1.9226,0.34813,,,,
1.9233,0.34808,,,,
1.9241,0.34795,,,,
1.9248,0.34803,,,,
1.9255,0.34819,,,,
1.9262,0.34809,,,,
1.9269,0.34809,,,,
1.9276,0.34814,,,,
1.9283,0.34816,,,,
1.9291,0.34815,,,,
1.9298,0.34817,,,,
1.9305,0.34813,,,,
1.9312,0.34815,,,,
1.9319,0.34816,,,,
1.9327,0.34816,,,,
1.9334,0.34817,,,,
1.9341,0.34815,,,,
1.9348,0.34813,,,,
1.9355,0.34828,,,,
1.9363,0.34826,,,,
1.937,0.34825,,,,
1.9377,0.34835,,,,
1.9384,0.34827,,,,
1.9392,0.34823,,,,
1.9399,0.34828,,,,
1.9406,0.34834,,,,
1.9413,0.34849,,,,
1.9421,0.34851,,,,
1.9428,0.34835,,,,
1.9435,0.34827,,,,
1.9443,0.34845,,,,
1.945,0.3485,,,,
1.9457,0.3485,,,,
1.9464,0.34849,,,,
1.9472,0.34848,,,,
1.9479,0.34841,,,,
1.9486,0.34841,,,,
1.9494,0.34851,,,,
1.9501,0.34859,,,,
1.9508,0.34842,,,,
1.9516,0.34838,,,,
1.9523,0.34837,,,,
1.953,0.34847,,,,
1.9538,0.34858,,,,
1.9545,0.34859,,,,
1.9553,0.34854,,,,
1.956,0.34856,,,,
1.9567,0.34849,,,,
1.9575,0.34847,,,,
1.9582,0.34862,,,,
1.9589,0.3487,,,,
1.9597,0.34867,,,,
1.9604,0.34862,,,,
1.9612,0.34846,,,,
1.9619,0.3485,,,,
1.9627,0.34865,,,,
1.9634,0.34866,,,,
1.9641,0.34855,,,,
1.9649,0.34858,,,,
1.9656,0.34867,,,,
1.9664,0.34875,,,,
1.9671,0.34874,,,,
1.9679,0.34864,,,,
1.9686,0.34868,,,,
1.9694,0.34878,,,,
1.9701,0.34888,,,,
1.9708,0.34884,,,,
1.9716,0.34873,,,,
1.9723,0.3488,,,,
1.9731,0.34871,,,,
1.9738,0.34861,,,,
1.9746,0.34865,,,,
1.9754,0.34872,,,,
1.9761,0.34875,,,,
1.9769,0.34879,,,,
1.9776,0.34874,,,,
1.9784,0.34873,,,,
1.9791,0.34874,,,,
1.9799,0.34865,,,,
1.9806,0.34864,,,,
1.9814,0.34867,,,,
1.9822,0.34865,,,,
1.9829,0.34875,,,,
1.9837,0.34879,,,,
1.9844,0.34871,,,,
1.9852,0.3488,,,,
1.9859,0.34886,,,,
1.9867,0.34889,,,,
1.9875,0.34887,,,,
1.9882,0.34886,,,,
1.989,0.34883,,,,
1.9898,0.34893,,,,
1.9905,0.34909,,,,
1.9913,0.34903,,,,
1.9921,0.3489,,,,
1.9928,0.34894,,,,
1.9936,0.34905,,,,
1.9943,0.34905,,,,
1.9951,0.34892,,,,
1.9959,0.34883,,,,
1.9967,0.34882,,,,
1.9974,0.3488,,,,
1.9982,0.34897,,,,
1.999,0.34906,,,,
1.9997,0.34899,,,,
2.0005,0.34899,,,,
2.0013,0.34912,,,,
2.0021,0.34909,,,,
2.0028,0.34893,,,,
2.0036,0.34897,,,,
2.0044,0.34912,,,,
2.0052,0.34907,,,,
2.0059,0.34898,,,,
2.0067,0.34887,,,,
2.0075,0.34885,,,,
2.0083,0.34887,,,,
2.009,0.34881,,,,
2.0098,0.34884,,,,
2.0106,0.34903,,,,
2.0114,0.34911,,,,
2.0122,0.34905,,,,
2.0129,0.3491,,,,
2.0137,0.34914,,,,
2.0145,0.34901,,,,
2.0153,0.34897,,,,
2.0161,0.34907,,,,
2.0168,0.34917,,,,
2.0176,0.3491,,,,
2.0184,0.34917,,,,
2.0192,0.34926,,,,
2.02,0.34924,,,,
2.0208,0.34924,,,,
2.0216,0.34928,,,,
2.0224,0.34929,,,,
2.0232,0.34923,,,,
2.0239,0.34922,,,,
2.0247,0.34912,,,,
2.0255,0.349,,,,
2.0263,0.34904,,,,
2.0271,0.34912,,,,
2.0279,0.34912,,,,
2.0287,0.34913,,,,
2.0295,0.34922,,,,
2.0303,0.3492,,,,
2.0311,0.34933,,,,
2.0319,0.34936,,,,
2.0327,0.34928,,,,
2.0335,0.3492,,,,
2.0343,0.34927,,,,
2.0351,0.34939,,,,
2.0359,0.34939,,,,
2.0367,0.34932,,,,
2.0375,0.34925,,,,
2.0383,0.34921,,,,
2.0391,0.34922,,,,
2.0399,0.34927,,,,
2.0407,0.34928,,,,
2.0415,0.34932,,,,
2.0423,0.34943,,,,
2.0431,0.34948,,,,
2.0439,0.34948,,,,
2.0447,0.34951,,,,
2.0455,0.34951,,,,
2.0463,0.34952,,,,
2.0471,0.34959,,,,
2.0479,0.34952,,,,
2.0487,0.34953,,,,
2.0495,0.34947,,,,
2.0504,0.34949,,,,
2.0512,0.34953,,,,
2.052,0.34954,,,,
2.0528,0.34951,,,,
2.0536,0.34954,,,,
2.0544,0.34955,,,,
2.0552,0.34954,,,,
2.056,0.34957,,,,
2.0569,0.34959,,,,
2.0577,0.34957,,,,
2.0585,0.34954,,,,
2.0593,0.34954,,,,
2.0601,0.34961,,,,
2.0609,0.34953,,,,
2.0618,0.34961,,,,
2.0626,0.34971,,,,
2.0634,0.34967,,,,
2.0642,0.34961,,,,
2.0651,0.34957,,,,
2.0659,0.34969,,,,
2.0667,0.34974,,,,
2.0675,0.34958,,,,
2.0683,0.3495,,,,
2.0692,0.34945,,,,
2.07,0.34947,,,,
2.0708,0.3496,,,,
2.0716,0.34964,,,,
2.0725,0.34953,,,,
2.0733,0.34953,,,,
2.0741,0.34953,,,,
2.075,0.34955,,,,
2.0758,0.3497,,,,
2.0766,0.3498,,,,
2.0775,0.34976,,,,
2.0783,0.34979,,,,
2.0791,0.34973,,,,
2.08,0.34971,,,,
2.0808,0.34972,,,,
2.0816,0.34967,,,,
2.0825,0.34971,,,,
2.0833,0.34971,,,,
2.0841,0.34964,,,,
2.085,0.34967,,,,
2.0858,0.34973,,,,
2.0867,0.34968,,,,
2.0875,0.3498,,,,
2.0883,0.3498,,,,
2.0892,0.34968,,,,
2.09,0.3497,,,,
2.0909,0.34974,,,,
2.0917,0.34975,,,,
2.0926,0.34976,,,,
2.0934,0.34971,,,,
2.0942,0.34976,,,,
2.0951,0.34988,,,,
2.0959,0.34994,,,,
2.0968,0.34999,,,,
2.0976,0.34994,,,,
2.0985,0.3499,,,,
2.0993,0.35004,,,,
2.1002,0.35011,,,,
2.101,0.34997,,,,
2.1019,0.34991,,,,
2.1027,0.34998,,,,
2.1036,0.35,,,,
2.1044,0.34996,,,,
2.1053,0.3499,,,,
2.1061,0.3499,,,,
2.107,0.35001,,,,
2.1079,0.3501,,,,
2.1087,0.35021,,,,
2.1096,0.35027,,,,
2.1104,0.35022,,,,
2.1113,0.35015,,,,
2.1122,0.35017,,,,
2.113,0.35016,,,,
2.1139,0.35015,,,,
2.1147,0.35021,,,,
2.1156,0.35034,,,,
2.1165,0.35042,,,,
2.1173,0.35046,,,,
2.1182,0.35042,,,,
2.1191,0.35029,,,,
2.1199,0.35028,,,,
2.1208,0.35035,,,,
2.1217,0.35028,,,,
2.1225,0.35024,,,,
2.1234,0.35022,,,,
2.1243,0.35023,,,,
2.1251,0.35026,,,,
2.126,0.35022,,,,
2.1269,0.35017,,,,
2.1278,0.35008,,,,
2.1286,0.35002,,,,
2.1295,0.34999,,,,
2.1304,0.35011,,,,
2.1313,0.35031,,,,
2.1321,0.35036,,,,
2.133,0.35032,,,,
2.1339,0.3503,,,,
2.1348,0.35027,,,,
2.1356,0.35023,,,,
2.1365,0.35029,,,,
2.1374,0.35032,,,,
2.1383,0.35032,,,,
2.1392,0.35024,,,,
2.1401,0.35025,,,,
2.1409,0.35039,,,,
2.1418,0.35037,,,,
2.1427,0.35035,,,,
2.1436,0.35041,,,,
2.1445,0.35032,,,,
2.1454,0.35032,,,,
2.1463,0.35034,,,,
2.1471,0.35035,,,,
2.148,0.35038,,,,
2.1489,0.35048,,,,
2.1498,0.35038,,,,
2.1507,0.35032,,,,
2.1516,0.3503,,,,
2.1525,0.35039,,,,
2.1534,0.35034,,,,
2.1543,0.35021,,,,
2.1552,0.35026,,,,
2.1561,0.35031,,,,
2.157,0.35017,,,,
2.1579,0.3502,,,,
2.1588,0.3502,,,,
2.1597,0.35021,,,,
2.1606,0.35024,,,,
2.1615,0.3503,,,,
2.1624,0.35031,,,,
2.1633,0.35026,,,,
2.1642,0.35019,,,,
2.1651,0.35019,,,,
2.166,0.35026,,,,
2.1669,0.3503,,,,
2.1678,0.35026,,,,
2.1687,0.35019,,,,
2.1696,0.35019,,,,
2.1705,0.35022,,,,
2.1714,0.35021,,,,
2.1723,0.35022,,,,
2.1733,0.35023,,,,
2.1742,0.35023,,,,
2.1751,0.35025,,,,
2.176,0.35029,,,,
2.1769,0.35028,,,,
2.1778,0.3502,,,,
2.1787,0.35013,,,,
2.1796,0.35015,,,,
2.1806,0.35019,,,,
2.1815,0.35024,,,,
2.1824,0.35023,,,,
2.1833,0.35028,,,,
2.1842,0.3503,,,,
2.1851,0.35028,,,,
2.1861,0.35018,,,,
2.187,0.35012,,,,
2.1879,0.35018,,,,
2.1888,0.35027,,,,
2.1898,0.3502,,,,
2.1907,0.35013,,,,
2.1916,0.35015,,,,
2.1926,0.35019,,,,
2.1935,0.35024,,,,
2.1944,0.35027,,,,
2.1953,0.35019,,,,
2.1963,0.35013,,,,
2.1972,0.35012,,,,
2.1981,0.35025,,,,
2.1991,0.35035,,,,
2.2,0.35028,,,,
2.2009,0.35021,,,,
2.2019,0.35017,,,,
2.2028,0.35015,,,,
2.2037,0.35022,,,,
2.2047,0.35027,,,,
2.2056,0.35031,,,,
2.2065,0.35033,,,,
2.2075,0.35037,,,,
2.2084,0.35033,,,,
2.2094,0.35029,,,,
2.2103,0.35028,,,,
2.2113,0.3503,,,,
2.2122,0.35032,,,,
2.2131,0.35036,,,,
2.2141,0.35033,,,,
2.215,0.35023,,,,
2.216,0.35022,,,,
2.2169,0.3503,,,,
2.2179,0.35029,,,,
2.2188,0.35028,,,,
2.2198,0.35031,,,,
2.2207,0.35033,,,,
2.2217,0.35031,,,,
2.2226,0.3503,,,,
2.2236,0.35026,,,,
2.2245,0.35022,,,,
2.2255,0.35022,,,,
2.2264,0.3503,,,,
2.2274,0.35034,,,,
2.2284,0.35025,,,,
2.2293,0.35027,,,,
2.2303,0.35032,,,,
2.2312,0.35024,,,,
2.2322,0.35022,,,,
2.2331,0.3503,,,,
2.2341,0.35032,,,,
2.2351,0.35027,,,,
2.236,0.35022,,,,
2.237,0.35012,,,,
2.238,0.35024,,,,
2.2389,0.35035,,,,
2.2399,0.35035,,,,
2.2409,0.35039,,,,
2.2418,0.35034,,,,
2.2428,0.35024,,,,
2.2438,0.3502,,,,
2.2448,0.35018,,,,
2.2457,0.35025,,,,
2.2467,0.35021,,,,
2.2477,0.35019,,,,
2.2486,0.35017,,,,
2.2496,0.3502,,,,
2.2506,0.35022,,,,
2.2516,0.35029,,,,
2.2526,0.35033,,,,
2.2535,0.35035,,,,
2.2545,0.35022,,,,
2.2555,0.35018,,,,
2.2565,0.35031,,,,
2.2575,0.35035,,,,
2.2584,0.35032,,,,
2.2594,0.35033,,,,
2.2604,0.3503,,,,
2.2614,0.35031,,,,
2.2624,0.35024,,,,
2.2634,0.35024,,,,
2.2644,0.3503,,,,
2.2654,0.3503,,,,
2.2663,0.35027,,,,
2.2673,0.35026,,,,
2.2683,0.35036,,,,
2.2693,0.35043,,,,
2.2703,0.35037,,,,
2.2713,0.35028,,,,
2.2723,0.35023,,,,
2.2733,0.35024,,,,
2.2743,0.35027,,,,
2.2753,0.3503,,,,
2.2763,0.35026,,,,
2.2773,0.35022,,,,
2.2783,0.35022,,,,
2.2793,0.35021,,,,
2.2803,0.35029,,,,
2.2813,0.35034,,,,
2.2823,0.35029,,,,
2.2833,0.35025,,,,
2.2843,0.35024,,,,
2.2853,0.3502,,,,
2.2863,0.35015,,,,
2.2873,0.3502,,,,
2.2884,0.35028,,,,
2.2894,0.35033,,,,
2.2904,0.35031,,,,
2.2914,0.35027,,,,
2.2924,0.35028,,,,
2.2934,0.35031,,,,
2.2944,0.35029,,,,
2.2954,0.3503,,,,
2.2965,0.35031,,,,
2.2975,0.35031,,,,
2.2985,0.35038,,,,
2.2995,0.35037,,,,
2.3005,0.35023,,,,
2.3016,0.3502,,,,
2.3026,0.35022,,,,
2.3036,0.35021,,,,
2.3046,0.35019,,,,
2.3056,0.35025,,,,
2.3067,0.35024,,,,
2.3077,0.35022,,,,
2.3087,0.35021,,,,
2.3098,0.35026,,,,
2.3108,0.35018,,,,
2.3118,0.35004,,,,
2.3129,0.3501,,,,
2.3139,0.35017,,,,
2.3149,0.3501,,,,
2.3159,0.35004,,,,
2.317,0.35005,,,,
2.318,0.35014,,,,
2.3191,0.3502,,,,
2.3201,0.35011,,,,
2.3211,0.35011,,,,
2.3222,0.35017,,,,
2.3232,0.35017,,,,
2.3243,0.3502,,,,
2.3253,0.35025,,,,
2.3263,0.35027,,,,
2.3274,0.35029,,,,
2.3284,0.35018,,,,
2.3295,0.3501,,,,
2.3305,0.35015,,,,
2.3316,0.35013,,,,
2.3326,0.35009,,,,
2.3337,0.35004,,,,
2.3347,0.35007,,,,
2.3358,0.35007,,,,
2.3368,0.35009,,,,
2.3379,0.35009,,,,
2.3389,0.35004,,,,
2.34,0.35007,,,,
2.341,0.35011,,,,
2.3421,0.35002,,,,
2.3432,0.35001,,,,
2.3442,0.35,,,,
2.3453,0.34999,,,,
2.3463,0.34999,,,,
2.3474,0.34996,,,,
2.3485,0.34988,,,,
2.3495,0.34994,,,,
2.3506,0.35001,,,,
2.3517,0.34997,,,,
2.3527,0.34989,,,,
2.3538,0.3499,,,,
2.3549,0.3499,,,,
2.3559,0.34992,,,,
2.357,0.34999,,,,
2.3581,0.35003,,,,
2.3591,0.34996,,,,
2.3602,0.3499,,,,
2.3613,0.34986,,,,
2.3624,0.34986,,,,
2.3634,0.34989,,,,
2.3645,0.35,,,,
2.3656,0.35013,,,,
2.3667,0.35004,,,,
2.3678,0.34993,,,,
2.3689,0.34998,,,,
2.3699,0.35004,,,,
2.371,0.35005,,,,
2.3721,0.34999,,,,
2.3732,0.34997,,,,
2.3743,0.34998,,,,
2.3754,0.35002,,,,
2.3764,0.35006,,,,
2.3775,0.35002,,,,
2.3786,0.34998,,,,
2.3797,0.35,,,,
2.3808,0.35,,,,
2.3819,0.35001,,,,
2.383,0.34999,,,,
2.3841,0.34995,,,,
2.3852,0.34989,,,,
2.3863,0.34985,,,,
2.3874,0.34987,,,,
2.3885,0.34992,,,,
2.3896,0.34993,,,,
2.3907,0.34984,,,,
2.3918,0.34979,,,,
2.3929,0.34986,,,,
2.394,0.34998,,,,
2.3951,0.34999,,,,
2.3962,0.34988,,,,
2.3973,0.3498,,,,
2.3984,0.34977,,,,
2.3996,0.34982,,,,
2.4007,0.3499,,,,
2.4018,0.3499,,,,
2.4029,0.34983,,,,
2.404,0.34976,,,,
2.4051,0.3498,,,,
2.4062,0.3499,,,,
2.4074,0.34992,,,,
2.4085,0.34986,,,,
2.4096,0.34985,,,,
2.4107,0.34989,,,,
2.4118,0.3499,,,,
2.4129,0.34986,,,,
2.4141,0.34982,,,,
2.4152,0.34982,,,,
2.4163,0.34981,,,,
2.4174,0.34974,,,,
2.4186,0.34975,,,,
2.4197,0.34987,,,,
2.4208,0.34991,,,,
2.422,0.34985,,,,
2.4231,0.34976,,,,
2.4242,0.34975,,,,
2.4254,0.34976,,,,
2.4265,0.34975,,,,
2.4276,0.3497,,,,
2.4288,0.34972,,,,
2.4299,0.34976,,,,
2.4311,0.34973,,,,
2.4322,0.34972,,,,
2.4333,0.34974,,,,
2.4345,0.34968,,,,
2.4356,0.34966,,,,
2.4368,0.34973,,,,
2.4379,0.34968,,,,
2.4391,0.3496,,,,
2.4402,0.34968,,,,
2.4414,0.34973,,,,
2.4425,0.34973,,,,
2.4436,0.34971,,,,
2.4448,0.34969,,,,
2.446,0.34968,,,,
2.4471,0.34972,,,,
2.4483,0.34969,,,,
2.4494,0.34965,,,,
2.4506,0.3497,,,,
2.4517,0.34969,,,,
2.4529,0.34958,,,,
2.4541,0.34958,,,,
2.4552,0.34958,,,,
2.4564,0.34964,,,,
2.4576,0.34966,,,,
2.4587,0.34958,,,,
2.4599,0.34957,,,,
2.4611,0.34955,,,,
2.4622,0.34949,,,,
2.4634,0.34952,,,,
2.4646,0.34951,,,,
2.4657,0.34955,,,,
2.4669,0.34953,,,,
2.4681,0.34957,,,,
2.4693,0.3495,,,,
2.4704,0.34943,,,,
2.4716,0.34953,,,,
2.4728,0.34961,,,,
2.474,0.34957,,,,
2.4751,0.34952,,,,
2.4763,0.34945,,,,
2.4775,0.34946,,,,
2.4787,0.34949,,,,
2.4799,0.34953,,,,
2.4811,0.34951,,,,
2.4823,0.34945,,,,
2.4834,0.34945,,,,
2.4846,0.34949,,,,
2.4858,0.34949,,,,
2.487,0.34944,,,,
2.4882,0.34932,,,,
2.4894,0.34931,,,,
2.4906,0.34937,,,,
2.4918,0.34935,,,,
2.493,0.34933,,,,
2.4942,0.34937,,,,
2.4954,0.34936,,,,
2.4966,0.34931,,,,
2.4978,0.34927,,,,
2.499,0.34927,,,,
2.5002,0.34925,,,,
2.5014,0.34928,,,,
2.5026,0.34934,,,,
2.5038,0.34937,,,,
2.505,0.34927,,,,
2.5063,0.34926,,,,
2.5075,0.34924,,,,
2.5087,0.3492,,,,
2.5099,0.34919,,,,
2.5111,0.34919,,,,
2.5123,0.34919,,,,
2.5135,0.34922,,,,
2.5148,0.34922,,,,
2.516,0.34921,,,,
2.5172,0.34915,,,,
2.5184,0.34911,,,,
2.5196,0.34908,,,,
2.5209,0.34914,,,,
2.5221,0.34912,,,,
2.5233,0.34904,,,,
2.5246,0.34905,,,,
2.5258,0.34916,,,,
2.527,0.34915,,,,
2.5283,0.3491,,,,
2.5295,0.34906,,,,
2.5307,0.34909,,,,
2.5319,0.34912,,,,
2.5332,0.34914,,,,
2.5344,0.34914,,,,
2.5357,0.3491,,,,
2.5369,0.34906,,,,
2.5381,0.34913,,,,
2.5394,0.34908,,,,
2.5406,0.34907,,,,
2.5419,0.34912,,,,
2.5431,0.34912,,,,
2.5444,0.34904,,,,
2.5456,0.34901,,,,
2.5469,0.349,,,,
2.5481,0.349,,,,
2.5494,0.34896,,,,
2.5506,0.34895,,,,
2.5519,0.34896,,,,
2.5531,0.34892,,,,
2.5544,0.34877,,,,
2.5557,0.34875,,,,
2.5569,0.34877,,,,
2.5582,0.34878,,,,
2.5594,0.34883,,,,
2.5607,0.34894,,,,
2.562,0.34894,,,,
2.5632,0.34884,,,,
2.5645,0.34873,,,,
2.5658,0.34866,,,,
2.5671,0.34864,,,,
2.5683,0.34878,,,,
2.5696,0.34886,,,,
2.5709,0.34878,,,,
2.5721,0.34879,,,,
2.5734,0.34885,,,,
2.5747,0.34875,,,,
2.576,0.34878,,,,
2.5773,0.3488,,,,
2.5785,0.34874,,,,
2.5798,0.34868,,,,
2.5811,0.34869,,,,
2.5824,0.34864,,,,
2.5837,0.34878,,,,
2.585,0.34868,,,,
2.5863,0.34863,,,,
2.5875,0.3487,,,,
2.5888,0.34864,,,,
2.5901,0.34855,,,,
2.5914,0.3485,,,,
2.5927,0.34858,,,,
2.594,0.34887,,,,
2.5953,0.34892,,,,
2.5966,0.34862,,,,
2.5979,0.34843,,,,
2.5992,0.34837,,,,
2.6005,0.34838,,,,
2.6018,0.34848,,,,
2.6031,0.34857,,,,
2.6044,0.34867,,,,
2.6058,0.34863,,,,
2.6071,0.34838,,,,
2.6084,0.34835,,,,
2.6097,0.34841,,,,
2.611,0.34841,,,,
2.6123,0.3484,,,,
2.6136,0.34836,,,,
2.6149,0.34832,,,,
2.6163,0.34846,,,,
2.6176,0.34846,,,,
2.6189,0.34834,,,,
2.6202,0.34841,,,,
2.6216,0.34821,,,,
2.6229,0.3481,,,,
2.6242,0.34819,,,,
2.6255,0.34828,,,,
2.6269,0.34832,,,,
2.6282,0.34821,,,,
2.6295,0.34833,,,,
2.6309,0.34836,,,,
2.6322,0.34809,,,,
2.6335,0.34806,,,,
2.6349,0.34803,,,,
2.6362,0.34801,,,,
2.6376,0.34798,,,,
2.6389,0.34794,,,,
2.6402,0.34795,,,,
2.6416,0.34796,,,,
2.6429,0.34793,,,,
2.6443,0.34791,,,,
2.6456,0.34789,,,,
2.647,0.34783,,,,
2.6483,0.34779,,,,
2.6497,0.34776,,,,
2.651,0.34779,,,,
2.6524,0.34781,,,,
2.6538,0.34771,,,,
2.6551,0.34774,,,,
2.6565,0.3477,,,,
2.6578,0.3477,,,,
2.6592,0.3477,,,,
2.6606,0.34762,,,,
2.6619,0.34756,,,,
2.6633,0.34761,,,,
2.6647,0.34779,,,,
2.666,0.3478,,,,
2.6674,0.3477,,,,
2.6688,0.34761,,,,
2.6701,0.34786,,,,
2.6715,0.34764,,,,
2.6729,0.34726,,,,
2.6743,0.34721,,,,
2.6757,0.3473,,,,
2.677,0.34731,,,,
2.6784,0.34724,,,,
2.6798,0.34713,,,,
2.6812,0.34694,,,,
2.6826,0.34697,,,,
2.684,0.34701,,,,
2.6854,0.34699,,,,
2.6868,0.34696,,,,
2.6881,0.34693,,,,
2.6895,0.34695,,,,
2.6909,0.34702,,,,
2.6923,0.34706,,,,
2.6937,0.3471,,,,
2.6951,0.34699,,,,
2.6965,0.34683,,,,
2.6979,0.34676,,,,
2.6993,0.34684,,,,
2.7008,0.34687,,,,
2.7021,0.34682,,,,
2.7036,0.3467,,,,
2.705,0.34667,,,,
2.7064,0.34664,,,,
2.7078,0.34669,,,,
2.7092,0.34672,,,,
2.7106,0.34672,,,,
2.7121,0.34656,,,,
2.7135,0.34647,,,,
2.7149,0.34646,,,,
2.7163,0.34643,,,,
2.7177,0.34655,,,,
2.7192,0.34687,,,,
2.7206,0.34699,,,,
2.722,0.34648,,,,
2.7234,0.34629,,,,
2.7249,0.34629,,,,
2.7263,0.34611,,,,
2.7277,0.34602,,,,
2.7292,0.34595,,,,
2.7306,0.34593,,,,
2.7321,0.34583,,,,
2.7335,0.34585,,,,
2.7349,0.34583,,,,
2.7364,0.34562,,,,
2.7378,0.34564,,,,
2.7393,0.34576,,,,
2.7407,0.34574,,,,
2.7422,0.34559,,,,
2.7436,0.34535,,,,
2.7451,0.34525,,,,
2.7465,0.34523,,,,
2.748,0.34516,,,,
2.7494,0.34505,,,,
2.7509,0.34497,,,,
2.7524,0.34489,,,,
2.7538,0.34489,,,,
2.7553,0.34497,,,,
2.7567,0.34471,,,,
2.7582,0.34443,,,,
2.7597,0.34432,,,,
2.7611,0.34429,,,,
2.7626,0.34433,,,,
2.7641,0.34418,,,,
2.7656,0.344,,,,
2.767,0.34395,,,,
2.7685,0.34385,,,,
2.77,0.34375,,,,
2.7715,0.34366,,,,
2.773,0.34348,,,,
2.7744,0.34332,,,,
2.7759,0.34325,,,,
2.7774,0.34322,,,,
2.7789,0.34307,,,,
2.7804,0.34293,,,,
2.7819,0.34283,,,,
2.7834,0.34275,,,,
2.7849,0.34266,,,,
2.7864,0.34255,,,,
2.7879,0.34237,,,,
2.7894,0.34216,,,,
2.7909,0.3421,,,,
2.7924,0.34207,,,,
2.7939,0.34196,,,,
2.7954,0.34188,,,,
2.7969,0.34175,,,,
2.7984,0.34163,,,,
2.7999,0.34149,,,,
2.8014,0.34143,,,,
2.8029,0.34141,,,,
2.8044,0.34128,,,,
2.806,0.34105,,,,
2.8075,0.34089,,,,
2.809,0.34084,,,,
2.8105,0.3408,,,,
2.8121,0.34071,,,,
2.8136,0.34068,,,,
2.8151,0.34052,,,,
2.8166,0.34039,,,,
2.8182,0.3403,,,,
2.8197,0.34018,,,,
2.8212,0.33997,,,,
2.8228,0.33987,,,,
2.8243,0.33983,,,,
2.8259,0.33981,,,,
2.8274,0.33966,,,,
2.8289,0.33953,,,,
2.8305,0.33946,,,,
2.832,0.33941,,,,
2.8336,0.33936,,,,
2.8351,0.3393,,,,
2.8367,0.33912,,,,
2.8382,0.33898,,,,
2.8398,0.33897,,,,
2.8413,0.33892,,,,
2.8429,0.33882,,,,
2.8444,0.3387,,,,
2.846,0.33856,,,,
2.8476,0.33851,,,,
2.8491,0.33843,,,,
2.8507,0.33837,,,,
2.8523,0.33831,,,,
2.8538,0.3382,,,,
2.8554,0.33811,,,,
2.857,0.33811,,,,
2.8586,0.33803,,,,
2.8601,0.33796,,,,
2.8617,0.3379,,,,
2.8633,0.33787,,,,
2.8649,0.33782,,,,
2.8665,0.33767,,,,
2.8681,0.33753,,,,
2.8696,0.33752,,,,
2.8712,0.33753,,,,
2.8728,0.3374,,,,
2.8744,0.33724,,,,
2.876,0.33725,,,,
2.8776,0.33729,,,,
2.8792,0.3373,,,,
2.8808,0.33714,,,,
2.8824,0.33695,,,,
2.884,0.33688,,,,
2.8856,0.33693,,,,
2.8872,0.337,,,,
2.8888,0.33694,,,,
2.8904,0.33682,,,,
2.892,0.33679,,,,
2.8936,0.3368,,,,
2.8953,0.33675,,,,
2.8969,0.33671,,,,
2.8985,0.33669,,,,
2.9001,0.33667,,,,
2.9018,0.33662,,,,
2.9034,0.33655,,,,
2.905,0.33653,,,,
2.9066,0.33651,,,,
2.9083,0.3364,,,,
2.9099,0.33615,,,,
2.9115,0.33609,,,,
2.9132,0.33618,,,,
2.9148,0.33612,,,,
2.9164,0.33606,,,,
2.9181,0.33611,,,,
2.9197,0.33609,,,,
2.9214,0.33602,,,,
2.923,0.33599,,,,
2.9247,0.33603,,,,
2.9263,0.33601,,,,
2.928,0.33594,,,,
2.9296,0.33586,,,,
2.9313,0.33582,,,,
2.9329,0.33577,,,,
2.9346,0.33578,,,,
2.9363,0.33577,,,,
2.9379,0.33566,,,,
2.9396,0.33545,,,,
2.9413,0.33534,,,,
2.9429,0.33546,,,,
2.9446,0.33555,,,,
2.9463,0.33551,,,,
2.9479,0.33534,,,,
2.9496,0.33529,,,,
2.9513,0.33541,,,,
2.953,0.33545,,,,
2.9547,0.33546,,,,
2.9563,0.33541,,,,
2.958,0.33535,,,,
2.9597,0.33531,,,,
2.9614,0.3353,,,,
2.9631,0.33527,,,,
2.9648,0.33527,,,,
2.9665,0.33518,,,,
2.9682,0.33506,,,,
2.9699,0.33507,,,,
2.9716,0.33515,,,,
2.9733,0.33517,,,,
2.975,0.33513,,,,
2.9767,0.33508,,,,
2.9784,0.33503,,,,
2.9801,0.335,,,,
2.9819,0.33497,,,,
2.9836,0.33486,,,,
2.9853,0.33485,,,,
2.987,0.33496,,,,
2.9887,0.33498,,,,
2.9904,0.33492,,,,
2.9922,0.3349,,,,
2.9939,0.33488,,,,
2.9956,0.33478,,,,
2.9974,0.33474,,,,
2.9991,0.33473,,,,
3.0008,0.33473,,,,
3.0026,0.33477,,,,
3.0043,0.33474,,,,
3.0061,0.33462,,,,
3.0078,0.33453,,,,
3.0095,0.33457,,,,
3.0113,0.33456,,,,
3.013,0.3345,,,,
3.0148,0.33442,,,,
3.0165,0.3344,,,,
3.0183,0.33437,,,,
3.0201,0.33432,,,,
3.0218,0.33422,,,,
3.0236,0.33407,,,,
3.0253,0.33396,,,,
3.0271,0.33405,,,,
3.0289,0.33417,,,,
3.0306,0.33416,,,,
3.0324,0.33408,,,,
3.0342,0.33399,,,,
3.036,0.33394,,,,
3.0377,0.33389,,,,
3.0395,0.33388,,,,
3.0413,0.33391,,,,
3.0431,0.33386,,,,
3.0449,0.33383,,,,
3.0467,0.33378,,,,
3.0485,0.33369,,,,
3.0503,0.33362,,,,
3.0521,0.33358,,,,
3.0538,0.33344,,,,
3.0556,0.33332,,,,
3.0574,0.33323,,,,
3.0593,0.33324,,,,
3.0611,0.33326,,,,
3.0629,0.33325,,,,
3.0647,0.33314,,,,
3.0665,0.33304,,,,
3.0683,0.33297,,,,
3.0701,0.33291,,,,
3.0719,0.33285,,,,
3.0738,0.33283,,,,
3.0756,0.33276,,,,
3.0774,0.33269,,,,
3.0792,0.33256,,,,
3.0811,0.33248,,,,
3.0829,0.33245,,,,
3.0847,0.33239,,,,
3.0866,0.33232,,,,
3.0884,0.33224,,,,
3.0902,0.33217,,,,
3.0921,0.33201,,,,
3.0939,0.33193,,,,
3.0958,0.33195,,,,
3.0976,0.33193,,,,
3.0995,0.33191,,,,
3.1013,0.33186,,,,
3.1032,0.33183,,,,
3.1051,0.33172,,,,
3.1069,0.33166,,,,
3.1088,0.33165,,,,
3.1106,0.33164,,,,
3.1125,0.33154,,,,
3.1144,0.33146,,,,
3.1162,0.3314,,,,
3.1181,0.33136,,,,
3.12,0.33133,,,,
3.1219,0.33127,,,,
3.1238,0.33118,,,,
3.1256,0.33115,,,,
3.1275,0.33108,,,,
3.1294,0.33101,,,,
3.1313,0.331,,,,
3.1332,0.33098,,,,
3.1351,0.33091,,,,
3.137,0.33085,,,,
3.1389,0.33082,,,,
3.1408,0.33076,,,,
3.1427,0.33071,,,,
3.1446,0.33067,,,,
3.1465,0.33062,,,,
3.1484,0.33054,,,,
3.1503,0.33044,,,,
3.1522,0.33039,,,,
3.1541,0.33034,,,,
3.1561,0.33027,,,,
3.158,0.33025,,,,
3.1599,0.33017,,,,
3.1618,0.3301,,,,
3.1638,0.33008,,,,
3.1657,0.33002,,,,
3.1676,0.32993,,,,
3.1696,0.32984,,,,
3.1715,0.3297,,,,
3.1735,0.32964,,,,
3.1754,0.32974,,,,
3.1773,0.32976,,,,
3.1793,0.32967,,,,
3.1812,0.32956,,,,
3.1832,0.32952,,,,
3.1851,0.32938,,,,
3.1871,0.32933,,,,
3.1891,0.32928,,,,
3.191,0.32924,,,,
3.193,0.32921,,,,
3.195,0.32913,,,,
3.1969,0.3291,,,,
3.1989,0.32909,,,,
3.2009,0.32905,,,,
3.2029,0.3289,,,,
3.2048,0.32874,,,,
3.2068,0.32866,,,,
3.2088,0.32858,,,,
3.2108,0.32862,,,,
3.2128,0.32872,,,,
3.2148,0.32866,,,,
3.2168,0.32849,,,,
3.2188,0.32852,,,,
3.2208,0.32857,,,,
3.2228,0.32846,,,,
3.2248,0.32833,,,,
3.2268,0.32827,,,,
3.2288,0.32828,,,,
3.2308,0.32824,,,,
3.2328,0.32815,,,,
3.2348,0.328,,,,
3.2368,0.32791,,,,
3.2389,0.32789,,,,
3.2409,0.32781,,,,
3.2429,0.32771,,,,
3.2449,0.32764,,,,
3.247,0.32753,,,,
3.249,0.32742,,,,
3.2511,0.32744,,,,
3.2531,0.32744,,,,
3.2551,0.32737,,,,
3.2572,0.32732,,,,
3.2592,0.32717,,,,
3.2613,0.32708,,,,
3.2633,0.32709,,,,
3.2654,0.32711,,,,
3.2674,0.32702,,,,
3.2695,0.32686,,,,
3.2716,0.32677,,,,
3.2736,0.32674,,,,
3.2757,0.32666,,,,
3.2778,0.32654,,,,
3.2798,0.32648,,,,
3.2819,0.32635,,,,
3.284,0.3262,,,,
3.2861,0.32611,,,,
3.2882,0.32598,,,,
3.2902,0.32595,,,,
3.2923,0.3259,,,,
3.2944,0.32576,,,,
3.2965,0.32566,,,,
3.2986,0.32559,,,,
3.3007,0.3255,,,,
3.3028,0.32548,,,,
3.3049,0.32543,,,,
3.307,0.32531,,,,
3.3091,0.32524,,,,
3.3113,0.32516,,,,
3.3134,0.32507,,,,
3.3155,0.32492,,,,
3.3176,0.32472,,,,
3.3197,0.32458,,,,
3.3219,0.32453,,,,
3.324,0.32452,,,,
3.3261,0.32445,,,,
3.3283,0.32436,,,,
3.3304,0.32427,,,,
3.3325,0.32414,,,,
3.3347,0.32397,,,,
3.3368,0.32384,,,,
3.339,0.32373,,,,
3.3411,0.32356,,,,
3.3433,0.32348,,,,
3.3454,0.32341,,,,
3.3476,0.32323,,,,
3.3498,0.32306,,,,
3.3519,0.3229,,,,
3.3541,0.32263,,,,
3.3563,0.32237,,,,
3.3584,0.32212,,,,
3.3606,0.32175,,,,
3.3628,0.32133,,,,
3.365,0.32085,,,,
3.3672,0.32028,,,,
3.3694,0.31975,,,,
3.3715,0.31922,,,,
3.3737,0.31868,,,,
3.3759,0.31823,,,,
3.3781,0.31788,,,,
3.3803,0.31766,,,,
3.3825,0.31758,,,,
3.3847,0.31751,,,,
3.3869,0.31746,,,,
3.3892,0.31748,,,,
3.3914,0.31744,,,,
3.3936,0.31725,,,,
3.3958,0.3169,,,,
3.3981,0.31651,,,,
3.4003,0.31608,,,,
3.4025,0.31546,,,,
3.4047,0.31471,,,,
3.407,0.31391,,,,
3.4092,0.31315,,,,
3.4115,0.31239,,,,
3.4137,0.31165,,,,
3.416,0.3112,,,,
3.4182,0.31105,,,,
3.4205,0.31124,,,,
3.4227,0.31174,,,,
3.425,0.31239,,,,
3.4273,0.31304,,,,
3.4295,0.31359,,,,
3.4318,0.31396,,,,
3.4341,0.3143,,,,
3.4363,0.31468,,,,
3.4386,0.31495,,,,
3.4409,0.31514,,,,
3.4432,0.31526,,,,
3.4455,0.31539,,,,
3.4478,0.31553,,,,
3.4501,0.31565,,,,
3.4524,0.31574,,,,
3.4546,0.31585,,,,
3.4569,0.31597,,,,
3.4593,0.31606,,,,
3.4616,0.3161,,,,
3.4639,0.31611,,,,
3.4662,0.31607,,,,
3.4685,0.31596,,,,
3.4708,0.31579,,,,
3.4732,0.31558,,,,
3.4755,0.31534,,,,
3.4778,0.31506,,,,
3.4801,0.31476,,,,
3.4825,0.31453,,,,
3.4848,0.31434,,,,
3.4872,0.31407,,,,
3.4895,0.31374,,,,
3.4919,0.31336,,,,
3.4942,0.31292,,,,
3.4966,0.31241,,,,
3.4989,0.31194,,,,
3.5013,0.31167,,,,
3.5037,0.31169,,,,
3.506,0.31191,,,,
3.5084,0.31229,,,,
3.5108,0.31267,,,,
3.5132,0.31301,,,,
3.5155,0.31328,,,,
3.5179,0.31352,,,,
3.5203,0.31367,,,,
3.5227,0.31379,,,,
3.5251,0.31392,,,,
3.5275,0.31398,,,,
3.5299,0.31402,,,,
3.5323,0.31402,,,,
3.5347,0.31395,,,,
3.5371,0.31384,,,,
3.5395,0.31377,,,,
3.5419,0.3137,,,,
3.5444,0.31356,,,,
3.5468,0.31343,,,,
3.5492,0.31332,,,,
3.5517,0.31319,,,,
3.5541,0.31304,,,,
3.5565,0.31289,,,,
3.559,0.31274,,,,
3.5614,0.31262,,,,
3.5639,0.3125,,,,
3.5663,0.31236,,,,
3.5688,0.31223,,,,
3.5712,0.3121,,,,
3.5737,0.31196,,,,
3.5761,0.31183,,,,
3.5786,0.31168,,,,
3.5811,0.31152,,,,
3.5836,0.31139,,,,
3.586,0.31122,,,,
3.5885,0.31108,,,,
3.591,0.31097,,,,
3.5935,0.31086,,,,
3.596,0.31074,,,,
3.5985,0.31059,,,,
3.601,0.31037,,,,
3.6035,0.31015,,,,
3.606,0.31001,,,,
3.6085,0.30986,,,,
3.611,0.30971,,,,
3.6135,0.30955,,,,
3.6161,0.3094,,,,
3.6186,0.30924,,,,
3.6211,0.3091,,,,
3.6236,0.30894,,,,
3.6262,0.30877,,,,
3.6287,0.3086,,,,
3.6313,0.30843,,,,
3.6338,0.30823,,,,
3.6363,0.30804,,,,
3.6389,0.30786,,,,
3.6414,0.30766,,,,
3.644,0.30747,,,,
3.6466,0.3073,,,,
3.6491,0.30715,,,,
3.6517,0.30695,,,,
3.6543,0.30675,,,,
3.6569,0.30659,,,,
3.6594,0.30643,,,,
3.662,0.30626,,,,
3.6646,0.30605,,,,
3.6672,0.30588,,,,
3.6698,0.30571,,,,
3.6724,0.30549,,,,
3.675,0.3053,,,,
3.6776,0.30514,,,,
3.6802,0.30499,,,,
3.6828,0.30481,,,,
3.6854,0.30459,,,,
3.6881,0.30441,,,,
3.6907,0.30423,,,,
3.6933,0.30403,,,,
3.6959,0.30383,,,,
3.6986,0.30366,,,,
3.7012,0.30351,,,,
3.7039,0.30334,,,,
3.7065,0.30314,,,,
3.7092,0.30295,,,,
3.7118,0.30274,,,,
3.7145,0.30252,,,,
3.7171,0.30231,,,,
3.7198,0.30215,,,,
3.7225,0.30202,,,,
3.7252,0.30184,,,,
3.7278,0.30161,,,,
3.7305,0.30139,,,,
3.7332,0.30118,,,,
3.7359,0.30097,,,,
3.7386,0.30075,,,,
3.7413,0.30058,,,,
3.744,0.30043,,,,
3.7467,0.30024,,,,
3.7494,0.30002,,,,
3.7521,0.29981,,,,
3.7548,0.29962,,,,
3.7576,0.29947,,,,
3.7603,0.29924,,,,
3.763,0.299,,,,
3.7657,0.29882,,,,
3.7685,0.29867,,,,
3.7712,0.29849,,,,
3.774,0.29829,,,,
3.7767,0.29806,,,,
3.7795,0.29786,,,,
3.7822,0.29765,,,,
3.785,0.29749,,,,
3.7877,0.29732,,,,
3.7905,0.29711,,,,
3.7933,0.29693,,,,
3.7961,0.29673,,,,
3.7988,0.29652,,,,
3.8016,0.29632,,,,
3.8044,0.29607,,,,
3.8072,0.29585,,,,
3.81,0.29563,,,,
3.8128,0.29543,,,,
3.8156,0.29522,,,,
3.8184,0.29502,,,,
3.8212,0.2948,,,,
3.8241,0.29461,,,,
3.8269,0.29438,,,,
3.8297,0.29419,,,,
3.8325,0.294,,,,
3.8354,0.29381,,,,
3.8382,0.2936,,,,
3.8411,0.29337,,,,
3.8439,0.29312,,,,
3.8468,0.29289,,,,
3.8496,0.29269,,,,
3.8525,0.29249,,,,
3.8553,0.29226,,,,
3.8582,0.29203,,,,
3.8611,0.29179,,,,
3.8639,0.29159,,,,
3.8668,0.2914,,,,
3.8697,0.29121,,,,
3.8726,0.29098,,,,
3.8755,0.29077,,,,
3.8784,0.29055,,,,
3.8813,0.29033,,,,
3.8842,0.29014,,,,
3.8871,0.28992,,,,
3.89,0.28966,,,,
3.893,0.28947,,,,
3.8959,0.28924,,,,
3.8988,0.28903,,,,
3.9017,0.2888,,,,
3.9047,0.28857,,,,
3.9076,0.28833,,,,
3.9106,0.28812,,,,
3.9135,0.28791,,,,
3.9165,0.28773,,,,
3.9194,0.28754,,,,
3.9224,0.28731,,,,
3.9254,0.28707,,,,
3.9284,0.28687,,,,
3.9313,0.28663,,,,
3.9343,0.28642,,,,
3.9373,0.28619,,,,
3.9403,0.28593,,,,
3.9433,0.28569,,,,
3.9463,0.28546,,,,
3.9493,0.28523,,,,
3.9523,0.28501,,,,
3.9553,0.28477,,,,
3.9583,0.28454,,,,
3.9614,0.28432,,,,
3.9644,0.2841,,,,
3.9674,0.28383,,,,
3.9705,0.28356,,,,
3.9735,0.28332,,,,
3.9766,0.28313,,,,
3.9796,0.28291,,,,
3.9826,0.28268,,,,
3.9857,0.28241,,,,
3.9888,0.28216,,,,
3.9919,0.28191,,,,
3.9949,0.28166,,,,
3.998,0.28139,,,,
