Wavelength (Âµm),Augite ws592.3259
1.48373,0.489986
1.484155,0.490083
1.48458,0.490567
1.485006,0.490567
1.485431,0.490615
1.485857,0.49047
1.486283,0.490277
1.486709,0.490809
1.487135,0.491099
1.487562,0.491003
1.487989,0.491099
1.488416,0.491244
1.488844,0.49139
1.489271,0.491583
1.489699,0.492019
1.490128,0.492503
1.490556,0.492551
1.490985,0.492841
1.491414,0.493035
1.491843,0.492454
1.492272,0.492212
1.492702,0.492696
1.493132,0.492841
1.493562,0.493083
1.493993,0.493277
1.494423,0.493422
1.494854,0.493567
1.495285,0.493906
1.495717,0.494196
1.496148,0.494293
1.49658,0.494003
1.497012,0.494148
1.497445,0.494728
1.497877,0.494922
1.49831,0.495116
1.498744,0.495745
1.499177,0.495696
1.499611,0.495406
1.500045,0.495212
1.500479,0.495309
1.500913,0.495745
1.501348,0.496229
1.501783,0.496277
1.502218,0.496761
1.502653,0.496858
1.503089,0.496809
1.503525,0.496567
1.503961,0.496616
1.504398,0.497051
1.504834,0.497535
1.505271,0.497535
1.505709,0.497777
1.506146,0.498116
1.506584,0.498406
1.507022,0.498309
1.50746,0.498503
1.507898,0.4986
1.508337,0.498987
1.508776,0.499083
1.509215,0.499035
1.509655,0.499083
1.510094,0.499471
1.510534,0.499858
1.510975,0.499858
1.511415,0.499761
1.511856,0.5001
1.512297,0.500342
1.512738,0.500245
1.51318,0.500051
1.513622,0.500487
1.514064,0.500825
1.514506,0.501164
1.514948,0.501358
1.515391,0.501358
1.515834,0.501406
1.516278,0.501503
1.516721,0.501455
1.517165,0.501648
1.517609,0.501696
1.518054,0.501793
1.518499,0.501793
1.518944,0.502132
1.519389,0.502326
1.519834,0.502761
1.52028,0.503003
1.520726,0.503003
1.521172,0.502955
1.521619,0.503148
1.522065,0.503293
1.522512,0.503245
1.52296,0.5031
1.523407,0.503535
1.523855,0.503535
1.524303,0.50368
1.524751,0.504213
1.5252,0.504551
1.525649,0.504551
1.526098,0.504503
1.526547,0.504164
1.526997,0.504358
1.527447,0.504745
1.527897,0.504648
1.528347,0.504939
1.528798,0.505035
1.529249,0.505229
1.5297,0.505326
1.530152,0.505471
1.530604,0.505519
1.531055,0.505568
1.531508,0.505616
1.53196,0.506051
1.532413,0.506342
1.532866,0.506342
1.53332,0.50639
1.533773,0.506535
1.534227,0.506922
1.534682,0.507261
1.535136,0.507503
1.535591,0.507406
1.536046,0.5076
1.536501,0.507551
1.536956,0.507648
1.537412,0.507939
1.537868,0.508132
1.538324,0.508084
1.538781,0.508568
1.539238,0.508616
1.539695,0.509148
1.540153,0.509487
1.54061,0.509439
1.541068,0.509439
1.541527,0.509487
1.541985,0.509584
1.542444,0.509923
1.542903,0.509874
1.543363,0.510068
1.543822,0.510116
1.544282,0.510406
1.544742,0.510503
1.545203,0.510503
1.545663,0.510552
1.546124,0.510842
1.546586,0.511181
1.547047,0.511665
1.547509,0.51181
1.547971,0.512003
1.548433,0.511955
1.548896,0.512052
1.549359,0.512197
1.549822,0.512487
1.550285,0.512536
1.550749,0.512439
1.551213,0.512826
1.551677,0.513261
1.552142,0.513407
1.552607,0.5136
1.553072,0.513842
1.553537,0.513891
1.554003,0.513842
1.554469,0.514084
1.554935,0.514423
1.555402,0.514568
1.555868,0.514713
1.556336,0.514858
1.556803,0.515197
1.557271,0.515487
1.557738,0.515536
1.558207,0.515826
1.558675,0.51602
1.559144,0.516262
1.559613,0.516262
1.560082,0.516504
1.560552,0.516649
1.561022,0.516842
1.561492,0.516939
1.561963,0.516987
1.562433,0.517133
1.562905,0.517423
1.563376,0.517568
1.563848,0.517568
1.564319,0.517955
1.564792,0.518342
1.565264,0.518246
1.565737,0.518536
1.56621,0.518729
1.566683,0.518633
1.567156,0.518584
1.56763,0.519165
1.568105,0.519213
1.568579,0.519504
1.569054,0.519504
1.569529,0.519455
1.570004,0.519697
1.57048,0.519794
1.570956,0.519939
1.571432,0.520181
1.571908,0.520326
1.572385,0.520665
1.572862,0.521004
1.57334,0.521004
1.573817,0.520955
1.574295,0.521294
1.574773,0.521439
1.575252,0.521536
1.575731,0.521875
1.57621,0.521971
1.576689,0.521923
1.577169,0.522117
1.577649,0.522359
1.578129,0.522552
1.57861,0.5226
1.57909,0.522746
1.579572,0.522794
1.580053,0.522794
1.580535,0.522842
1.581017,0.523133
1.581499,0.523181
1.581982,0.523278
1.582465,0.523181
1.582948,0.523423
1.583431,0.523713
1.583915,0.523713
1.584399,0.523859
1.584884,0.524342
1.585368,0.524488
1.585853,0.524052
1.586339,0.524197
1.586824,0.524536
1.58731,0.524584
1.587796,0.52473
1.588283,0.524778
1.588769,0.524923
1.589256,0.524875
1.589744,0.52502
1.590231,0.525262
1.590719,0.525213
1.591208,0.525068
1.591696,0.525407
1.592185,0.525794
1.592674,0.525891
1.593163,0.525552
1.593653,0.525746
1.594143,0.525988
1.594634,0.526084
1.595124,0.52623
1.595615,0.526375
1.596107,0.526375
1.596598,0.526568
1.59709,0.52681
1.597582,0.526907
1.598075,0.527101
1.598568,0.527149
1.599061,0.527391
1.599554,0.527585
1.600048,0.527391
1.600542,0.527439
1.601036,0.527536
1.60153,0.527681
1.602025,0.527972
1.602521,0.528068
1.603016,0.528214
1.603512,0.528456
1.604008,0.528794
1.604505,0.528746
1.605001,0.528552
1.605498,0.528746
1.605996,0.528891
1.606493,0.528988
1.606991,0.529036
1.60749,0.529617
1.607988,0.529859
1.608487,0.529665
1.608986,0.529278
1.609486,0.52952
1.609986,0.529762
1.610486,0.530198
1.610986,0.530536
1.611487,0.530681
1.611988,0.53073
1.61249,0.53073
1.612991,0.530633
1.613493,0.530923
1.613996,0.531262
1.614498,0.531698
1.615001,0.531649
1.615505,0.531794
1.616008,0.53194
1.616512,0.531891
1.617016,0.531698
1.617521,0.531891
1.618026,0.532085
1.618531,0.53223
1.619036,0.532327
1.619542,0.53252
1.620048,0.532569
1.620554,0.53252
1.621061,0.532569
1.621568,0.533149
1.622076,0.533198
1.622583,0.533294
1.623091,0.533488
1.6236,0.533633
1.624108,0.533924
1.624617,0.534117
1.625127,0.534165
1.625636,0.534165
1.626146,0.533972
1.626656,0.534117
1.627167,0.534117
1.627678,0.534456
1.628189,0.534649
1.628701,0.534698
1.629212,0.535182
1.629725,0.535327
1.630237,0.535182
1.63075,0.535327
1.631263,0.535472
1.631777,0.535666
1.63229,0.535811
1.632804,0.535859
1.633319,0.535762
1.633834,0.535907
1.634349,0.535956
1.634864,0.535859
1.63538,0.535859
1.635896,0.536198
1.636412,0.536295
1.636929,0.536391
1.637446,0.536343
1.637964,0.536536
1.638481,0.536585
1.638999,0.537166
1.639518,0.537069
1.640036,0.537117
1.640555,0.537166
1.641075,0.537214
1.641594,0.537407
1.642114,0.537359
1.642634,0.537262
1.643155,0.537359
1.643676,0.537504
1.644197,0.537698
1.644719,0.537795
1.645241,0.538037
1.645763,0.538085
1.646286,0.538133
1.646809,0.53823
1.647332,0.53823
1.647856,0.538085
1.64838,0.538133
1.648904,0.53823
1.649429,0.538182
1.649953,0.538472
1.650479,0.538617
1.651004,0.538327
1.651531,0.538424
1.652057,0.538569
1.652583,0.538617
1.65311,0.53852
1.653638,0.538714
1.654165,0.538762
1.654693,0.538859
1.655222,0.538811
1.65575,0.538956
1.656279,0.539053
1.656809,0.539246
1.657338,0.539004
1.657868,0.538859
1.658399,0.538956
1.658929,0.538956
1.65946,0.539053
1.659992,0.539391
1.660523,0.539295
1.661055,0.539391
1.661588,0.539295
1.662121,0.539391
1.662654,0.539488
1.663187,0.539391
1.663721,0.539488
1.664255,0.539585
1.664789,0.539585
1.665324,0.539827
1.665859,0.540021
1.666395,0.539875
1.666931,0.539585
1.667467,0.539682
1.668003,0.539924
1.66854,0.540359
1.669077,0.540262
1.669615,0.539924
1.670153,0.539875
1.670691,0.540166
1.671229,0.540359
1.671769,0.540504
1.672308,0.540262
1.672847,0.540553
1.673387,0.540553
1.673928,0.540504
1.674468,0.540504
1.675009,0.540408
1.675551,0.540553
1.676093,0.54065
1.676635,0.540795
1.677177,0.540988
1.67772,0.541085
1.678263,0.541085
1.678806,0.54123
1.67935,0.541182
1.679894,0.540988
1.680439,0.541085
1.680984,0.541327
1.681529,0.541037
1.682074,0.54123
1.682621,0.541472
1.683167,0.541085
1.683714,0.541133
1.68426,0.541375
1.684808,0.541521
1.685356,0.541666
1.685904,0.541908
1.686452,0.541859
1.687001,0.541666
1.68755,0.541617
1.6881,0.541859
1.68865,0.541908
1.6892,0.541956
1.689751,0.542004
1.690302,0.541762
1.690853,0.541859
1.691405,0.54215
1.691957,0.54215
1.692509,0.542053
1.693061,0.542101
1.693615,0.542246
1.694168,0.542343
1.694722,0.542246
1.695276,0.54244
1.695831,0.542682
1.696385,0.542537
1.696941,0.542634
1.697497,0.542634
1.698053,0.54273
1.698609,0.542827
1.699166,0.542682
1.699723,0.542634
1.70028,0.542488
1.700838,0.54244
1.701396,0.542537
1.701955,0.542343
1.702514,0.542343
1.703073,0.542392
1.703633,0.542682
1.704193,0.542779
1.704753,0.54273
1.705314,0.542634
1.705875,0.542827
1.706436,0.542585
1.706998,0.54244
1.707561,0.542488
1.708123,0.54244
1.708686,0.542585
1.70925,0.542585
1.709813,0.542488
1.710377,0.54244
1.710942,0.542634
1.711507,0.542682
1.712072,0.542537
1.712638,0.542488
1.713204,0.54244
1.71377,0.542682
1.714337,0.542827
1.714904,0.54273
1.715471,0.542585
1.716039,0.542585
1.716607,0.542537
1.717176,0.542488
1.717745,0.542488
1.718314,0.54244
1.718884,0.54244
1.719454,0.542488
1.720024,0.542343
1.720595,0.542246
1.721167,0.542488
1.721738,0.542682
1.72231,0.542634
1.722883,0.542488
1.723455,0.542537
1.724029,0.54244
1.724602,0.542246
1.725176,0.542101
1.72575,0.542198
1.726325,0.542198
1.7269,0.542004
1.727476,0.54215
1.728051,0.542101
1.728628,0.541956
1.729204,0.541859
1.729781,0.541956
1.730358,0.541859
1.730936,0.541617
1.731514,0.541714
1.732093,0.541714
1.732672,0.541472
1.733251,0.541279
1.733831,0.541375
1.734411,0.541472
1.734991,0.541424
1.735572,0.541327
1.736153,0.54123
1.736735,0.54123
1.737317,0.541085
1.7379,0.541133
1.738482,0.541133
1.739066,0.541085
1.739649,0.541037
1.740233,0.541037
1.740817,0.541133
1.741402,0.541133
1.741987,0.540891
1.742573,0.541037
1.743159,0.540891
1.743745,0.541037
1.744332,0.541037
1.744919,0.540843
1.745506,0.54065
1.746094,0.540601
1.746683,0.540698
1.747271,0.540988
1.74786,0.540988
1.74845,0.540698
1.74904,0.540408
1.74963,0.540262
1.750221,0.540408
1.750812,0.540408
1.751403,0.540456
1.751995,0.540408
1.752588,0.540456
1.75318,0.540262
1.753773,0.540166
1.754367,0.540214
1.754961,0.540166
1.755555,0.539875
1.75615,0.539779
1.756745,0.540069
1.75734,0.539972
1.757936,0.539875
1.758533,0.539875
1.759129,0.539633
1.759726,0.539537
1.760324,0.539682
1.760922,0.539633
1.76152,0.539585
1.762119,0.539295
1.762718,0.53915
1.763318,0.539246
1.763918,0.53944
1.764518,0.539295
1.765119,0.539198
1.76572,0.539246
1.766322,0.539101
1.766924,0.538859
1.767526,0.538859
1.768129,0.538956
1.768732,0.539004
1.769336,0.538714
1.76994,0.538762
1.770545,0.538617
1.771149,0.538375
1.771755,0.538472
1.77236,0.538472
1.772967,0.538327
1.773573,0.53823
1.77418,0.538182
1.774787,0.538085
1.775395,0.537988
1.776004,0.537795
1.776612,0.537601
1.777221,0.537746
1.777831,0.537504
1.778441,0.537456
1.779051,0.537504
1.779662,0.537456
1.780273,0.537407
1.780884,0.537214
1.781496,0.537069
1.782109,0.537117
1.782721,0.536924
1.783335,0.536778
1.783948,0.536633
1.784562,0.53644
1.785177,0.536343
1.785792,0.536391
1.786407,0.536149
1.787023,0.536004
1.787639,0.536053
1.788256,0.535859
1.788873,0.535907
1.789491,0.535811
1.790108,0.535617
1.790727,0.53552
1.791346,0.535327
1.791965,0.535085
1.792585,0.53494
1.793205,0.534988
1.793825,0.534988
1.794446,0.53494
1.795067,0.534649
1.795689,0.534504
1.796311,0.534456
1.796934,0.534359
1.797557,0.53402
1.79818,0.53402
1.798804,0.533827
1.799429,0.53373
1.800053,0.533536
1.800679,0.533391
1.801304,0.533149
1.801931,0.533004
1.802557,0.533053
1.803184,0.533004
1.803812,0.532859
1.804439,0.532617
1.805068,0.532714
1.805696,0.532423
1.806326,0.532182
1.806955,0.532133
1.807585,0.53194
1.808216,0.531698
1.808847,0.531456
1.809478,0.531359
1.81011,0.531117
1.810742,0.530923
1.811375,0.530972
1.812008,0.530585
1.812641,0.530343
1.813275,0.530294
1.81391,0.530246
1.814545,0.530198
1.81518,0.52981
1.815816,0.529714
1.816452,0.529762
1.817089,0.52981
1.817726,0.52952
1.818363,0.529472
1.819001,0.529375
1.81964,0.528697
1.820279,0.527778
1.820918,0.527972
1.821558,0.527923
1.822199,0.528117
1.822839,0.528456
1.82348,0.528794
1.824122,0.528649
1.824764,0.528504
1.825406,0.527439
1.826049,0.52623
1.826693,0.526955
1.827337,0.527585
1.827981,0.527101
1.828626,0.526762
1.829271,0.526665
1.829917,0.526423
1.830563,0.525504
1.83121,0.525504
1.831857,0.52623
1.832504,0.526084
1.833152,0.526181
1.833801,0.525988
1.83445,0.525213
1.835099,0.524681
1.835749,0.524004
1.836399,0.523859
1.83705,0.52381
1.837701,0.523375
1.838353,0.524391
1.839005,0.524052
1.839658,0.522939
1.840311,0.523568
1.840964,0.523278
1.841618,0.521729
1.842272,0.522504
1.842927,0.523713
1.843583,0.523762
1.844238,0.523762
1.844895,0.523713
1.845551,0.523423
1.846209,0.521778
1.846867,0.520133
1.847525,0.520423
1.848184,0.520859
1.848843,0.521778
1.849502,0.522262
1.850162,0.522165
1.850823,0.521971
1.851484,0.521875
1.852145,0.521246
1.852807,0.520278
1.853469,0.519068
1.854132,0.519455
1.854796,0.52081
1.855459,0.520955
1.856124,0.519455
1.856789,0.519068
1.857454,0.519988
1.85812,0.520278
1.858786,0.519165
1.859453,0.517181
1.86012,0.517423
1.860788,0.518487
1.861456,0.519068
1.862124,0.518923
1.862794,0.518536
1.863463,0.517907
1.864133,0.517568
1.864804,0.517665
1.865475,0.517858
1.866146,0.517568
1.866818,0.51631
1.867491,0.51452
1.868164,0.514907
1.868837,0.515584
1.869511,0.5151
1.870185,0.513552
1.87086,0.512342
1.871536,0.513939
1.872212,0.513552
1.872888,0.511616
1.873565,0.512294
1.874242,0.51331
1.87492,0.512971
1.875599,0.512923
1.876277,0.512245
1.876957,0.511471
1.877637,0.5121
1.878317,0.51239
1.878998,0.512052
1.879679,0.511616
1.880361,0.511181
1.881043,0.51089
1.881726,0.51089
1.882409,0.510503
1.883093,0.509681
1.883777,0.508519
1.884462,0.508568
1.885147,0.508616
1.885833,0.508132
1.886519,0.507648
1.887206,0.507551
1.887893,0.507164
1.888581,0.506632
1.889269,0.505616
1.889958,0.504406
1.890647,0.504503
1.891337,0.504309
1.892027,0.503777
1.892718,0.503535
1.893409,0.502858
1.894101,0.502713
1.894793,0.502519
1.895486,0.501938
1.896179,0.501164
1.896873,0.500438
1.897568,0.499616
1.898262,0.498987
1.898958,0.497487
1.899654,0.496567
1.90035,0.497003
1.901047,0.497632
1.901744,0.49739
1.902442,0.49589
1.90314,0.495696
1.903839,0.496229
1.904539,0.495067
1.905239,0.493857
1.905939,0.494051
1.90664,0.494003
1.907342,0.494583
1.908044,0.494922
1.908746,0.494874
1.909449,0.494486
1.910153,0.493954
1.910857,0.49347
1.911561,0.493277
1.912266,0.493422
1.912972,0.492406
1.913678,0.49197
1.914385,0.492793
1.915092,0.493325
1.9158,0.493083
1.916508,0.492841
1.917217,0.492986
1.917926,0.493083
1.918636,0.492793
1.919346,0.491777
1.920057,0.490664
1.920768,0.490761
1.92148,0.491922
1.922193,0.492115
1.922906,0.492067
1.92362,0.491438
1.924333,0.491535
1.925048,0.491922
1.925763,0.491874
1.926479,0.49139
1.927195,0.491244
1.927912,0.490954
1.928629,0.490567
1.929346,0.490857
1.930065,0.490809
1.930784,0.490712
1.931503,0.49047
1.932223,0.490228
1.932943,0.490083
1.933664,0.48989
1.934386,0.490035
1.935108,0.489986
1.93583,0.489357
1.936554,0.489115
1.937277,0.489164
1.938002,0.488922
1.938726,0.488535
1.939452,0.488535
1.940177,0.488728
1.940904,0.488535
1.941631,0.488293
1.942358,0.488196
1.943086,0.488002
1.943815,0.487906
1.944544,0.487857
1.945274,0.487809
1.946004,0.48776
1.946735,0.487422
1.947466,0.486889
1.948198,0.486793
1.94893,0.486889
1.949663,0.486357
1.950397,0.486067
1.951131,0.486164
1.951865,0.486018
1.952601,0.485535
1.953336,0.485293
1.954073,0.485147
1.954809,0.484857
1.955547,0.484615
1.956285,0.484325
1.957023,0.484131
1.957762,0.483889
1.958502,0.483647
1.959242,0.483599
1.959983,0.483405
1.960724,0.483164
1.961466,0.482825
1.962208,0.482389
1.962951,0.482196
1.963695,0.482099
1.964439,0.481954
1.965183,0.481615
1.965929,0.481373
1.966674,0.481083
1.967421,0.480696
1.968168,0.480309
1.968915,0.480018
1.969663,0.479825
1.970412,0.479728
1.971161,0.479438
1.971911,0.479099
1.972661,0.478954
1.973413,0.478809
1.974164,0.478518
1.974916,0.478228
1.975669,0.477938
1.976422,0.477502
1.977176,0.477163
1.97793,0.476921
1.978685,0.476728
1.97944,0.476776
1.980196,0.476825
1.980953,0.476486
1.98171,0.476196
1.982468,0.476002
1.983226,0.475518
1.983986,0.475373
1.984745,0.475179
1.985505,0.474841
1.986266,0.47426
1.987027,0.474115
1.987789,0.474018
1.988552,0.473873
1.989315,0.473679
1.990078,0.473292
1.990842,0.472953
1.991607,0.47276
1.992373,0.472421
1.993139,0.472228
1.993905,0.472179
1.994673,0.471841
1.99544,0.47155
1.996209,0.471308
1.996978,0.471018
1.997747,0.470921
1.998517,0.470873
1.999288,0.470534
2.000059,0.470098
2.000831,0.469905
2.001604,0.469615
2.002377,0.469227
2.003151,0.469082
2.003925,0.468986
2.0047,0.468647
2.005476,0.468453
2.006252,0.46826
2.007029,0.467921
2.007806,0.467776
2.008584,0.467921
2.009362,0.467727
2.010141,0.46734
2.010921,0.46705
2.011701,0.466856
2.012482,0.466663
2.013264,0.466324
2.014046,0.466082
2.014829,0.46584
2.015612,0.465889
2.016396,0.465695
2.01718,0.465405
2.017966,0.465163
2.018752,0.465066
2.019538,0.464872
2.020325,0.464582
2.021113,0.46434
2.021901,0.463905
2.02269,0.463711
2.023479,0.463566
2.02427,0.463518
2.02506,0.463227
2.025852,0.462889
2.026644,0.462695
2.027436,0.462501
2.028229,0.462211
2.029023,0.462066
2.029818,0.461776
2.030613,0.46134
2.031409,0.461001
2.032204,0.461001
2.033001,0.460808
2.033799,0.460614
2.034597,0.460421
2.035396,0.46013
2.036195,0.45984
2.036996,0.459695
2.037796,0.459405
2.038598,0.459163
2.0394,0.459114
2.040203,0.458872
2.041006,0.458388
2.04181,0.458098
2.042614,0.457904
2.043419,0.457566
2.044225,0.457469
2.045032,0.457324
2.045839,0.456888
2.046646,0.456598
2.047455,0.456453
2.048264,0.456114
2.049073,0.455872
2.049883,0.45563
2.050694,0.455437
2.051505,0.455291
2.052317,0.454856
2.05313,0.454421
2.053944,0.454275
2.054758,0.454179
2.055573,0.453791
2.056388,0.453404
2.057204,0.453211
2.058021,0.453017
2.058838,0.452775
2.059656,0.452291
2.060475,0.451904
2.061294,0.451566
2.062114,0.451324
2.062935,0.45113
2.063756,0.450743
2.064577,0.450404
2.0654,0.450162
2.066223,0.449775
2.067047,0.449582
2.067871,0.449291
2.068696,0.448952
2.069522,0.448614
2.070349,0.448275
2.071176,0.448033
2.072004,0.447791
2.072833,0.447404
2.073662,0.447065
2.074492,0.44692
2.075322,0.446485
2.076153,0.446243
2.076985,0.446001
2.077817,0.445614
2.07865,0.445275
2.079484,0.444936
2.080319,0.444598
2.081154,0.444501
2.08199,0.44421
2.082826,0.443968
2.083663,0.44363
2.084501,0.443291
2.08534,0.442904
2.086179,0.442517
2.087018,0.44213
2.087859,0.441743
2.0887,0.441452
2.089542,0.441259
2.090385,0.441017
2.091228,0.440823
2.092072,0.440678
2.092917,0.440388
2.093762,0.440001
2.094608,0.43971
2.095454,0.439323
2.096302,0.43913
2.09715,0.438742
2.097999,0.438259
2.098848,0.438017
2.099698,0.438065
2.100549,0.437726
2.1014,0.437339
2.102252,0.437049
2.103105,0.436904
2.103959,0.43671
2.104813,0.436226
2.105668,0.435839
2.106524,0.435839
2.10738,0.435646
2.108237,0.435355
2.109094,0.435065
2.109953,0.434823
2.110812,0.435588
2.111672,0.435731
2.112532,0.434823
2.113394,0.433915
2.114255,0.433485
2.115118,0.432768
2.115981,0.432242
2.116845,0.432195
2.11771,0.432147
2.118576,0.43186
2.119442,0.431526
2.120309,0.431
2.121176,0.430379
2.122045,0.430379
2.122913,0.430426
2.123783,0.429996
2.124654,0.429423
2.125525,0.428945
2.126396,0.428802
2.127269,0.428467
2.128142,0.427942
2.129016,0.427607
2.129891,0.427559
2.130766,0.427464
2.131642,0.426842
2.132519,0.425887
2.133397,0.425648
2.134275,0.425934
2.135154,0.425457
2.136034,0.424931
2.136914,0.424166
2.137795,0.423736
2.138677,0.423927
2.13956,0.424071
2.140444,0.423736
2.141328,0.423067
2.142213,0.422207
2.143099,0.421729
2.143985,0.421777
2.144872,0.421586
2.14576,0.421538
2.146648,0.421442
2.147537,0.421012
2.148427,0.421012
2.149318,0.420964
2.150209,0.420295
2.151101,0.419674
2.151994,0.41977
2.152888,0.419579
2.153783,0.41891
2.154678,0.418575
2.155574,0.418718
2.15647,0.418241
2.157368,0.417715
2.158266,0.417428
2.159165,0.417189
2.160064,0.416902
2.160964,0.416186
2.161865,0.415708
2.162767,0.416042
2.16367,0.416233
2.164573,0.416042
2.165478,0.415517
2.166383,0.415087
2.167288,0.41523
2.168195,0.414752
2.169102,0.414035
2.17001,0.413366
2.170919,0.413414
2.171828,0.413414
2.172739,0.412602
2.17365,0.412267
2.174561,0.412315
2.175474,0.412219
2.176387,0.411741
2.177301,0.411359
2.178216,0.411263
2.179132,0.411025
2.180048,0.410881
2.180965,0.410499
2.181883,0.409734
2.182801,0.409639
2.183721,0.409495
2.184641,0.409065
2.185562,0.408779
2.186484,0.408635
2.187407,0.408492
2.18833,0.40811
2.189254,0.407871
2.190179,0.407775
2.191105,0.407488
2.192032,0.407154
2.192959,0.406771
2.193887,0.406294
2.194816,0.405672
2.195745,0.405481
2.196676,0.405481
2.197607,0.405099
2.198539,0.405386
2.199472,0.405386
2.200405,0.404908
2.201339,0.404382
2.202275,0.403952
2.203211,0.403809
2.204147,0.403761
2.205085,0.403522
2.206023,0.403235
2.206962,0.403092
2.207902,0.402805
2.208843,0.402232
2.209784,0.401993
2.210727,0.401849
2.21167,0.401563
2.212614,0.401276
2.213559,0.40118
2.214504,0.400702
2.215451,0.400416
2.216398,0.400511
2.217346,0.400272
2.218295,0.399794
2.219244,0.399508
2.220195,0.399173
2.221146,0.398647
2.222098,0.398552
2.223051,0.398456
2.224005,0.397931
2.224959,0.397453
2.225914,0.396736
2.226871,0.396832
2.227827,0.396975
2.228785,0.396879
2.229744,0.396736
2.230703,0.396545
2.231663,0.395876
2.232625,0.395398
2.233587,0.394872
2.234549,0.394347
2.235513,0.393916
2.236477,0.393678
2.237442,0.393773
2.238408,0.393534
2.239375,0.3932
2.240343,0.392817
2.241312,0.392674
2.242281,0.392722
2.243252,0.392339
2.244223,0.39167
2.245195,0.391432
2.246168,0.391288
2.247141,0.390954
2.248116,0.390858
2.249091,0.390715
2.250067,0.39038
2.251044,0.39038
2.252022,0.390046
2.253,0.38995
2.25398,0.389854
2.254961,0.389233
2.255942,0.389042
2.256924,0.388803
2.257907,0.388469
2.258891,0.388325
2.259876,0.387991
2.260861,0.387608
2.261847,0.387465
2.262835,0.387083
2.263823,0.386987
2.264812,0.387178
2.265802,0.386748
2.266792,0.386175
2.267784,0.385745
2.268776,0.385506
2.26977,0.385267
2.270764,0.385171
2.271759,0.385123
2.272755,0.38455
2.273752,0.384072
2.27475,0.383929
2.275748,0.383547
2.276747,0.383642
2.277748,0.383738
2.278749,0.383308
2.279751,0.382973
2.280754,0.382447
2.281758,0.382113
2.282763,0.381683
2.283768,0.381444
2.284775,0.381061
2.285782,0.380966
2.286791,0.38087
2.2878,0.380679
2.28881,0.380536
2.289821,0.380392
2.290832,0.380058
2.291845,0.379867
2.292859,0.379389
2.293873,0.379007
2.294889,0.379007
2.295905,0.378672
2.296922,0.378529
2.29794,0.37872
2.29896,0.378624
2.299979,0.378672
2.301001,0.378099
2.302022,0.377812
2.303045,0.377812
2.304068,0.377621
2.305093,0.377191
2.306118,0.376761
2.307145,0.376617
2.308172,0.376808
2.309201,0.376808
2.31023,0.376856
2.31126,0.376522
2.31229,0.376139
2.313322,0.3759
2.314355,0.375853
2.315388,0.375661
2.316423,0.375853
2.317458,0.375948
2.318495,0.375853
2.319532,0.375566
2.32057,0.375231
2.321609,0.37504
2.32265,0.375279
2.323691,0.375423
2.324733,0.375423
2.325776,0.375661
2.32682,0.375853
2.327865,0.375757
2.32891,0.375566
2.329957,0.375279
2.331005,0.375279
2.332053,0.375184
2.333103,0.375327
2.334153,0.375948
2.335205,0.376044
2.336257,0.375757
2.33731,0.375709
2.338365,0.375614
2.33942,0.37547
2.340476,0.375996
2.341533,0.376187
2.342591,0.375996
2.34365,0.37633
2.34471,0.376187
2.345771,0.376235
2.346833,0.376426
2.347896,0.376474
2.34896,0.376761
2.350024,0.376713
2.35109,0.376474
2.352157,0.376235
2.353225,0.37633
2.354293,0.376904
2.355363,0.376952
2.356434,0.376713
2.357505,0.376665
2.358577,0.376856
2.359651,0.377
2.360726,0.376665
2.361801,0.377
2.362878,0.377095
2.363955,0.377095
2.365033,0.377
2.366114,0.376808
2.367194,0.377143
2.368275,0.377095
2.369358,0.376761
2.370441,0.376808
2.371525,0.376856
2.372611,0.376856
2.373697,0.376713
2.374785,0.376713
2.375873,0.377047
2.376962,0.377
2.378052,0.377334
2.379144,0.377334
2.380236,0.377047
2.38133,0.377047
2.382424,0.376904
2.383519,0.376713
2.384615,0.376904
2.385713,0.376856
2.386811,0.376522
2.387911,0.376426
2.389011,0.377
2.390113,0.377286
2.391215,0.377286
2.392318,0.377573
2.393423,0.37743
2.394528,0.377047
2.395635,0.377191
2.396743,0.377573
2.397851,0.377669
2.398961,0.377812
2.400071,0.37829
2.401183,0.37829
2.402296,0.377908
2.40341,0.378146
2.404524,0.378768
2.40564,0.378768
2.406757,0.378815
2.407875,0.37872
2.408994,0.378624
2.410113,0.378911
2.411234,0.379198
2.412356,0.37915
2.413479,0.379246
2.414603,0.379676
2.415729,0.379962
2.416855,0.379915
2.417982,0.379819
2.419111,0.379867
2.42024,0.379819
2.421371,0.379723
2.422502,0.379962
2.423635,0.380297
2.424768,0.380727
2.425903,0.380918
2.427038,0.381014
2.428176,0.380918
2.429314,0.381061
2.430453,0.381396
2.431592,0.381396
2.432734,0.381109
2.433876,0.3813
2.435019,0.381348
2.436163,0.381587
2.437308,0.381969
2.438454,0.382352
2.439602,0.382352
2.44075,0.382591
2.4419,0.382639
2.443051,0.382782
2.444203,0.383164
2.445355,0.383403
2.44651,0.383594
2.447665,0.383547
2.448821,0.383308
2.449978,0.383642
2.451137,0.384072
2.452296,0.384598
2.453457,0.384789
2.454618,0.384932
2.455781,0.384932
2.456945,0.385267
2.45811,0.385315
2.459276,0.38541
2.460443,0.385745
2.461612,0.385793
2.462781,0.385936
2.463952,0.386175
2.465123,0.386175
2.466296,0.386605
2.46747,0.386844
2.468645,0.387035
2.469821,0.387131
2.470998,0.38737
2.472176,0.387895
2.473356,0.388182
2.474536,0.388564
2.475718,0.388994
2.476901,0.389138
2.478085,0.389185
2.47927,0.389233
2.480456,0.389424
2.481644,0.38952
2.482832,0.389807
2.484022,0.389998
2.485213,0.390141
2.486404,0.390476
2.487597,0.390954
2.488792,0.391097
2.489987,0.391384
2.491184,0.391336
2.492381,0.391336
2.493581,0.391623
2.494781,0.391909
2.495982,0.392196
2.497184,0.39277
2.498387,0.392913
2.499592,0.392961
2.500798,0.393009
2.502005,0.3932
2.503213,0.393486
2.504422,0.39363
2.505633,0.393916
2.506844,0.394155
2.508057,0.394251
2.509271,0.394538
2.510486,0.394824
2.511703,0.395016
2.51292,0.395207
2.514138,0.395493
2.515358,0.395828
2.516579,0.396115
2.517802,0.396401
2.519025,0.396497
2.52025,0.396784
2.521476,0.397214
2.522703,0.397405
2.523931,0.397644
2.52516,0.398217
2.526391,0.398409
2.527622,0.398695
2.528856,0.398886
2.53009,0.398791
2.531325,0.39903
2.532562,0.399412
2.5338,0.399938
2.535039,0.399842
2.536279,0.400129
2.53752,0.400798
2.538763,0.401037
2.540007,0.40118
2.541252,0.401563
2.542498,0.401754
2.543746,0.402136
2.544994,0.402614
2.546244,0.402614
2.547495,0.402423
2.548748,0.402805
2.550002,0.402996
2.551256,0.403187
2.552513,0.40357
2.553771,0.404573
2.555029,0.405386
2.556289,0.405768
2.55755,0.406007
2.558813,0.405768
2.560076,0.404334
2.561341,0.403474
2.562607,0.404095
2.563875,0.404908
2.565143,0.406533
2.566413,0.407918
2.567684,0.407249
2.568957,0.406294
2.57023,0.407202
2.571505,0.407823
2.572781,0.406485
2.574058,0.407488
2.575337,0.408396
2.576617,0.408253
2.577898,0.409352
2.579181,0.410021
2.580465,0.4094
2.58175,0.409448
2.583036,0.408253
2.584324,0.408826
2.585613,0.410021
2.586903,0.409687
2.588195,0.410451
2.589488,0.411502
2.590782,0.412363
2.592077,0.411407
2.593373,0.407345
2.594671,0.405051
2.595971,0.409448
2.597271,0.413318
2.598573,0.414418
2.599876,0.414083
2.601181,0.413653
2.602487,0.413223
2.603794,0.412124
2.605102,0.411263
2.606412,0.412458
2.607723,0.414035
2.609035,0.414465
2.610349,0.415469
2.611664,0.416233
2.612981,0.416138
2.614299,0.416233
2.615618,0.414322
2.616938,0.413653
2.61826,0.41523
2.619583,0.414561
2.620907,0.416042
2.622233,0.418049
2.62356,0.418432
2.624888,0.417667
2.626217,0.416186
2.627548,0.417237
2.628881,0.416377
2.630215,0.415039
2.63155,0.41738
2.632886,0.418193
2.634224,0.41848
2.635564,0.419435
2.636904,0.41977
2.638246,0.41977
2.63959,0.419579
2.640934,0.419387
2.64228,0.419149
2.643628,0.419149
2.644976,0.418671
2.646327,0.418862
2.647678,0.419387
2.649031,0.419483
2.650386,0.418766
2.651741,0.417476
2.653098,0.417428
2.654457,0.417476
2.655817,0.417428
2.657177,0.417667
2.65854,0.416329
2.659904,0.415421
2.66127,0.415421
2.662637,0.415087
2.664005,0.412172
2.665375,0.409925
2.666745,0.409639
2.668118,0.40983
2.669492,0.406341
2.670867,0.405625
2.672244,0.40744
2.673622,0.406102
2.675002,0.402662
2.676383,0.398886
2.677765,0.39621
2.67915,0.393056
2.680535,0.390141
2.681922,0.385267
2.68331,0.379007
2.6847,0.372077
2.68609,0.363953
2.687483,0.355304
2.688877,0.346367
2.690272,0.33638
2.691669,0.325293
2.693067,0.312916
2.694467,0.301399
2.695868,0.289978
2.69727,0.276979
2.698674,0.263455
2.70008,0.252655
2.701487,0.244722
2.702896,0.23722
2.704306,0.228092
2.705717,0.218535
2.70713,0.209455
2.708544,0.201856
2.70996,0.19703
2.711378,0.19574
2.712797,0.195883
2.714217,0.195787
2.715639,0.195596
2.717062,0.194736
2.718487,0.19335
2.719913,0.191678
2.721341,0.191439
2.72277,0.190817
2.7242,0.189718
2.725633,0.189623
2.727067,0.189145
2.728502,0.188046
2.729939,0.186755
2.731377,0.185179
2.732817,0.183506
2.734258,0.18169
2.735701,0.180495
2.737146,0.179109
2.738592,0.176959
2.740039,0.175334
2.741488,0.174761
2.742939,0.174235
2.744391,0.173231
2.745844,0.172324
2.747299,0.171511
2.748756,0.170794
2.750214,0.170077
2.751674,0.169695
2.753135,0.168978
2.754598,0.16807
2.756062,0.168453
2.757528,0.169074
2.758996,0.16917
2.760465,0.168883
2.761936,0.168453
2.763408,0.168835
2.764882,0.169456
2.766357,0.1696
2.767834,0.169934
2.769313,0.170125
2.770793,0.170173
2.772275,0.170747
2.773758,0.171368
2.775243,0.171846
2.77673,0.172037
2.778218,0.172132
2.779707,0.172132
2.781199,0.172419
2.782691,0.172706
2.784185,0.172754
2.785681,0.172706
2.787179,0.172897
2.788678,0.173327
2.790179,0.173709
2.791682,0.174044
2.793186,0.174331
2.794692,0.174617
2.7962,0.174856
2.797709,0.174904
2.799219,0.175047
2.800731,0.175239
2.802245,0.175143
2.803761,0.175525
2.805278,0.176051
2.806797,0.176481
2.808318,0.177007
2.80984,0.177246
2.811363,0.17758
2.812889,0.177963
2.814416,0.178297
2.815945,0.178632
2.817475,0.178918
2.819007,0.179205
2.82054,0.179635
2.822076,0.17997
2.823613,0.1804
2.825152,0.180925
2.826692,0.181355
2.828234,0.181738
2.829778,0.182311
2.831324,0.182694
2.832871,0.18298
2.83442,0.18341
2.835971,0.183697
2.837523,0.183984
2.839077,0.184366
2.840632,0.184892
2.84219,0.18537
2.843749,0.185704
2.84531,0.1858
2.846872,0.185943
2.848437,0.186278
2.850003,0.186564
2.85157,0.18709
2.85314,0.187377
2.854711,0.187616
2.856283,0.187711
2.857857,0.187998
2.859434,0.188237
2.861012,0.188094
2.862592,0.188189
2.864173,0.188428
2.865757,0.188667
2.867342,0.188906
2.868929,0.189049
2.870517,0.189097
2.872108,0.189193
2.873699,0.189288
2.875293,0.189288
2.876889,0.189193
2.878486,0.189288
2.880085,0.189623
2.881686,0.189718
2.883289,0.189575
2.884893,0.189623
2.886499,0.189766
2.888107,0.189862
2.889717,0.189862
2.891329,0.189671
2.892942,0.189718
2.894558,0.189957
2.896175,0.190292
2.897794,0.190483
2.899415,0.190626
2.901037,0.190674
2.902662,0.190817
2.904288,0.190913
2.905916,0.191104
2.907546,0.191391
2.909178,0.191678
2.910811,0.191917
2.912446,0.19206
2.914083,0.192251
2.915722,0.192394
2.917363,0.192538
2.919006,0.192825
2.92065,0.193016
2.922296,0.193159
2.923944,0.193446
2.925594,0.193876
2.927246,0.194019
2.9289,0.19421
2.930556,0.194641
2.932213,0.194927
2.933873,0.195214
2.935534,0.19531
2.937198,0.195596
2.938863,0.195835
2.94053,0.196074
2.942199,0.196456
2.943869,0.1966
2.945542,0.196839
2.947217,0.197221
2.948893,0.197556
2.950572,0.197747
2.952252,0.197986
2.953934,0.198511
2.955618,0.198989
2.957304,0.19918
2.958992,0.199372
2.960681,0.199658
2.962373,0.199802
2.964067,0.200232
2.965763,0.200566
2.96746,0.200853
2.96916,0.20114
2.970861,0.201618
2.972565,0.202
2.974271,0.202382
2.975978,0.202812
2.977687,0.203147
2.979398,0.203434
2.981112,0.203816
2.982827,0.204198
2.984544,0.204485
2.986264,0.204772
2.987985,0.205345
2.989709,0.205966
2.991434,0.206349
2.993161,0.20654
2.99489,0.206922
2.996621,0.2074
2.998354,0.207782
3.000089,0.208356
3.001826,0.209025
3.003565,0.209455
3.005306,0.209694
3.00705,0.210028
3.008795,0.210602
3.010542,0.210984
3.012291,0.211462
3.014043,0.211844
3.015796,0.212322
3.017552,0.212896
3.019309,0.213326
3.021069,0.213756
3.02283,0.214186
3.024594,0.214616
3.02636,0.215142
3.028127,0.215524
3.029897,0.215906
3.031669,0.216288
3.033443,0.216623
3.035219,0.217005
3.036998,0.21734
3.038778,0.217674
3.04056,0.218104
3.042344,0.218535
3.04413,0.218869
3.045919,0.219204
3.047709,0.21949
3.049502,0.219873
3.051297,0.220159
3.053094,0.220446
3.054893,0.220589
3.056694,0.220733
3.058498,0.220924
3.060303,0.221211
3.062111,0.221545
3.063921,0.221784
3.065733,0.222071
3.067547,0.222405
3.069363,0.222644
3.071181,0.222788
3.073001,0.223027
3.074824,0.223409
3.076649,0.223696
3.078476,0.22403
3.080305,0.224365
3.082136,0.224604
3.08397,0.224795
3.085805,0.225177
3.087644,0.225655
3.089484,0.225846
3.091326,0.226085
3.093171,0.226467
3.095017,0.22685
3.096866,0.227232
3.098717,0.227519
3.10057,0.227901
3.102426,0.228474
3.104284,0.228809
3.106144,0.229143
3.108006,0.229717
3.109871,0.230482
3.111737,0.231007
3.113606,0.231437
3.115477,0.231963
3.11735,0.232441
3.119226,0.232919
3.121104,0.233492
3.122984,0.234066
3.124866,0.234544
3.126751,0.235117
3.128638,0.235786
3.130527,0.236455
3.132419,0.237076
3.134313,0.23765
3.136209,0.238175
3.138108,0.238797
3.140008,0.239466
3.141912,0.240182
3.143817,0.240852
3.145725,0.241425
3.147635,0.241998
3.149547,0.242572
3.151462,0.243336
3.153378,0.244101
3.155298,0.244722
3.157219,0.245344
3.159143,0.246013
3.16107,0.246634
3.162998,0.247303
3.164929,0.247924
3.166862,0.248545
3.168798,0.24931
3.170736,0.250027
3.172677,0.250839
3.174619,0.251556
3.176565,0.252082
3.178513,0.252894
3.180463,0.253611
3.182415,0.254184
3.18437,0.25471
3.186327,0.255427
3.188287,0.256191
3.190248,0.256813
3.192213,0.25753
3.19418,0.258151
3.196149,0.258724
3.198121,0.259537
3.200095,0.260158
3.202072,0.260684
3.204051,0.261353
3.206032,0.262213
3.208016,0.263025
3.210002,0.263599
3.211991,0.264124
3.213982,0.264698
3.215976,0.26551
3.217972,0.266179
3.219971,0.266753
3.221972,0.267374
3.223976,0.268043
3.225982,0.268712
3.227991,0.269381
3.230002,0.269954
3.232016,0.270528
3.234032,0.271149
3.236051,0.271914
3.238072,0.272535
3.240096,0.273013
3.242123,0.273539
3.244152,0.274303
3.246183,0.274972
3.248217,0.27545
3.250253,0.276167
3.252293,0.276836
3.254334,0.277409
3.256378,0.278031
3.258425,0.278652
3.260474,0.279273
3.262526,0.279942
3.26458,0.280516
3.266638,0.281041
3.268697,0.281615
3.27076,0.282188
3.272825,0.282857
3.274892,0.283478
3.276962,0.2841
3.279035,0.284673
3.28111,0.285247
3.283188,0.285772
3.285269,0.286489
3.287352,0.28711
3.289438,0.287588
3.291526,0.288066
3.293617,0.28864
3.295711,0.289165
3.297807,0.289643
3.299906,0.290121
3.302008,0.290694
3.304113,0.291124
3.30622,0.29165
3.30833,0.292271
3.310443,0.292749
3.312558,0.293227
3.314676,0.293848
3.316797,0.294422
3.31892,0.2949
3.321046,0.295378
3.323175,0.295951
3.325307,0.296477
3.327442,0.297002
3.329579,0.297337
3.331719,0.297671
3.333861,0.298102
3.336007,0.298579
3.338155,0.298962
3.340306,0.299392
3.342458,0.299679
3.344615,0.299822
3.346774,0.300109
3.348936,0.300539
3.351101,0.300778
3.353268,0.300969
3.355439,0.30116
3.357612,0.301399
3.359789,0.301494
3.361968,0.301447
3.364149,0.301399
3.366334,0.301399
3.368521,0.301494
3.370711,0.30159
3.372904,0.301638
3.3751,0.301877
3.3773,0.301925
3.379501,0.302068
3.381706,0.302307
3.383913,0.302594
3.386123,0.302976
3.388336,0.303406
3.390553,0.303788
3.392771,0.304362
3.394992,0.304744
3.397217,0.304744
3.399445,0.304648
3.401675,0.304505
3.403909,0.304362
3.406146,0.304218
3.408385,0.303979
3.410627,0.303932
3.412873,0.303979
3.415121,0.304362
3.417372,0.304792
3.419626,0.305413
3.421884,0.306369
3.424144,0.307564
3.426407,0.308758
3.428673,0.310001
3.430943,0.3111
3.433215,0.312008
3.43549,0.31282
3.437768,0.313489
3.440049,0.314111
3.442333,0.314827
3.444621,0.315353
3.446911,0.315926
3.449204,0.316595
3.4515,0.317121
3.4538,0.317647
3.456102,0.318316
3.458408,0.318889
3.460716,0.319272
3.463028,0.319654
3.465343,0.319893
3.467662,0.32018
3.469983,0.320275
3.472307,0.320275
3.474634,0.320419
3.476965,0.320514
3.479298,0.32061
3.481635,0.320801
3.483975,0.32104
3.486317,0.321231
3.488663,0.32147
3.491012,0.321852
3.493365,0.321996
3.49572,0.321948
3.498079,0.322139
3.500441,0.322378
3.502806,0.32276
3.505175,0.323525
3.507547,0.324385
3.509921,0.325245
3.512299,0.326201
3.514681,0.327109
3.517065,0.327921
3.519453,0.328638
3.521844,0.329498
3.524238,0.330358
3.526636,0.331266
3.529036,0.331935
3.53144,0.332557
3.533848,0.333274
3.536258,0.333799
3.538672,0.334325
3.541089,0.334898
3.543509,0.335281
3.545932,0.335615
3.548359,0.336093
3.55079,0.336571
3.553223,0.336905
3.55566,0.337288
3.558101,0.337718
3.560545,0.338148
3.562992,0.338435
3.565443,0.338626
3.567896,0.338817
3.570354,0.339295
3.572814,0.339725
3.575278,0.340155
3.577746,0.34049
3.580216,0.340776
3.582691,0.341111
3.585169,0.341397
3.58765,0.341541
3.590135,0.341828
3.592623,0.342066
3.595114,0.342353
3.597609,0.342592
3.600107,0.342879
3.602608,0.343166
3.605114,0.343405
3.607622,0.343596
3.610135,0.343882
3.61265,0.344169
3.61517,0.34436
3.617692,0.344599
3.620219,0.344838
3.622749,0.345029
3.625283,0.345316
3.627819,0.345555
3.63036,0.345698
3.632904,0.345842
3.635452,0.346033
3.638003,0.34632
3.640558,0.346511
3.643116,0.346702
3.645679,0.346941
3.648244,0.347132
3.650813,0.347275
3.653386,0.347467
3.655962,0.347753
3.658543,0.347944
3.661126,0.348183
3.663713,0.348422
3.666304,0.348709
3.668898,0.3489
3.671497,0.349044
3.674099,0.349235
3.676705,0.349378
3.679314,0.349617
3.681927,0.349904
3.684544,0.350095
3.687165,0.350334
3.689789,0.350573
3.692417,0.350668
3.695049,0.350859
3.697685,0.351098
3.700324,0.351194
3.702967,0.351385
3.705615,0.351576
3.708265,0.351767
3.71092,0.352006
3.713578,0.352245
3.71624,0.352484
3.718906,0.352771
3.721576,0.35301
3.724249,0.353201
3.726926,0.353344
3.729607,0.353488
3.732292,0.353727
3.734981,0.354014
3.737674,0.354252
3.740371,0.354444
3.743071,0.354635
3.745776,0.354778
3.748485,0.355017
3.751197,0.355256
3.753913,0.355495
3.756634,0.355686
3.759358,0.355829
3.762086,0.355973
3.764818,0.356212
3.767554,0.356594
3.770293,0.356785
3.773037,0.356976
3.775785,0.357168
3.778537,0.357406
3.781293,0.35755
3.784053,0.357693
3.786817,0.357741
3.789586,0.357884
3.792358,0.358123
3.795134,0.358314
3.797915,0.358506
3.800699,0.358601
3.803488,0.358649
3.80628,0.358745
3.809077,0.358888
3.811877,0.359031
3.814683,0.359127
3.817492,0.359318
3.820305,0.359461
3.823123,0.359557
3.825944,0.3597
3.82877,0.359891
3.8316,0.359939
3.834434,0.360035
3.837271,0.36013
3.840113,0.360178
3.84296,0.360369
3.845811,0.360608
3.848666,0.360608
3.851525,0.360656
3.854389,0.360799
3.857257,0.360895
3.86013,0.361038
3.863006,0.361229
3.865887,0.361373
3.868772,0.361421
3.871661,0.361468
3.874554,0.361612
3.877452,0.361755
3.880355,0.361899
3.883262,0.361994
3.886173,0.36209
3.889088,0.362185
3.892008,0.362329
3.894932,0.362424
3.897861,0.362472
3.900793,0.362568
3.903731,0.362711
3.906672,0.362854
3.909618,0.36295
3.912569,0.36295
3.915524,0.36295
3.918483,0.362902
3.921447,0.362998
3.924416,0.362998
3.927389,0.363093
3.930367,0.363237
3.933349,0.363189
3.936336,0.363045
3.939327,0.36295
3.942322,0.362854
3.945323,0.362663
3.948327,0.36252
3.951337,0.362424
3.954351,0.362185
3.95737,0.36209
3.960393,0.36209
3.963421,0.36209
3.966453,0.362042
3.96949,0.36209
3.972532,0.361851
3.975579,0.361851
3.978629,0.361899
3.981685,0.361851
3.984745,0.362042
3.98781,0.362137
3.99088,0.362233
3.993955,0.362376
3.997034,0.362568
4.000118,0.362759
4.003208,0.362854
4.006302,0.363045
4.0094,0.363237
4.012504,0.363284
4.015612,0.36338
4.018724,0.363428
4.021842,0.363428
4.024965,0.363523
4.028091,0.363667
4.031223,0.363714
4.03436,0.363762
4.037502,0.363667
4.040649,0.363619
4.043801,0.363667
4.046958,0.363619
4.050119,0.363523
4.053287,0.36338
4.056458,0.363332
4.059635,0.363332
4.062816,0.363284
4.066003,0.363189
4.069194,0.363093
4.072391,0.36295
4.075593,0.362854
4.078799,0.362711
4.082011,0.36252
4.085227,0.362329
4.088449,0.362281
4.091676,0.362233
4.094908,0.362042
4.098145,0.361899
4.101388,0.361803
4.104634,0.361564
4.107887,0.361373
4.111144,0.361277
4.114407,0.361229
4.117675,0.361086
4.120948,0.360991
4.124227,0.360752
4.12751,0.360656
4.130799,0.360513
4.134094,0.360274
4.137393,0.360178
4.140697,0.360083
4.144008,0.359748
4.147323,0.359509
4.150643,0.359366
4.153969,0.359318
4.157301,0.359127
4.160638,0.358936
4.16398,0.35884
4.167327,0.358745
4.17068,0.358506
4.174038,0.358171
4.177401,0.358075
4.18077,0.357884
4.184143,0.357693
4.187523,0.357598
4.190908,0.357502
4.194299,0.357359
4.197695,0.357406
4.201097,0.357645
4.204504,0.358123
4.207917,0.358649
4.211336,0.359175
4.214759,0.359844
4.218189,0.360083
4.221624,0.360178
4.225064,0.360274
4.22851,0.360369
4.231962,0.360226
4.23542,0.360035
4.238883,0.359796
4.242352,0.359461
4.245827,0.358888
4.249307,0.35798
4.252793,0.356594
4.256284,0.355543
4.259782,0.355734
4.263285,0.356498
4.266792,0.356785
4.270307,0.356737
4.273828,0.356546
4.277354,0.356307
4.280886,0.356021
4.284424,0.355734
4.287968,0.355495
4.291517,0.355208
4.295074,0.354683
4.298635,0.3543
4.302202,0.354014
4.305776,0.353583
4.309355,0.353058
4.31294,0.352532
4.316531,0.352006
4.320128,0.351481
4.323732,0.350955
4.327342,0.350525
4.330956,0.350143
4.334578,0.34976
4.338205,0.349282
4.341838,0.348948
4.345478,0.348613
4.349123,0.348375
4.352774,0.348088
4.356431,0.347801
4.360096,0.347514
4.363765,0.347228
4.367442,0.346941
4.371124,0.34675
4.374813,0.346511
4.378508,0.346224
4.38221,0.345937
4.385918,0.345746
4.389631,0.345555
4.393351,0.345268
4.397078,0.344982
4.40081,0.344743
4.404549,0.344504
4.408295,0.344313
4.412045,0.343978
4.415803,0.343691
4.419568,0.343405
4.423338,0.34307
4.427116,0.342927
4.4309,0.342783
4.43469,0.342449
4.438487,0.342066
4.442291,0.341684
4.446101,0.34135
4.449917,0.341111
4.45374,0.340872
4.45757,0.340537
4.461406,0.340107
4.465249,0.339677
4.469098,0.339343
4.472954,0.33896
4.476817,0.338626
4.480686,0.338196
4.484562,0.337718
4.488445,0.337144
4.492334,0.336619
4.496231,0.336141
4.500134,0.33552
4.504043,0.334898
4.507959,0.334229
4.511883,0.333512
4.515813,0.332796
4.51975,0.331888
4.523694,0.330932
4.527645,0.329881
4.531602,0.328734
4.535568,0.327491
4.539539,0.326249
4.543518,0.324958
4.547503,0.323668
4.551496,0.32233
4.555496,0.320992
4.559502,0.319606
4.563516,0.318172
4.567537,0.316691
4.571565,0.31521
4.5756,0.313872
4.579642,0.312438
4.583691,0.310813
4.587747,0.309284
4.591811,0.307707
4.595881,0.306178
4.599958,0.304601
4.604044,0.303024
4.608136,0.301399
4.612236,0.29987
4.616343,0.29834
4.620458,0.296811
4.624579,0.295234
4.628708,0.293705
4.632845,0.292128
4.636989,0.290455
4.64114,0.288735
4.645299,0.287158
4.649466,0.285486
4.653639,0.283813
4.65782,0.28214
4.662009,0.280563
4.666206,0.279034
4.67041,0.277457
4.674621,0.275928
4.67884,0.274446
4.683066,0.272869
4.687301,0.271388
4.691543,0.269954
4.695792,0.268473
4.700048,0.266896
4.704313,0.265319
4.708586,0.263742
4.712867,0.262213
4.717155,0.260588
4.721451,0.259107
4.725755,0.257434
4.730067,0.255905
4.734388,0.254376
4.738715,0.252894
4.743051,0.251365
4.747394,0.250075
4.751746,0.248784
4.756105,0.247494
4.760472,0.246252
4.764848,0.245009
4.769232,0.243767
4.773623,0.242667
4.778023,0.241568
4.782431,0.240469
4.786847,0.239466
4.791271,0.238462
4.795703,0.237315
4.800144,0.236168
4.804591,0.234974
4.809048,0.233827
4.813513,0.232584
4.817986,0.231342
4.822468,0.230195
4.826958,0.228952
4.831457,0.22771
4.835964,0.226467
4.84048,0.225225
4.845004,0.223982
4.849536,0.222644
4.854077,0.221402
4.858626,0.220159
4.863184,0.218965
4.867751,0.217865
4.872326,0.216814
4.876908,0.215667
4.8815,0.214616
4.886101,0.213612
4.89071,0.212657
4.895329,0.211749
4.899956,0.210888
4.904591,0.210076
4.909236,0.209216
4.91389,0.208403
4.918552,0.207639
4.923223,0.206826
4.927903,0.206014
4.932591,0.205297
4.937289,0.20458
4.941996,0.203864
4.946712,0.203147
4.951437,0.202382
4.956171,0.201665
4.960914,0.200949
4.965665,0.200184
4.970426,0.199324
4.975196,0.198416
4.979976,0.197556
4.984764,0.1966
4.989561,0.195596
4.994367,0.194497
4.999184,0.193302
5.004009,0.192203
5.008844,0.191009
5.013688,0.189718
5.018541,0.188476
5.023404,0.187233
5.028277,0.185943
5.033159,0.184701
5.038051,0.183506
5.042951,0.182455
5.047862,0.181451
5.052782,0.180639
5.057711,0.17997
5.06265,0.179492
5.0676,0.179014
5.072558,0.178679
5.077527,0.17844
5.082504,0.17844
5.087492,0.178488
5.09249,0.178632
5.097497,0.178823
5.102514,0.178966
5.10754,0.179157
5.112577,0.179492
5.117624,0.179683
5.122681,0.179874
5.127748,0.180161
5.132825,0.180447
5.137912,0.180734
5.143009,0.181021
5.148117,0.181308
5.153234,0.181594
5.158362,0.181833
5.1635,0.182216
5.168648,0.18255
5.173806,0.182741
5.178975,0.18298
5.184154,0.183267
5.189344,0.183506
5.194544,0.183793
5.199754,0.184127
5.204975,0.184318
5.210206,0.184462
5.215447,0.184653
5.2207,0.184844
5.225963,0.184987
5.231235,0.185179
5.236519,0.18537
5.241814,0.18537
5.247119,0.185609
5.252435,0.1858
5.257762,0.185943
5.2631,0.186039
5.268449,0.186325
5.273809,0.186755
5.27918,0.187186
5.284561,0.187616
5.289953,0.188237
5.295357,0.188954
5.300771,0.189623
5.306197,0.190244
5.311634,0.191009
5.31708,0.191869
5.322538,0.192777
5.328009,0.193589
5.33349,0.194497
5.338983,0.195405
5.344487,0.196265
5.350003,0.197125
5.355529,0.198129
5.361069,0.199037
5.366619,0.199945
5.37218,0.200805
5.377753,0.201713
5.383337,0.202669
5.388933,0.203529
5.394541,0.204485
5.40016,0.205488
5.405792,0.206444
5.411435,0.207495
5.417089,0.208403
5.422756,0.209455
5.428434,0.21065
5.434124,0.211701
5.439826,0.2128
5.44554,0.213803
5.451264,0.214759
5.457003,0.215763
5.462753,0.216671
5.468515,0.217627
5.47429,0.218535
5.480077,0.21949
5.485876,0.220303
5.491687,0.221067
5.497512,0.221641
5.503348,0.222214
5.509196,0.22274
5.515058,0.22317
5.520931,0.223457
5.526816,0.223696
5.532715,0.223791
5.538626,0.223743
5.544551,0.223552
5.550487,0.223361
5.556436,0.223122
5.562398,0.222979
5.568373,0.222692
5.57436,0.22231
5.58036,0.222214
5.586374,0.222358
5.592398,0.222119
5.598437,0.221927
5.604489,0.221593
5.610555,0.221306
5.616633,0.220924
5.622725,0.220446
5.62883,0.219777
5.634949,0.218917
5.641082,0.218057
5.647227,0.217627
5.653385,0.216958
5.659557,0.216241
5.665742,0.215285
5.671941,0.214234
5.678154,0.213326
5.68438,0.212418
5.69062,0.211271
5.696874,0.210124
5.703141,0.208881
5.709422,0.207543
5.715717,0.206253
5.722026,0.204867
5.728348,0.203338
5.734685,0.201665
5.741033,0.199802
5.747398,0.19789
5.753777,0.195979
5.76017,0.193733
5.766577,0.191439
5.772999,0.189671
5.779435,0.187759
5.785885,0.185704
5.792351,0.183601
5.798831,0.181594
5.805324,0.179683
5.811832,0.177867
5.818355,0.175812
5.824893,0.174283
5.831445,0.173088
5.838012,0.171893
5.844594,0.170508
5.851191,0.169122
5.857803,0.167593
5.864429,0.166111
5.871071,0.164486
5.877727,0.162336
5.884399,0.160615
5.891086,0.158895
5.897785,0.156792
5.904502,0.155024
5.911235,0.152826
5.917983,0.150484
5.924747,0.147999
5.931525,0.145323
5.93832,0.142838
5.94513,0.141022
5.951957,0.13892
5.958798,0.136674
5.965655,0.134236
5.972528,0.132134
5.979417,0.130222
5.986322,0.128359
5.993242,0.126543
6.000179,0.125109
6.00713,0.123628
6.014098,0.122242
6.021083,0.121047
6.028085,0.119948
6.035102,0.118658
6.042136,0.117081
6.049186,0.115743
6.056253,0.115456
6.063337,0.114643
6.070437,0.11364
6.077554,0.112971
6.084687,0.112589
6.091837,0.112111
6.099004,0.111681
6.106188,0.111203
6.113389,0.110964
6.120608,0.111155
6.127842,0.111442
6.135094,0.111489
6.142364,0.111728
6.14965,0.111967
6.156953,0.112397
6.164274,0.112923
6.171613,0.113496
6.178967,0.11364
6.18634,0.113974
6.193731,0.114691
6.201139,0.115217
6.208566,0.115504
6.216011,0.115743
6.223473,0.116029
6.230953,0.116268
6.238452,0.116412
6.245968,0.116459
6.253502,0.116507
6.261055,0.116555
6.268626,0.116555
6.276215,0.116507
6.283823,0.116412
6.291449,0.116268
6.299095,0.116029
6.306758,0.115743
6.31444,0.115599
6.32214,0.115265
6.32986,0.114835
6.337598,0.114213
6.345355,0.113688
6.353131,0.113592
6.360924,0.113066
6.368739,0.11235
6.376572,0.111967
6.384425,0.111489
6.392297,0.111012
6.400189,0.110295
6.4081,0.109196
6.416031,0.108765
6.423983,0.109148
6.431953,0.109148
6.439943,0.109052
6.447953,0.108957
6.455982,0.108861
6.464032,0.108765
6.472102,0.108574
6.480192,0.108431
6.488305,0.108288
6.496436,0.10867
6.504587,0.109578
6.512758,0.10996
6.52095,0.110247
6.529163,0.110964
6.537397,0.111633
6.545651,0.112158
6.553923,0.112636
6.562219,0.113019
6.570536,0.113353
6.578875,0.114118
6.587234,0.114643
6.595614,0.115026
6.604017,0.11536
6.61244,0.115695
6.620886,0.116029
6.629353,0.115934
6.637841,0.116125
6.646351,0.117224
6.654883,0.118084
6.663437,0.118466
6.672013,0.119088
6.680611,0.1199
6.689233,0.120999
6.697875,0.121907
6.70654,0.122624
6.715228,0.123532
6.723937,0.124536
6.73267,0.125444
6.741425,0.126113
6.750203,0.126782
6.759001,0.127259
6.767824,0.127451
6.776671,0.127546
6.785541,0.127355
6.794435,0.127403
6.803351,0.12769
6.812291,0.127737
6.821255,0.127451
6.830244,0.127355
6.839254,0.127355
6.848289,0.126782
6.857347,0.12573
6.86643,0.1253
6.875537,0.125444
6.884668,0.124966
6.893823,0.124344
6.902999,0.123628
6.912203,0.123054
6.921432,0.122481
6.930685,0.121859
6.939963,0.12119
6.949265,0.12033
6.958593,0.119231
6.967947,0.118658
6.977327,0.118084
6.98673,0.117367
6.996159,0.116651
7.005613,0.115981
7.015093,0.115169
7.024599,0.114357
7.03413,0.113496
7.043687,0.112589
7.053272,0.112063
7.062882,0.111585
7.072517,0.110916
7.082179,0.110247
7.091867,0.109626
7.101583,0.108957
7.111324,0.108144
7.121092,0.107475
7.130883,0.106806
7.140706,0.106042
7.150555,0.105325
7.160431,0.10456
7.170335,0.103891
7.180266,0.103365
7.190225,0.102792
7.200211,0.102075
7.210228,0.101454
7.22027,0.101024
7.23034,0.100403
7.240438,0.099877
7.250565,0.099447
7.26072,0.098826
7.270903,0.098252
7.281115,0.09787
7.291358,0.097535
7.301627,0.097057
7.311926,0.096532
7.322253,0.096006
7.33261,0.095289
7.342996,0.09462
7.353412,0.093951
7.363857,0.093187
7.374328,0.092422
7.384833,0.091657
7.395367,0.090702
7.405932,0.089794
7.416527,0.088886
7.427153,0.088121
7.437809,0.087213
7.448495,0.086305
7.459215,0.085397
7.469963,0.084489
7.480742,0.083581
7.491552,0.082673
7.502394,0.081717
7.513267,0.08081
7.524172,0.079854
7.535108,0.078898
7.546078,0.077894
7.557078,0.076986
7.56811,0.075983
7.579175,0.074932
7.590272,0.073832
7.601401,0.072877
7.612564,0.071873
7.623759,0.07087
7.634982,0.069818
7.646243,0.068767
7.657537,0.067668
7.668865,0.066664
7.680227,0.065661
7.691622,0.064609
7.703051,0.06351
7.714513,0.062459
7.726013,0.061408
7.737544,0.060356
7.74911,0.059162
7.76071,0.057967
7.772346,0.05682
7.784016,0.055816
7.795721,0.054669
7.807461,0.053523
7.819234,0.052328
7.831045,0.051229
7.842893,0.050034
7.854775,0.048935
7.866695,0.047836
7.87865,0.046689
7.890642,0.045446
7.90267,0.044204
7.914737,0.042866
7.926839,0.041576
7.938978,0.040333
7.951155,0.039091
7.963368,0.037848
7.97562,0.036701
7.987909,0.035411
8.000236,0.034216
8.012604,0.033069
8.025007,0.031922
8.03745,0.030728
8.04993,0.029629
8.062449,0.028529
8.075007,0.027526
8.087605,0.026522
8.100242,0.025614
8.112914,0.024515
8.12563,0.023416
8.138387,0.022365
8.151183,0.021457
8.16402,0.020501
8.176896,0.019593
8.189815,0.018637
8.202773,0.017729
8.215774,0.016869
8.228815,0.016105
8.241898,0.015388
8.255021,0.014623
8.268188,0.013811
8.281395,0.013189
8.294645,0.012568
8.307939,0.011899
8.321277,0.011278
8.334655,0.0108
8.348077,0.01037
8.361541,0.009988
8.37505,0.00951
8.388601,0.009175
8.402197,0.008793
8.415837,0.008554
8.429516,0.008411
8.443245,0.008172
8.457019,0.007933
8.470837,0.007837
8.484701,0.007789
8.49861,0.007981
8.512566,0.008172
8.526567,0.008315
8.540616,0.008745
8.554709,0.009366
8.56885,0.009988
8.583036,0.010848
8.59727,0.011995
8.611551,0.013428
8.62588,0.015005
8.640257,0.01706
8.654684,0.019354
8.669156,0.021935
8.683678,0.024802
8.698248,0.027813
8.712867,0.030728
8.727534,0.034121
8.742252,0.037848
8.75702,0.041719
8.771832,0.04559
8.786699,0.049508
8.801618,0.053236
8.816586,0.056677
8.831606,0.059639
8.846677,0.062124
8.861799,0.064275
8.876974,0.066091
8.892203,0.067524
8.907482,0.068671
8.922813,0.069627
8.938197,0.070248
8.953634,0.070583
8.969126,0.070631
8.98467,0.070344
9.000268,0.069866
9.015924,0.069054
9.031631,0.068241
9.047393,0.067524
9.06321,0.066712
9.079082,0.065709
9.095011,0.064801
9.110995,0.06394
9.127035,0.063176
9.143127,0.062507
9.159282,0.062029
9.175492,0.061455
9.191761,0.060882
9.208088,0.060308
9.224472,0.059735
9.240915,0.059066
9.257417,0.058588
9.27398,0.057823
9.290601,0.057011
9.307281,0.056055
9.32402,0.055004
9.34082,0.053857
9.35768,0.052423
9.374602,0.050655
9.391585,0.048744
9.408624,0.046976
9.42573,0.045303
9.442899,0.043535
9.460131,0.041958
9.477425,0.040333
9.494783,0.039091
9.512204,0.038135
9.52969,0.037275
9.547244,0.036462
9.564858,0.035889
9.582539,0.035363
9.600284,0.035076
9.618095,0.034694
9.635973,0.034503
9.653916,0.034407
9.671927,0.03436
9.690009,0.034216
9.708156,0.034025
9.72637,0.033834
9.744653,0.033595
9.763004,0.033404
9.781425,0.03326
9.799915,0.032878
9.818476,0.032591
9.837101,0.032352
9.855803,0.032066
9.874576,0.031731
9.89342,0.031731
9.912336,0.031683
9.931326,0.031588
9.950388,0.031492
9.969523,0.031827
9.988736,0.031731
10.008019,0.031636
10.027377,0.031492
10.04681,0.031349
10.066319,0.031158
10.085902,0.030919
10.105563,0.030871
10.1253,0.031397
10.145119,0.032066
10.165011,0.032974
10.184982,0.034216
10.205031,0.035459
10.22516,0.036797
10.245367,0.038517
10.265656,0.040094
10.286023,0.041671
10.306466,0.042866
10.326997,0.044108
10.34761,0.045303
10.368304,0.045972
10.389083,0.046402
10.409945,0.046832
10.43089,0.047167
10.45192,0.047406
10.473039,0.047692
10.49424,0.04817
10.515526,0.048648
10.536899,0.049461
10.558359,0.050273
10.579906,0.050799
10.601542,0.051181
10.623267,0.051563
10.645084,0.051802
10.666988,0.052089
10.688982,0.052232
10.711066,0.052615
10.733243,0.053236
10.755511,0.053953
10.777872,0.054908
10.800325,0.055673
10.822865,0.056055
10.845508,0.056438
10.868244,0.056629
10.891077,0.056677
10.914005,0.056916
10.937031,0.05725
10.960154,0.057202
10.983374,0.057059
11.006698,0.057107
11.030116,0.057393
11.053635,0.05768
11.077253,0.057823
11.100973,0.057967
11.124795,0.058158
11.14872,0.05811
11.172747,0.058301
11.196871,0.058397
11.221107,0.05854
11.245447,0.058684
11.269894,0.058779
11.294447,0.05897
11.319107,0.059257
11.343875,0.059162
11.368752,0.058923
11.393744,0.058731
11.418839,0.058684
11.444047,0.058445
11.469365,0.058062
11.494797,0.057441
11.52034,0.056868
11.545999,0.056294
11.571771,0.055769
11.597663,0.055291
11.623667,0.054813
11.649787,0.054192
11.676025,0.05357
11.702382,0.052901
11.728858,0.051946
11.755454,0.051038
11.782171,0.050512
11.809002,0.050034
11.835962,0.049413
11.863048,0.048935
11.890256,0.048648
11.91759,0.048457
11.94505,0.048361
11.972636,0.047979
12.000351,0.047692
12.028198,0.04774
12.056171,0.047931
12.084274,0.047836
12.112508,0.047692
12.140875,0.047453
12.169374,0.047453
12.198009,0.047501
12.226777,0.047549
12.255688,0.047406
12.28473,0.047501
12.31391,0.047597
12.343228,0.047549
12.372687,0.047549
12.402287,0.047453
12.432029,0.04731
12.461913,0.047358
12.491931,0.047023
12.522105,0.046784
12.552425,0.046641
12.582892,0.046498
12.613507,0.046307
12.644272,0.046115
12.675187,0.045638
12.706254,0.045303
12.737479,0.045255
12.768852,0.045542
12.80038,0.045494
12.832064,0.045399
12.863906,0.045255
12.895905,0.045016
12.928064,0.044586
12.960384,0.044491
12.992874,0.044395
13.025519,0.044299
13.05833,0.044108
13.091305,0.043869
13.124448,0.043344
13.157759,0.042818
13.191238,0.042722
13.22489,0.042866
13.258701,0.042531
13.292698,0.042101
13.326869,0.042006
13.361217,0.041862
13.395742,0.041432
13.430446,0.041384
13.46533,0.041145
13.500397,0.040524
13.535651,0.039855
13.571085,0.039425
13.606705,0.038852
13.642511,0.038087
13.678508,0.036845
13.714694,0.035506
13.751073,0.034407
13.787644,0.033547
13.82442,0.032687
13.861383,0.031588
13.898545,0.030632
13.935907,0.029867
13.97347,0.029198
14.011236,0.028577
14.049208,0.027813
14.087384,0.027096
14.125755,0.02614
14.16435,0.025567
14.203156,0.025089
14.242176,0.024563
14.281411,0.023942
14.320862,0.023321
14.360532,0.02246
14.400422,0.021935
14.440542,0.021218
14.48088,0.020358
14.521442,0.019498
14.562233,0.018685
14.603253,0.018016
14.644506,0.017204
14.685991,0.016439
14.727713,0.0162
14.76966,0.015866
14.811859,0.015627
14.8543,0.015388
14.896984,0.015053
14.939916,0.014719
14.983094,0.014384
15.026524,0.013715
15.070205,0.013428
15.11415,0.013189
15.158343,0.012807
15.202796,0.01209
15.24751,0.011804
15.292488,0.011612
15.337732,0.011421
15.383245,0.011517
15.429028,0.01209
15.475092,0.012903
15.521424,0.013763
15.568036,0.014528
15.614927,0.015149
15.662103,0.015674
15.709563,0.016296
15.757313,0.016678
15.805353,0.016774
15.853672,0.016439
15.902304,0.015866
15.951234,0.015483
16.000465,0.015531
16.050003,0.01491
16.099848,0.014575
16.150003,0.014623
16.200472,0.014575
16.251265,0.014814
16.30237,0.014958
16.353796,0.015292
16.405548,0.016296
16.45763,0.017251
16.510042,0.018542
16.56279,0.020023
16.615877,0.021887
16.669313,0.024037
16.723085,0.026475
16.777206,0.029342
16.831676,0.032114
16.886503,0.03479
16.941689,0.037991
16.997234,0.04105
17.053146,0.043726
17.109409,0.046259
17.166063,0.04903
17.223093,0.052041
17.280504,0.055243
17.338299,0.058779
17.396481,0.061933
17.455055,0.064323
17.514025,0.066999
17.573404,0.069818
17.633179,0.071873
17.693359,0.073307
17.753954,0.074645
17.814964,0.075696
17.876394,0.076031
17.938251,0.075983
18.000536,0.0767
18.063269,0.076986
18.126427,0.076031
18.190027,0.076031
18.254078,0.076078
18.318579,0.075075
18.383539,0.074501
18.448961,0.073976
18.514851,0.073928
18.58119,0.074024
18.648029,0.073737
18.715351,0.07431
18.783159,0.075266
18.851461,0.075171
18.920263,0.075792
18.989569,0.077082
19.059383,0.07799
19.129725,0.07842
19.200575,0.079089
19.271952,0.079328
19.343863,0.080188
19.416311,0.081001
19.489305,0.081479
19.562849,0.081048
19.636951,0.081096
19.711594,0.080236
19.786827,0.078659
19.862638,0.077894
19.939034,0.077321
20.016018,0.076078
20.093599,0.074597
20.171785,0.073259
20.250582,0.071825
20.330009,0.071921
20.410049,0.073211
20.490723,0.073307
20.572035,0.073641
20.653994,0.073689
20.73661,0.073116
20.819889,0.072399
20.903841,0.07345
20.988487,0.074024
21.073807,0.072877
21.159821,0.071586
21.246542,0.071252
21.333977,0.070678
21.422132,0.069293
21.511023,0.067381
21.600651,0.066091
21.691,0.065613
21.782139,0.064227
21.874046,0.061933
21.966734,0.060643
22.060209,0.059831
22.154484,0.05897
22.249567,0.055816
22.34547,0.052901
22.442221,0.05142
22.539797,0.051946
22.638224,0.052041
22.737514,0.052806
22.837679,0.053666
22.93873,0.052232
23.04068,0.052806
23.143541,0.054048
23.247343,0.054622
23.35206,0.054526
23.457727,0.053618
23.564352,0.053475
23.671953,0.055339
23.78054,0.057537
23.890127,0.058827
24.000731,0.060356
24.112324,0.060165
24.224998,0.05897
24.338732,0.060977
24.453537,0.064657
24.569429,0.06394
24.686426,0.064418
24.804543,0.063367