Wavelength (µm) raw,BKR1KW003D anorthite Kierra <45µm raw,Wavelength (µm) bin avg,BKR1KW003D anorthite Kierra <45µm bin avg,Wavelength (µm) cubic spline of bin avg,BKR1KW003D anorthite Kierra <45µm cubic spline of bin avg
0.3,0.345948,0.44602,0.8345195,0.44602,0.8345195
0.305,0.411173,0.456,0.840657,0.45600098039215686,0.8406577089593268
0.31,0.476685,0.46598,0.847901,0.46598196078431375,0.847902325162591
0.315,0.541165,0.47596,0.8535475,0.47596294117647064,0.853548818581041
0.32,0.591556,0.48595,0.857499,0.4859439215686275,0.8574964787858715
0.325,0.635111,0.49593,0.862133,0.4959249019607843,0.8621305935556656
0.33,0.667408,0.50591,0.866355,0.5059058823529412,0.8663535207058098
0.335,0.693042,0.51589,0.8695955,0.5158868627450981,0.8695944512004173
0.34,0.711093,0.52587,0.8731535,0.525867843137255,0.873152751278828
0.345,0.724509,0.53585,0.8763529999999999,0.5358488235294118,0.8763526370722972
0.35,0.732651,0.54583,0.879353,0.5458298039215687,0.8793529446084484
0.355,0.747291,0.55581,0.881948,0.5558107843137255,0.8819481908930412
0.36,0.751818,0.56579,0.884355,0.5657917647058823,0.8843554368628213
0.365,0.766007,0.57577,0.8869180000000001,0.5757727450980392,0.8869187147853624
0.37,0.76925,0.58576,0.8895029999999999,0.5857537254901961,0.8895013835606689
0.375,0.775172,0.59574,0.8919905,0.595734705882353,0.8919892655778414
0.38,0.769768,0.60572,0.894073,0.6057156862745099,0.8940722083664282
0.385,0.770222,0.6157,0.895759,0.6156966666666667,0.8957584478619351
0.39,0.780114,0.62568,0.897376,0.6256776470588236,0.8973756545602959
0.395,0.794442,0.63566,0.898733,0.6356586274509805,0.8987328063075606
0.4,0.802557,0.64564,0.900291,0.6456396078431372,0.9002909353097597
0.405,0.810106,0.65562,0.9019775000000001,0.6556205882352941,0.901977602552021
0.41,0.811639,0.6656,0.9039065,0.665601568627451,0.9039068521852487
0.415,0.815963,0.67558,0.9063095000000001,0.6755825490196079,0.9063100857942071
0.42,0.81413,0.68556,0.908092,0.6855635294117648,0.9080924035615493
0.425,0.822061,0.69555,0.9087965,0.6955445098039216,0.9087961697781068
0.43,0.824488,0.70553,0.9095314999999999,0.7055254901960785,0.9095311504072321
0.435,0.830841,0.71551,0.9100824999999999,0.7155064705882352,0.910082442226062
0.44,0.83039,0.72549,0.910354,0.7254874509803921,0.9103537341542781
0.445,0.83414,0.73547,0.9117505,0.735468431372549,0.9117503937072363
0.45,0.834899,0.74545,0.9113929999999999,0.7454494117647059,0.9113930370244676
0.455,0.840023,0.75543,0.9113279999999999,0.7554303921568628,0.9113280223608519
0.46,0.841291,0.76541,0.9123135,0.7654113725490197,0.9123136531357005
0.465,0.847361,0.77539,0.9130695,0.7753923529411766,0.9130695474630899
0.47,0.848441,0.78537,0.9128099999999999,0.7853733333333334,0.9128098564058177
0.475,0.853121,0.79536,0.9124615,0.7953543137254901,0.9124616736217835
0.48,0.853974,0.80534,0.9123049999999999,0.805335294117647,0.912304936488028
0.485,0.857066,0.81532,0.9124019999999999,0.8153162745098039,0.9124021541723802
0.49,0.857932,0.8253,0.9115685,0.8252972549019608,0.9115686900968563
0.495,0.861894,0.83528,0.9116945000000001,0.8352782352941177,0.9116943135647754
0.5,0.862372,0.84526,0.9127460000000001,0.8452592156862746,0.9127459995731153
0.505,0.865928,0.85524,0.9120225,0.8552401960784315,0.9120224982009333
0.51,0.866782,0.86522,0.9129769999999999,0.8652211764705883,0.9129771242561199
0.515,0.869224,0.8752,0.9131905,0.875202156862745,0.9131903657409337
0.52,0.869967,0.88518,0.91247,0.8851831372549019,0.912469971539015
0.525,0.872916,0.89517,0.9125595,0.8951641176470588,0.9125600354462583
0.53,0.873391,0.90515,0.910675,0.9051450980392157,0.910675814523116
0.535,0.875726,0.91513,0.9097405000000001,0.9151260784313726,0.9097408601710283
0.54,0.87698,0.92511,0.908487,0.9251070588235295,0.9084873651501738
0.545,0.878999,0.93509,0.9074935,0.9350880392156864,0.9074936706260175
0.55,0.879707,0.94507,0.90661,0.9450690196078432,0.9066100902068182
0.555,0.881617,0.95505,0.9055325,0.95505,0.9055325
0.56,0.882279,0.96503,0.9040435,0.9650309803921568,0.9040433609575272
0.565,0.884101,0.97501,0.902942,0.9750119607843137,0.9029418490553555
0.57,0.884609,0.98499,0.902253,0.9849929411764706,0.9022527398259111
0.575,0.886507,0.99497,0.901205,0.9949739215686275,0.9012046417383486
0.58,0.887329,1.00496,0.9003669999999999,1.0049549019607844,0.9003675748097978
0.585,0.88917,1.01494,0.898832,1.0149358823529413,0.898832702598671
0.59,0.889836,1.02492,0.897349,1.0249168627450982,0.8973493511650006
0.595,0.891367,1.0349,0.8965155,1.0348978431372549,0.8965156683215888
0.6,0.892614,1.04488,0.895553,1.0448788235294117,0.8955531362171012
0.605,0.89384,1.05486,0.8944445000000001,1.0548598039215686,0.894444515951897
0.61,0.894306,1.06484,0.8938170000000001,1.0648407843137255,0.8938169367477589
0.615,0.895297,1.07482,0.892837,1.0748217647058824,0.8928368600877786
0.62,0.896221,1.0848,0.8925609999999999,1.0848027450980393,0.8925610556511808
0.625,0.897027,1.09478,0.892828,1.0947837254901962,0.8928279833066062
0.63,0.897725,1.10477,0.8923369999999999,1.104764705882353,0.8923373682596231
0.635,0.898407,1.11475,0.8917660000000001,1.1147456862745098,0.8917661570711929
0.64,0.899059,1.12473,0.8914335,1.1247266666666667,0.8914336880713537
0.645,0.899815,1.13471,0.890782,1.1347076470588235,0.890782079194758
0.65,0.900767,1.14469,0.890614,1.1446886274509804,0.890614075941522
0.655,0.900954,1.15467,0.8897174999999999,1.1546696078431373,0.8897175254845547
0.66,0.903001,1.16465,0.889417,1.1646505882352942,0.8894169737926806
0.665,0.903094,1.17463,0.8889104999999999,1.174631568627451,0.8889105009552821
0.67,0.904719,1.18461,0.8891335,1.184612549019608,0.8891333901927644
0.675,0.906232,1.19459,0.888091,1.1945935294117647,0.8880907362302435
0.68,0.906387,1.20458,0.887953,1.2045745098039216,0.8879530700422748
0.685,0.907881,1.21456,0.887541,1.2145554901960784,0.8875411777988385
0.69,0.908303,1.22454,0.8874015,1.2245364705882353,0.8874014836026712
0.695,0.908271,1.23452,0.887456,1.2345174509803922,0.887456012071275
0.7,0.909322,1.2445,0.8873409999999999,1.2444984313725491,0.8873410060794479
0.705,0.909122,1.25448,0.8873605,1.254479411764706,0.8873605049859179
0.71,0.909941,1.26446,0.8872715,1.264460392156863,0.8872715066246953
0.715,0.909631,1.27444,0.8876185,1.2744413725490196,0.8876185253401253
0.72,0.910534,1.28442,0.8876975,1.2844223529411765,0.8876975877773844
0.725,0.910115,1.2944,0.888298,1.2944033333333334,0.8882981220330436
0.73,0.910593,1.30438,0.8883335,1.3043843137254902,0.8883335318258012
0.735,0.911344,1.31437,0.8887735,1.3143652941176471,0.8887731391760082
0.74,0.912157,1.32435,0.8894435,1.324346274509804,0.8894434274233916
0.745,0.911704,1.33433,0.889389,1.334327254901961,0.8893889162509675
0.75,0.911082,1.34431,0.8903114999999999,1.3443082352941178,0.8903112894117989
0.755,0.912472,1.35429,0.891238,1.3542892156862745,0.8912379623891422
0.76,0.910184,1.36427,0.8914120000000001,1.3642701960784314,0.8914120038597935
0.765,0.9123,1.37425,0.8917505,1.3742511764705883,0.8917505321988135
0.77,0.912327,1.38423,0.8919895,1.3842321568627451,0.8919895958373406
0.775,0.912824,1.39421,0.892518,1.394213137254902,0.8925180803859201
0.78,0.913315,1.40419,0.892554,1.404194117647059,0.8925540935475149
0.785,0.91204,1.41418,0.8931895000000001,1.4141750980392158,0.8931890824371441
0.79,0.91358,1.42416,0.8944245,1.4241560784313727,0.8944237211281324
0.795,0.911514,1.43414,0.8965615,1.4341370588235294,0.8965611062615392
0.8,0.913409,1.44412,0.8970555,1.4441180392156863,0.8970553883735756
0.805,0.911833,1.4541,0.898136,1.4540990196078432,0.8981358905040142
0.81,0.912777,1.46408,0.8992165,1.46408,0.8992165
0.815,0.911708,1.47406,0.9007704999999999,1.474060980392157,0.9007705946503877
0.82,0.913096,1.48404,0.9011465000000001,1.4840419607843138,0.9011465941724459
0.825,0.912818,1.49402,0.9021585,1.4940229411764707,0.9021588783221433
0.83,0.910319,1.504,0.903225,1.5040039215686276,0.9032252440938329
0.835,0.911686,1.51399,0.903796,1.5139849019607845,0.9037954169968296
0.84,0.911703,1.52397,0.9053215,1.5239658823529412,0.9053210459817119
0.845,0.913032,1.53395,0.9057729999999999,1.533946862745098,0.9057728776140664
0.85,0.91246,1.54393,0.9064225,1.543927843137255,0.9064223605608043
0.855,0.911221,1.55391,0.907075,1.5539088235294118,0.9070748896752059
0.86,0.912824,1.56389,0.9082785,1.5638898039215687,0.9082784768348127
0.865,0.912886,1.57387,0.9092915,1.5738707843137256,0.9092915783793032
0.87,0.913068,1.58385,0.9101505,1.5838517647058825,0.9101505791316887
0.875,0.913266,1.59383,0.910363,1.5938327450980394,0.9103631173975705
0.88,0.913115,1.60381,0.91101,1.6038137254901963,0.9110101583203558
0.885,0.912706,1.6138,0.9112125,1.613794705882353,0.9112122750125267
0.89,0.912234,1.62378,0.9117735,1.6237756862745099,0.9117734270919797
0.895,0.912738,1.63376,0.9118785,1.6337566666666667,0.9118781994463085
0.9,0.912381,1.64374,0.9133985,1.6437376470588236,0.9133982393791003
0.905,0.910841,1.65372,0.9138465,1.6537186274509805,0.9138464198014936
0.91,0.910509,1.6637,0.915073,1.6636996078431374,0.915072937704202
0.915,0.910286,1.67368,0.916688,1.6736805882352943,0.9166880942920737
0.92,0.909195,1.68366,0.9180655,1.683661568627451,0.9180656560759066
0.925,0.908867,1.69364,0.9185585,1.6936425490196079,0.9185585100412471
0.93,0.908107,1.70362,0.9184705,1.7036235294117648,0.9184705227756144
0.935,0.90807,1.7136,0.9187005,1.7136045098039216,0.918700558482888
0.94,0.906917,1.72359,0.918585,1.7235854901960785,0.9185851077189473
0.945,0.907209,1.73357,0.9184105,1.7335664705882354,0.9184105161960545
0.95,0.906011,1.74355,0.9183574999999999,1.7435474509803923,0.9183575666891549
0.955,0.906245,1.75353,0.9180440000000001,1.7535284313725492,0.9180440014214644
0.96,0.90482,1.76351,0.9184365,1.763509411764706,0.9184364685268215
0.965,0.904859,1.77349,0.918876,1.7734903921568628,0.9188760145023415
0.97,0.903228,1.78347,0.9191715,1.7834713725490197,0.9191715267809072
0.975,0.903667,1.79345,0.9192389999999999,1.7934523529411766,0.9192389860702211
0.98,0.902217,1.80343,0.919338,1.8034333333333334,0.9193381807651942
0.985,0.902253,1.81341,0.9201385,1.8134143137254903,0.9201387564843458
0.99,0.901362,1.8234,0.920355,1.8233952941176472,0.9203549362311012
0.995,0.901048,1.83338,0.9205589999999999,1.8333762745098041,0.9205589529226025
1.0,0.900987,1.84336,0.9204395000000001,1.8433572549019608,0.9204396061392061
1.005,0.899747,1.85334,0.92023,1.8533382352941177,0.9202299238597441
1.01,0.898925,1.86332,0.9206275,1.8633192156862746,0.9206275607519276
1.015,0.898739,1.8733,0.9190045,1.8733001960784315,0.9190044800704158
1.02,0.897516,1.88328,0.919065,1.8832811764705883,0.919065016890071
1.025,0.897182,1.89326,0.918363,1.8932621568627452,0.9183626793274372
1.03,0.896422,1.90324,0.9167879999999999,1.9032431372549021,0.9167876732235869
1.035,0.896609,1.91322,0.9161805000000001,1.913224117647059,0.9161801267008829
1.04,0.895674,1.92321,0.915144,1.923205098039216,0.9151441333075336
1.045,0.895432,1.93319,0.9157005,1.9331860784313726,0.9157002831718076
1.05,0.894533,1.94317,0.9159065,1.9431670588235295,0.9159063962655323
1.055,0.894356,1.95315,0.9164865,1.9531480392156864,0.9164864218200764
1.06,0.893754,1.96313,0.9165995,1.9631290196078433,0.9165994866819421
1.065,0.89388,1.97311,0.9169695,1.9731100000000001,0.9169695
1.07,0.893085,1.98309,0.9174340000000001,1.983090980392157,0.9174340326896546
1.075,0.892589,1.99307,0.9178554999999999,1.993071960784314,0.9178556607539324
1.08,0.892353,2.00305,0.9188405,2.0030529411764704,0.9188406810018075
1.085,0.892769,2.01303,0.9188035,2.0130339215686273,0.9188033302908023
1.09,0.892965,2.02301,0.91852,2.023014901960784,0.9185200745441964
1.095,0.892691,2.033,0.9190115,2.032995882352941,0.9190113150903392
1.1,0.892508,2.04298,0.9192005,2.042976862745098,0.9192004697616725
1.105,0.892166,2.05296,0.9191555,2.052957843137255,0.9191555866050395
1.11,0.891865,2.06294,0.9186544999999999,2.0629388235294117,0.918654515431256
1.115,0.891667,2.07292,0.9190365,2.0729198039215686,0.9190364888586479
1.12,0.891786,2.0829,0.9194445,2.0829007843137255,0.9194445182726414
1.125,0.891081,2.09288,0.9195955,2.0928817647058824,0.919595531802484
1.13,0.890723,2.10286,0.9197675000000001,2.1028627450980393,0.9197675046967897
1.135,0.890841,2.11284,0.9196175,2.112843725490196,0.9196174319015497
1.14,0.890625,2.12282,0.919605,2.122824705882353,0.9196051062539544
1.145,0.890603,2.13281,0.9197500000000001,2.13280568627451,0.9197501388288434
1.15,0.889703,2.14279,0.9189514999999999,2.142786666666667,0.9189518008865625
1.155,0.889732,2.15277,0.9182255,2.1527676470588237,0.9182256529851704
1.16,0.889428,2.16275,0.9177355,2.16274862745098,0.9177355208690753
1.165,0.889406,2.17273,0.9178415,2.172729607843137,0.9178414959297009
1.17,0.888838,2.18271,0.917979,2.182710588235294,0.9179790275792086
1.175,0.888983,2.19269,0.9187685,2.192691568627451,0.9187686266678046
1.18,0.889109,2.20267,0.919002,2.2026725490196077,0.919001840899926
1.185,0.889158,2.21265,0.9180545,2.2126535294117646,0.9180543383874314
1.19,0.88822,2.22263,0.918147,2.2226345098039215,0.9181469489281435
1.195,0.887962,2.23262,0.917538,2.2326154901960784,0.9175382888051729
1.2,0.888286,2.2426,0.917478,2.2425964705882353,0.9174777654562464
1.205,0.88762,2.25258,0.9185464999999999,2.252577450980392,0.918546241911494
1.21,0.887483,2.26256,0.9192024999999999,2.262558431372549,0.9192024263447844
1.215,0.887599,2.27254,0.9196545,2.272539411764706,0.9196544741118194
1.22,0.887321,2.28252,0.9201969999999999,2.282520392156863,0.9201970297862321
1.225,0.887482,2.2925,0.921045,2.2925013725490198,0.9210450962930969
1.23,0.887409,2.30248,0.92152,2.3024823529411766,0.921520096699286
1.235,0.887503,2.31246,0.9220345,2.3124633333333335,0.9220347096916701
1.24,0.887007,2.32244,0.9227055,2.32244431372549,0.9227057745650198
1.245,0.887675,2.33242,0.923134,2.332425294117647,0.9231340686663426
1.25,0.887315,2.34241,0.9232155,2.3424062745098038,0.9232153596270373
1.255,0.887406,2.35239,0.9236545,2.3523872549019607,0.9236545199577351
1.26,0.887284,2.36237,0.9227354999999999,2.3623682352941175,0.9227357696187596
1.265,0.887259,2.37235,0.9212119999999999,2.3723492156862744,0.9212120907938849
1.27,0.887362,2.38233,0.920619,2.3823301960784313,0.9206189959988393
1.275,0.887875,2.39231,0.9206019999999999,2.392311176470588,0.9206020164900756
1.28,0.887845,2.40229,0.920595,2.402292156862745,0.9205949075064321
1.285,0.88755,2.41227,0.9197845,2.412273137254902,0.9197842230569759
1.29,0.888248,2.42225,0.9191435,2.422254117647059,0.9191433340105671
1.295,0.888348,2.43223,0.918821,2.432235098039216,0.9188207957114568
1.3,0.88833,2.44222,0.9183030000000001,2.4422160784313727,0.9183032036040145
1.305,0.888337,2.4522,0.9180085,2.452197058823529,0.9180084893120694
1.31,0.888721,2.46218,0.9181995000000001,2.462178039215686,0.9181994877980352
1.315,0.888826,2.47216,0.918213,2.472159019607843,0.9182129676863757
1.32,0.889486,2.48214,0.9187535,2.48214,0.9187535
1.325,0.889401,2.49212,0.919062,2.4921209803921567,0.9190621063249506
1.33,0.889254,2.5021,0.9205851428571429,2.5021019607843136,0.9205853161168381
1.335,0.889524,2.51208,0.920485375,2.5120829411764705,0.9204852745914686
1.34,0.890181,2.52206,0.9204688888888888,2.5220639215686274,0.9204689409326069
1.345,0.890442,2.53204,0.9205773749999999,2.5320449019607842,0.9205774177415341
1.35,0.891436,2.54203,0.92064475,2.542025882352941,0.9206447306735994
1.355,0.89104,2.55201,0.9206923750000001,2.552006862745098,0.9206923528685217
1.36,0.891395,2.56199,0.9207554285714284,2.561987843137255,0.9207554278023465
1.365,0.891429,2.57197,0.920709625,2.571968823529412,0.9207096288681923
1.37,0.892174,2.58195,0.920727,2.5819498039215687,0.9207269991669654
1.375,0.891327,2.59193,0.9207047500000001,2.5919307843137256,0.9207047380989922
1.38,0.891614,2.60191,0.9204148571428572,2.601911764705882,0.9204147911597077
1.385,0.892365,2.61189,0.9200623750000001,2.611892745098039,0.920062297139782
1.39,0.892831,2.62187,0.9197765000000001,2.621873725490196,0.9197763470923253
1.395,0.892205,2.63185,0.9191825714285713,2.6318547058823527,0.919182232753506
1.4,0.89245,2.64183,0.9183141428571429,2.6418356862745096,0.9183135133378483
1.405,0.892658,2.65182,0.91645825,2.6518166666666665,0.9164592618796372
1.41,0.892988,2.6618,0.9115272857142857,2.6617976470588234,0.9115289669392947
1.415,0.893391,2.67178,0.9022082857142857,2.6717786274509803,0.9022098251633872
1.42,0.893775,2.68176,0.8908264999999999,2.681759607843137,0.8908269006395428
1.425,0.895074,2.69174,0.8822672857142857,2.691740588235294,0.8822668232515539
1.43,0.896509,2.70172,0.8739292857142857,2.701721568627451,0.8739278535932116
1.435,0.896614,2.7117,0.8640461428571429,2.711702549019608,0.8640434937247224
1.44,0.897011,2.72168,0.8532621428571429,2.7216835294117647,0.8532581103008762
1.445,0.8971,2.73166,0.8409755714285714,2.7316645098039216,0.8409695927651616
1.45,0.897968,2.74164,0.8271544285714286,2.7416454901960785,0.827146726725603
1.455,0.898304,2.75163,0.8134483333333332,2.7516264705882354,0.8134530400931397
1.46,0.899176,2.76161,0.8004490000000001,2.7616074509803923,0.800452279064443
1.465,0.899257,2.77159,0.7880007142857142,2.7715884313725487,0.7880025502538235
1.47,0.900644,2.78157,0.7774868571428571,2.7815694117647056,0.7774874067937249
1.475,0.900897,2.79155,0.769146,2.7915503921568625,0.7691457020632377
1.48,0.900965,2.80153,0.7620287142857143,2.8015313725490194,0.7620277900536178
1.485,0.901328,2.81151,0.7556893333333333,2.8115123529411763,0.7556879407607301
1.49,0.901928,2.82149,0.7501730000000001,2.821493333333333,0.7501712565254506
1.495,0.902389,2.83147,0.7451705,2.83147431372549,0.745168438419388
1.5,0.903146,2.84145,0.7406178571428572,2.841455294117647,0.7406155407567039
1.505,0.903304,2.85144,0.7364916666666667,2.851436274509804,0.7364930806525448
1.51,0.903548,2.86142,0.7329175000000001,2.8614172549019607,0.7329184821632387
1.515,0.904044,2.8714,0.7293281428571429,2.8713982352941176,0.7293287475645701
1.52,0.904827,2.88138,0.7262311666666666,2.8813792156862745,0.726231387437868
1.525,0.905816,2.89136,0.7236750000000001,2.8913601960784314,0.7236749547539856
1.53,0.905792,2.90134,0.7215548333333334,2.9013411764705883,0.7215545966169195
1.535,0.905754,2.91132,0.719658,2.911322156862745,0.71965762919936
1.54,0.906497,2.9213,0.7181266666666667,2.9213031372549016,0.7181262223950294
1.545,0.906348,2.93128,0.7168078571428571,2.9312841176470585,0.7168073697205772
1.55,0.906523,2.94126,0.7158653333333334,2.9412650980392154,0.7158650039880847
1.555,0.907627,2.95125,0.7154224,2.9512460784313723,0.7154225549203606
1.56,0.907971,2.96123,0.7150545,2.961227058823529,0.7150545616688613
1.565,0.908586,2.97121,0.7150596666666665,2.971208039215686,0.7150596386179189
1.57,0.909174,2.98119,0.7153051666666667,2.981189019607843,0.7153051283495637
1.575,0.909409,2.99117,0.7159235,2.99117,0.7159235
1.58,0.910165,,,,
1.585,0.910136,,,,
1.59,0.910072,,,,
1.595,0.910654,,,,
1.6,0.910951,,,,
1.605,0.911069,,,,
1.61,0.910997,,,,
1.615,0.911428,,,,
1.62,0.91144,,,,
1.625,0.912107,,,,
1.63,0.911858,,,,
1.635,0.911899,,,,
1.64,0.912717,,,,
1.645,0.91408,,,,
1.65,0.914228,,,,
1.655,0.913465,,,,
1.66,0.914322,,,,
1.665,0.915824,,,,
1.67,0.916654,,,,
1.675,0.916722,,,,
1.68,0.917889,,,,
1.685,0.918242,,,,
1.69,0.91843,,,,
1.695,0.918687,,,,
1.7,0.918469,,,,
1.705,0.918472,,,,
1.71,0.918583,,,,
1.715,0.918818,,,,
1.72,0.918679,,,,
1.725,0.918491,,,,
1.73,0.918237,,,,
1.735,0.918584,,,,
1.74,0.918196,,,,
1.745,0.918519,,,,
1.75,0.918034,,,,
1.755,0.918054,,,,
1.76,0.91805,,,,
1.765,0.918823,,,,
1.77,0.918726,,,,
1.775,0.919026,,,,
1.78,0.919093,,,,
1.785,0.91925,,,,
1.79,0.919743,,,,
1.795,0.918735,,,,
1.8,0.919631,,,,
1.805,0.919045,,,,
1.81,0.920048,,,,
1.815,0.920229,,,,
1.82,0.92054,,,,
1.825,0.92017,,,,
1.83,0.920959,,,,
1.835,0.920159,,,,
1.84,0.920508,,,,
1.845,0.920371,,,,
1.85,0.920176,,,,
1.855,0.920284,,,,
1.86,0.921444,,,,
1.865,0.919811,,,,
1.87,0.918097,,,,
1.875,0.919912,,,,
1.88,0.920033,,,,
1.885,0.918097,,,,
1.89,0.918573,,,,
1.895,0.918153,,,,
1.9,0.916868,,,,
1.905,0.916708,,,,
1.91,0.916904,,,,
1.915,0.915457,,,,
1.92,0.915272,,,,
1.925,0.915016,,,,
1.93,0.915322,,,,
1.935,0.916079,,,,
1.94,0.915575,,,,
1.945,0.916238,,,,
1.95,0.916358,,,,
1.955,0.916615,,,,
1.96,0.916618,,,,
1.965,0.916581,,,,
1.97,0.917215,,,,
1.975,0.916724,,,,
1.98,0.917406,,,,
1.985,0.917462,,,,
1.99,0.917689,,,,
1.995,0.918022,,,,
2.0,0.918882,,,,
2.005,0.918799,,,,
2.01,0.918486,,,,
2.015,0.919121,,,,
2.02,0.918489,,,,
2.025,0.918551,,,,
2.03,0.918995,,,,
2.035,0.919028,,,,
2.04,0.919068,,,,
2.045,0.919333,,,,
2.05,0.919099,,,,
2.055,0.919212,,,,
2.06,0.918713,,,,
2.065,0.918596,,,,
2.07,0.918903,,,,
2.075,0.91917,,,,
2.08,0.919302,,,,
2.085,0.919587,,,,
2.09,0.9193,,,,
2.095,0.919891,,,,
2.1,0.919722,,,,
2.105,0.919813,,,,
2.11,0.919444,,,,
2.115,0.919791,,,,
2.12,0.919755,,,,
2.125,0.919455,,,,
2.13,0.919834,,,,
2.135,0.919666,,,,
2.14,0.919423,,,,
2.145,0.91848,,,,
2.15,0.918556,,,,
2.155,0.917895,,,,
2.16,0.917762,,,,
2.165,0.917709,,,,
2.17,0.918095,,,,
2.175,0.917588,,,,
2.18,0.918138,,,,
2.185,0.91782,,,,
2.19,0.918926,,,,
2.195,0.918611,,,,
2.2,0.919318,,,,
2.205,0.918686,,,,
2.21,0.918047,,,,
2.215,0.918062,,,,
2.22,0.917857,,,,
2.225,0.918437,,,,
2.23,0.917245,,,,
2.235,0.917831,,,,
2.24,0.917607,,,,
2.245,0.917349,,,,
2.25,0.918683,,,,
2.255,0.91841,,,,
2.26,0.919202,,,,
2.265,0.919203,,,,
2.27,0.919354,,,,
2.275,0.919955,,,,
2.28,0.919831,,,,
2.285,0.920563,,,,
2.29,0.920842,,,,
2.295,0.921248,,,,
2.3,0.920785,,,,
2.305,0.922255,,,,
2.31,0.922095,,,,
2.315,0.921974,,,,
2.32,0.922638,,,,
2.325,0.922773,,,,
2.33,0.923089,,,,
2.335,0.923179,,,,
2.34,0.923163,,,,
2.345,0.923268,,,,
2.35,0.923586,,,,
2.355,0.923723,,,,
2.36,0.92265,,,,
2.365,0.922821,,,,
2.37,0.921318,,,,
2.375,0.921106,,,,
2.38,0.920754,,,,
2.385,0.920484,,,,
2.39,0.920801,,,,
2.395,0.920403,,,,
2.4,0.920793,,,,
2.405,0.920397,,,,
2.41,0.920328,,,,
2.415,0.919241,,,,
2.42,0.919326,,,,
2.425,0.918961,,,,
2.43,0.918508,,,,
2.435,0.919134,,,,
2.44,0.917926,,,,
2.445,0.91868,,,,
2.45,0.917863,,,,
2.455,0.918154,,,,
2.46,0.918176,,,,
2.465,0.918223,,,,
2.47,0.918413,,,,
2.475,0.918013,,,,
2.48,0.919038,,,,
2.485,0.918469,,,,
2.49,0.919112,,,,
2.495,0.919012,,,,
2.5,0.920649,,,,
2.5002,0.920653,,,,
2.50141,0.920582,,,,
2.50262,0.920515,,,,
2.50383,0.920578,,,,
2.50503,0.920583,,,,
2.50625,0.920536,,,,
2.50746,0.920537,,,,
2.50867,0.920486,,,,
2.50989,0.920462,,,,
2.5111,0.920484,,,,
2.51232,0.920493,,,,
2.51353,0.920458,,,,
2.51475,0.920473,,,,
2.51597,0.92049,,,,
2.51719,0.920512,,,,
2.51842,0.920488,,,,
2.51964,0.920475,,,,
2.52087,0.920469,,,,
2.52209,0.920471,,,,
2.52332,0.920499,,,,
2.52455,0.920488,,,,
2.52578,0.920435,,,,
2.52701,0.920383,,,,
2.52824,0.920446,,,,
2.52947,0.920537,,,,
2.53071,0.920629,,,,
2.53194,0.92069,,,,
2.53318,0.920629,,,,
2.53442,0.920525,,,,
2.53566,0.920558,,,,
2.5369,0.920605,,,,
2.53814,0.920616,,,,
2.53938,0.920605,,,,
2.54063,0.920574,,,,
2.54187,0.920616,,,,
2.54312,0.920719,,,,
2.54437,0.920685,,,,
2.54562,0.920664,,,,
2.54687,0.920679,,,,
2.54812,0.920672,,,,
2.54937,0.920673,,,,
2.55063,0.920683,,,,
2.55188,0.920725,,,,
2.55314,0.920753,,,,
2.55439,0.920686,,,,
2.55565,0.920664,,,,
2.55691,0.920683,,,,
2.55817,0.920708,,,,
2.55944,0.920696,,,,
2.5607,0.920712,,,,
2.56197,0.920813,,,,
2.56323,0.920806,,,,
2.5645,0.920786,,,,
2.56577,0.920767,,,,
2.56704,0.920624,,,,
2.56831,0.920639,,,,
2.56958,0.920754,,,,
2.57086,0.92073,,,,
2.57213,0.920651,,,,
2.57341,0.920787,,,,
2.57469,0.920782,,,,
2.57597,0.92071,,,,
2.57725,0.920734,,,,
2.57853,0.920666,,,,
2.57981,0.920679,,,,
2.5811,0.920734,,,,
2.58238,0.920685,,,,
2.58367,0.920787,,,,
2.58496,0.920852,,,,
2.58624,0.920679,,,,
2.58754,0.920653,,,,
2.58883,0.920679,,,,
2.59012,0.920659,,,,
2.59141,0.92051,,,,
2.59271,0.920446,,,,
2.59401,0.920697,,,,
2.59531,0.921069,,,,
2.5966,0.920925,,,,
2.59791,0.920552,,,,
2.59921,0.920365,,,,
2.60051,0.920363,,,,
2.60182,0.92037,,,,
2.60312,0.920348,,,,
2.60443,0.920378,,,,
2.60574,0.920528,,,,
2.60705,0.92048,,,,
2.60836,0.920223,,,,
2.60967,0.920093,,,,
2.61099,0.920045,,,,
2.6123,0.91992,,,,
2.61362,0.919898,,,,
2.61494,0.919883,,,,
2.61626,0.919957,,,,
2.61758,0.920038,,,,
2.6189,0.919903,,,,
2.62022,0.919927,,,,
2.62155,0.919959,,,,
2.62287,0.919683,,,,
2.6242,0.919503,,,,
2.62553,0.919558,,,,
2.62686,0.919641,,,,
2.62819,0.919446,,,,
2.62952,0.919334,,,,
2.63086,0.919418,,,,
2.63219,0.919297,,,,
2.63353,0.919058,,,,
2.63487,0.918935,,,,
2.63621,0.91879,,,,
2.63755,0.918637,,,,
2.63889,0.91856,,,,
2.64023,0.918472,,,,
2.64158,0.918347,,,,
2.64293,0.918249,,,,
2.64427,0.918071,,,,
2.64562,0.917863,,,,
2.64697,0.917672,,,,
2.64832,0.91745,,,,
2.64968,0.91711,,,,
2.65103,0.916718,,,,
2.65239,0.916376,,,,
2.65375,0.916007,,,,
2.6551,0.915455,,,,
2.65646,0.914878,,,,
2.65783,0.914136,,,,
2.65919,0.913331,,,,
2.66055,0.912491,,,,
2.66192,0.911653,,,,
2.66329,0.910669,,,,
2.66466,0.909732,,,,
2.66603,0.908679,,,,
2.6674,0.907438,,,,
2.66877,0.905933,,,,
2.67014,0.904468,,,,
2.67152,0.902626,,,,
2.6729,0.900206,,,,
2.67427,0.898197,,,,
2.67565,0.89659,,,,
2.67704,0.895232,,,,
2.67842,0.893935,,,,
2.6798,0.892718,,,,
2.68119,0.891442,,,,
2.68258,0.890183,,,,
2.68396,0.888959,,,,
2.68535,0.887687,,,,
2.68675,0.886456,,,,
2.68814,0.885313,,,,
2.68953,0.884247,,,,
2.69093,0.883232,,,,
2.69233,0.882267,,,,
2.69372,0.881355,,,,
2.69512,0.880324,,,,
2.69653,0.879133,,,,
2.69793,0.877898,,,,
2.69933,0.87656,,,,
2.70074,0.875233,,,,
2.70215,0.874029,,,,
2.70356,0.872713,,,,
2.70497,0.871276,,,,
2.70638,0.869796,,,,
2.70779,0.868339,,,,
2.70921,0.866975,,,,
2.71062,0.865657,,,,
2.71204,0.864306,,,,
2.71346,0.862612,,,,
2.71488,0.860976,,,,
2.7163,0.859458,,,,
2.71772,0.857947,,,,
2.71915,0.856484,,,,
2.72058,0.855043,,,,
2.722,0.853325,,,,
2.72343,0.851656,,,,
2.72486,0.850093,,,,
2.7263,0.848287,,,,
2.72773,0.846506,,,,
2.72917,0.844692,,,,
2.7306,0.842815,,,,
2.73204,0.841001,,,,
2.73348,0.839152,,,,
2.73493,0.837305,,,,
2.73637,0.835358,,,,
2.73781,0.833305,,,,
2.73926,0.831458,,,,
2.74071,0.829528,,,,
2.74216,0.827291,,,,
2.74361,0.824998,,,,
2.74506,0.82279,,,,
2.74651,0.820711,,,,
2.74797,0.818631,,,,
2.74943,0.81655,,,,
2.75089,0.814402,,,,
2.75234,0.812308,,,,
2.75381,0.810343,,,,
2.75527,0.808456,,,,
2.75673,0.806392,,,,
2.7582,0.804212,,,,
2.75967,0.802216,,,,
2.76114,0.800306,,,,
2.76261,0.79847,,,,
2.76408,0.796665,,,,
2.76556,0.794882,,,,
2.76703,0.793133,,,,
2.76851,0.791374,,,,
2.76999,0.789607,,,,
2.77147,0.787927,,,,
2.77295,0.786262,,,,
2.77443,0.78461,,,,
2.77592,0.783092,,,,
2.77741,0.781673,,,,
2.77889,0.780191,,,,
2.78038,0.778738,,,,
2.78188,0.777427,,,,
2.78337,0.776122,,,,
2.78486,0.774758,,,,
2.78636,0.773499,,,,
2.78786,0.772281,,,,
2.78936,0.770989,,,,
2.79086,0.769684,,,,
2.79236,0.768493,,,,
2.79387,0.767285,,,,
2.79537,0.766144,,,,
2.79688,0.765081,,,,
2.79839,0.764026,,,,
2.7999,0.762968,,,,
2.80141,0.761951,,,,
2.80293,0.761012,,,,
2.80444,0.76009,,,,
2.80596,0.759073,,,,
2.80748,0.758046,,,,
2.809,0.757095,,,,
2.81052,0.756143,,,,
2.81205,0.755212,,,,
2.81357,0.75427,,,,
2.8151,0.75337,,,,
2.81663,0.752537,,,,
2.81816,0.751774,,,,
2.81969,0.750946,,,,
2.82123,0.750074,,,,
2.82276,0.749389,,,,
2.8243,0.748668,,,,
2.82584,0.747823,,,,
2.82738,0.747018,,,,
2.82892,0.746224,,,,
2.83047,0.745476,,,,
2.83201,0.744831,,,,
2.83356,0.744145,,,,
2.83511,0.743329,,,,
2.83666,0.742605,,,,
2.83821,0.741985,,,,
2.83977,0.741293,,,,
2.84132,0.740587,,,,
2.84288,0.739914,,,,
2.84444,0.739295,,,,
2.846,0.738646,,,,
2.84757,0.737968,,,,
2.84913,0.737368,,,,
2.8507,0.736773,,,,
2.85226,0.736247,,,,
2.85383,0.735637,,,,
2.8554,0.734957,,,,
2.85698,0.734347,,,,
2.85855,0.733832,,,,
2.86013,0.73322,,,,
2.86171,0.73259,,,,
2.86329,0.732033,,,,
2.86487,0.731483,,,,
2.86645,0.73089,,,,
2.86804,0.730307,,,,
2.86963,0.729768,,,,
2.87122,0.729294,,,,
2.87281,0.728838,,,,
2.8744,0.728338,,,,
2.87599,0.727862,,,,
2.87759,0.727414,,,,
2.87919,0.726921,,,,
2.88079,0.72642,,,,
2.88239,0.72601,,,,
2.88399,0.725539,,,,
2.8856,0.725083,,,,
2.8872,0.724705,,,,
2.88881,0.724295,,,,
2.89042,0.723859,,,,
2.89203,0.723402,,,,
2.89365,0.723047,,,,
2.89526,0.722742,,,,
2.89688,0.722387,,,,
2.8985,0.722058,,,,
2.90012,0.721755,,,,
2.90174,0.721433,,,,
2.90337,0.721044,,,,
2.90499,0.720652,,,,
2.90662,0.720375,,,,
2.90825,0.720108,,,,
2.90988,0.719854,,,,
2.91152,0.71954,,,,
2.91315,0.71918,,,,
2.91479,0.718891,,,,
2.91643,0.71866,,,,
2.91807,0.718503,,,,
2.91972,0.718253,,,,
2.92136,0.717991,,,,
2.92301,0.717776,,,,
2.92466,0.717577,,,,
2.92631,0.717421,,,,
2.92796,0.717193,,,,
2.92961,0.716998,,,,
2.93127,0.716822,,,,
2.93293,0.716653,,,,
2.93459,0.716401,,,,
2.93625,0.716167,,,,
2.93791,0.71609,,,,
2.93958,0.716053,,,,
2.94124,0.715945,,,,
2.94291,0.715831,,,,
2.94459,0.715675,,,,
2.94626,0.715598,,,,
2.94793,0.71552,,,,
2.94961,0.715495,,,,
2.95129,0.715447,,,,
2.95297,0.715359,,,,
2.95465,0.715291,,,,
2.95634,0.715193,,,,
2.95802,0.715123,,,,
2.95971,0.715037,,,,
2.9614,0.714969,,,,
2.96309,0.714973,,,,
2.96479,0.715032,,,,
2.96648,0.715048,,,,
2.96818,0.715061,,,,
2.96988,0.715079,,,,
2.97158,0.715068,,,,
2.97329,0.715041,,,,
2.97499,0.715061,,,,
2.9767,0.715074,,,,
2.97841,0.715123,,,,
2.98012,0.715296,,,,
2.98184,0.715429,,,,
2.98355,0.715447,,,,
2.98527,0.715462,,,,
2.98699,0.715655,,,,
2.98871,0.715813,,,,
2.99043,0.715813,,,,
2.99216,0.715881,,,,
2.99389,0.716109,,,,
2.99562,0.71627,,,,
2.99735,0.716342,,,,
2.99908,0.716467,,,,
3.00082,0.716575,,,,
3.00255,0.716715,,,,
3.00429,0.716853,,,,
3.00604,0.716958,,,,
3.00778,0.71714,,,,
3.00953,0.717391,,,,
3.01127,0.717482,,,,
3.01302,0.717641,,,,
3.01477,0.717833,,,,
3.01653,0.717906,,,,
3.01828,0.718051,,,,
3.02004,0.718206,,,,
3.0218,0.718318,,,,
3.02356,0.718402,,,,
3.02533,0.718535,,,,
3.02709,0.718663,,,,
3.02886,0.718755,,,,
3.03063,0.718889,,,,
3.03241,0.718943,,,,
3.03418,0.719038,,,,
3.03596,0.719294,,,,
3.03773,0.71945,,,,
3.03952,0.7195,,,,
3.0413,0.719603,,,,
3.04308,0.719733,,,,
3.04487,0.719853,,,,
3.04666,0.719917,,,,
3.04845,0.719965,,,,
3.05024,0.720159,,,,
3.05204,0.720264,,,,
3.05383,0.720244,,,,
3.05563,0.720299,,,,
3.05744,0.720439,,,,
3.05924,0.720544,,,,
3.06105,0.720729,,,,
3.06285,0.720896,,,,
3.06466,0.720915,,,,
3.06648,0.720966,,,,
3.06829,0.721143,,,,
3.07011,0.721385,,,,
3.07193,0.72151,,,,
3.07375,0.721582,,,,
3.07557,0.721683,,,,
3.0774,0.721757,,,,
3.07922,0.721939,,,,
3.08105,0.722076,,,,
3.08288,0.722106,,,,
3.08472,0.722264,,,,
3.08655,0.722415,,,,
3.08839,0.722538,,,,
3.09023,0.72274,,,,
3.09208,0.722948,,,,
3.09392,0.723043,,,,
3.09577,0.723141,,,,
3.09762,0.723352,,,,
3.09947,0.723642,,,,
3.10132,0.723832,,,,
3.10318,0.723979,,,,
3.10504,0.724245,,,,
3.1069,0.724514,,,,
3.10876,0.724751,,,,
3.11062,0.724977,,,,
3.11249,0.725264,,,,
3.11436,0.725609,,,,
3.11623,0.725861,,,,
3.11811,0.726052,,,,
3.11998,0.726319,,,,
3.12186,0.726631,,,,
3.12374,0.726943,,,,
3.12562,0.727225,,,,
3.12751,0.727519,,,,
3.1294,0.727851,,,,
3.13129,0.728195,,,,
3.13318,0.7285,,,,
3.13507,0.72891,,,,
3.13697,0.729344,,,,
3.13887,0.729724,,,,
3.14077,0.730061,,,,
3.14267,0.730404,,,,
3.14458,0.730823,,,,
3.14649,0.731287,,,,
3.1484,0.731614,,,,
3.15031,0.731919,,,,
3.15223,0.732419,,,,
3.15414,0.732891,,,,
3.15606,0.733312,,,,
3.15798,0.733726,,,,
3.15991,0.734091,,,,
3.16184,0.734488,,,,
3.16376,0.734977,,,,
3.1657,0.735545,,,,
3.16763,0.735948,,,,
3.16957,0.73631,,,,
3.1715,0.736852,,,,
3.17345,0.73731,,,,
3.17539,0.737694,,,,
3.17733,0.738146,,,,
3.17928,0.738604,,,,
3.18123,0.739083,,,,
3.18319,0.739648,,,,
3.18514,0.74023,,,,
3.1871,0.740688,,,,
3.18906,0.741169,,,,
3.19102,0.741671,,,,
3.19299,0.74207,,,,
3.19495,0.742563,,,,
3.19692,0.743167,,,,
3.1989,0.7438,,,,
3.20087,0.744356,,,,
3.20285,0.744847,,,,
3.20483,0.745422,,,,
3.20681,0.745957,,,,
3.20879,0.746426,,,,
3.21078,0.747003,,,,
3.21277,0.747613,,,,
3.21476,0.748113,,,,
3.21676,0.748626,,,,
3.21875,0.749229,,,,
3.22075,0.749778,,,,
3.22275,0.750372,,,,
3.22476,0.751034,,,,
3.22676,0.751626,,,,
3.22877,0.752166,,,,
3.23078,0.752785,,,,
3.2328,0.753489,,,,
3.23481,0.753962,,,,
3.23683,0.754392,,,,
3.23886,0.754871,,,,
3.24088,0.755357,,,,
3.24291,0.755943,,,,
3.24494,0.756557,,,,
3.24697,0.757202,,,,
3.249,0.757731,,,,
3.25104,0.758263,,,,
3.25308,0.758838,,,,
3.25512,0.75936,,,,
3.25717,0.759908,,,,
3.25921,0.760461,,,,
3.26126,0.761051,,,,
3.26332,0.761681,,,,
3.26537,0.762199,,,,
3.26743,0.762764,,,,
3.26949,0.763407,,,,
3.27155,0.76406,,,,
3.27362,0.764637,,,,
3.27568,0.765131,,,,
3.27776,0.765598,,,,
3.27983,0.76621,,,,
3.2819,0.766912,,,,
3.28398,0.767487,,,,
3.28606,0.767963,,,,
3.28815,0.768463,,,,
3.29023,0.768985,,,,
3.29232,0.769557,,,,
3.29441,0.770105,,,,
3.29651,0.770571,,,,
3.2986,0.77102,,,,
3.3007,0.771452,,,,
3.30281,0.771974,,,,
3.30491,0.772529,,,,
3.30702,0.773095,,,,
3.30913,0.773672,,,,
3.31124,0.774148,,,,
3.31336,0.774665,,,,
3.31548,0.775166,,,,
3.3176,0.775698,,,,
3.31972,0.776104,,,,
3.32185,0.776506,,,,
3.32398,0.777004,,,,
3.32611,0.777486,,,,
3.32825,0.777967,,,,
3.33038,0.778407,,,,
3.33252,0.778815,,,,
3.33467,0.779238,,,,
3.33681,0.779574,,,,
3.33896,0.77993,,,,
3.34111,0.780259,,,,
3.34327,0.780522,,,,
3.34542,0.780767,,,,
3.34758,0.781028,,,,
3.34975,0.781178,,,,
3.35191,0.781243,,,,
3.35408,0.781296,,,,
3.35625,0.781285,,,,
3.35842,0.781405,,,,
3.3606,0.781441,,,,
3.36278,0.781259,,,,
3.36496,0.780932,,,,
3.36715,0.780627,,,,
3.36933,0.780241,,,,
3.37153,0.779765,,,,
3.37372,0.779375,,,,
3.37592,0.779022,,,,
3.37811,0.778925,,,,
3.38032,0.779133,,,,
3.38252,0.77951,,,,
3.38473,0.779971,,,,
3.38694,0.780552,,,,
3.38915,0.781191,,,,
3.39137,0.781375,,,,
3.39359,0.781022,,,,
3.39581,0.780311,,,,
3.39804,0.77919,,,,
3.40027,0.77758,,,,
3.4025,0.77565,,,,
3.40473,0.773643,,,,
3.40697,0.771446,,,,
3.40921,0.769134,,,,
3.41145,0.766769,,,,
3.4137,0.764517,,,,
3.41595,0.762619,,,,
3.4182,0.761308,,,,
3.42045,0.760652,,,,
3.42271,0.760424,,,,
3.42497,0.760549,,,,
3.42723,0.761543,,,,
3.4295,0.764438,,,,
3.43177,0.769792,,,,
3.43404,0.775892,,,,
3.43632,0.780664,,,,
3.4386,0.783967,,,,
3.44088,0.786226,,,,
3.44316,0.788078,,,,
3.44545,0.789705,,,,
3.44774,0.791069,,,,
3.45004,0.792397,,,,
3.45233,0.793737,,,,
3.45463,0.794965,,,,
3.45694,0.796125,,,,
3.45924,0.797193,,,,
3.46155,0.798158,,,,
3.46386,0.799058,,,,
3.46618,0.799836,,,,
3.4685,0.800477,,,,
3.47082,0.801041,,,,
3.47315,0.801523,,,,
3.47547,0.80197,,,,
3.4778,0.802315,,,,
3.48014,0.802504,,,,
3.48247,0.802663,,,,
3.48481,0.802653,,,,
3.48716,0.802431,,,,
3.4895,0.80172,,,,
3.49185,0.800396,,,,
3.49421,0.798494,,,,
3.49656,0.796152,,,,
3.49892,0.794017,,,,
3.50129,0.79246,,,,
3.50365,0.791223,,,,
3.50602,0.789999,,,,
3.50839,0.789214,,,,
3.51077,0.791433,,,,
3.51315,0.797503,,,,
3.51553,0.804059,,,,
3.51791,0.808687,,,,
3.5203,0.811792,,,,
3.52269,0.814119,,,,
3.52509,0.815865,,,,
3.52749,0.817265,,,,
3.52989,0.818432,,,,
3.53229,0.819408,,,,
3.5347,0.820357,,,,
3.53711,0.821107,,,,
3.53953,0.821588,,,,
3.54194,0.822268,,,,
3.54436,0.823018,,,,
3.54679,0.823586,,,,
3.54922,0.824114,,,,
3.55165,0.82465,,,,
3.55408,0.825273,,,,
3.55652,0.825817,,,,
3.55896,0.826406,,,,
3.5614,0.826988,,,,
3.56385,0.827519,,,,
3.5663,0.827995,,,,
3.56876,0.828481,,,,
3.57121,0.828942,,,,
3.57367,0.829484,,,,
3.57614,0.830036,,,,
3.57861,0.830425,,,,
3.58108,0.830763,,,,
3.58355,0.831212,,,,
3.58603,0.831651,,,,
3.58851,0.832065,,,,
3.591,0.832482,,,,
3.59349,0.832842,,,,
3.59598,0.833259,,,,
3.59848,0.833632,,,,
3.60099,0.834,,,,
3.60349,0.834458,,,,
3.60599,0.834923,,,,
3.6085,0.835377,,,,
3.61102,0.835814,,,,
3.61353,0.836213,,,,
3.61605,0.836601,,,,
3.61858,0.836976,,,,
3.6211,0.837367,,,,
3.62363,0.837746,,,,
3.62617,0.838132,,,,
3.62871,0.838503,,,,
3.63125,0.838854,,,,
3.63379,0.839253,,,,
3.63634,0.839635,,,,
3.63889,0.840052,,,,
3.64145,0.840449,,,,
3.64401,0.84076,,,,
3.64657,0.841069,,,,
3.64913,0.841422,,,,
3.6517,0.841826,,,,
3.65428,0.842229,,,,
3.65685,0.84262,,,,
3.65943,0.842936,,,,
3.66202,0.843263,,,,
3.66461,0.843583,,,,
3.6672,0.843927,,,,
3.66979,0.844291,,,,
3.67239,0.844653,,,,
3.675,0.845032,,,,
3.6776,0.845384,,,,
3.68021,0.84575,,,,
3.68283,0.846133,,,,
3.68544,0.846489,,,,
3.68806,0.846818,,,,
3.69069,0.847195,,,,
3.69332,0.847616,,,,
3.69595,0.848015,,,,
3.69859,0.848338,,,,
3.70123,0.848695,,,,
3.70387,0.849093,,,,
3.70652,0.849457,,,,
3.70917,0.849838,,,,
3.71183,0.850148,,,,
3.71448,0.85045,,,,
3.71715,0.850825,,,,
3.71981,0.851165,,,,
3.72248,0.851507,,,,
3.72516,0.851849,,,,
3.72783,0.85217,,,,
3.73052,0.852477,,,,
3.7332,0.852803,,,,
3.73589,0.853194,,,,
3.73859,0.853538,,,,
3.74128,0.853848,,,,
3.74398,0.854187,,,,
3.74669,0.854493,,,,
3.7494,0.854832,,,,
3.75211,0.855197,,,,
3.75483,0.855468,,,,
3.75755,0.855716,,,,
3.76027,0.856004,,,,
3.763,0.856278,,,,
3.76574,0.856578,,,,
3.76847,0.856844,,,,
3.77121,0.857133,,,,
3.77396,0.857388,,,,
3.77671,0.857572,,,,
3.77946,0.857776,,,,
3.78222,0.857964,,,,
3.78498,0.858087,,,,
3.78774,0.858271,,,,
3.79051,0.858469,,,,
3.79328,0.85862,,,,
3.79606,0.858756,,,,
3.79884,0.858916,,,,
3.80163,0.859092,,,,
3.80442,0.859208,,,,
3.80721,0.859311,,,,
3.81001,0.859414,,,,
3.81281,0.859515,,,,
3.81561,0.85961,,,,
3.81842,0.859737,,,,
3.82124,0.859857,,,,
3.82405,0.859958,,,,
3.82688,0.860046,,,,
3.8297,0.860079,,,,
3.83253,0.860114,,,,
3.83537,0.860169,,,,
3.83821,0.86021,,,,
3.84105,0.860254,,,,
3.8439,0.860309,,,,
3.84675,0.860358,,,,
3.8496,0.860375,,,,
3.85246,0.860414,,,,
3.85533,0.860403,,,,
3.8582,0.860362,,,,
3.86107,0.86034,,,,
3.86395,0.86032,,,,
3.86683,0.860259,,,,
3.86971,0.860232,,,,
3.8726,0.860169,,,,
3.8755,0.860099,,,,
3.8784,0.860042,,,,
3.8813,0.860002,,,,
3.88421,0.85998,,,,
3.88712,0.859969,,,,
3.89004,0.85989,,,,
3.89296,0.859857,,,,
3.89588,0.859805,,,,
3.89881,0.859711,,,,
3.90174,0.859632,,,,
3.90468,0.859546,,,,
3.90762,0.859449,,,,
3.91057,0.859348,,,,
3.91352,0.859248,,,,
3.91648,0.859219,,,,
3.91944,0.859125,,,,
3.9224,0.859002,,,,
3.92537,0.858921,,,,
3.92835,0.858837,,,,
3.93132,0.858763,,,,
3.93431,0.858658,,,,
3.93729,0.858491,,,,
3.94029,0.858377,,,,
3.94328,0.858269,,,,
3.94628,0.858134,,,,
3.94929,0.857986,,,,
3.9523,0.857811,,,,
3.95531,0.857664,,,,
3.95833,0.857517,,,,
3.96136,0.857322,,,,
3.96439,0.85717,,,,
3.96742,0.857015,,,,
3.97046,0.856824,,,,
3.9735,0.856633,,,,
3.97655,0.856451,,,,
3.9796,0.85624,,,,
3.98265,0.856048,,,,
3.98571,0.855817,,,,
3.98878,0.855593,,,,
3.99185,0.855385,,,,
3.99493,0.855139,,,,
3.99801,0.854894,,,,
