Wavelength (µm),Sanidine gds19.19863,Wavelength (µm) target,Sanidine gds19.19863 target
0.29710000000000003,0.450776,0.44602,0.6946526666666667
0.30110000000000003,0.477869,0.456,0.7002876
0.30510000000000004,0.49551,0.46598,0.706048
0.30910000000000004,0.507645,0.47596,0.7086116
0.31310000000000004,0.521427,0.48595,0.7109578
0.31710000000000005,0.533378,0.49593,0.7128374
0.3211,0.538592,0.50591,0.7136697999999999
0.3251,0.548815,0.51589,0.7153615999999999
0.3291,0.550999,0.52587,0.7152088000000001
0.3331,0.56147,0.53585,0.7155874000000001
0.3371,0.565428,0.54583,0.7167916
0.3411,0.569648,0.55581,0.7159676000000001
0.3531,0.601682,0.56579,0.7164204
0.35710000000000003,0.606264,0.57577,0.717802
0.36060000000000003,0.609456,0.58576,0.7202923999999999
0.36360000000000003,0.61453,0.59574,0.7203282
0.36660000000000004,0.616139,0.60572,0.7199972857142857
0.36960000000000004,0.617692,0.6157,0.7208781666666667
0.37260000000000004,0.620553,0.62568,0.7218688333333333
0.37560000000000004,0.619774,0.63566,0.7239978
0.37860000000000005,0.620645,0.64564,0.7251264000000001
0.38110000000000005,0.625069,0.65562,0.7266313999999999
0.3831,0.630206,0.6656,0.7288834000000001
0.3851,0.63518,0.67558,0.7305023333333333
0.3871,0.637018,0.68556,0.7310949999999999
0.3891,0.641803,0.69555,0.73287225
0.3911,0.64518,0.70553,0.7347252
0.3931,0.648527,0.71551,0.7348888
0.3951,0.651469,0.72549,0.736574
0.3971,0.652598,0.73547,0.7381004000000001
0.3991,0.653933,0.74545,0.7396652499999999
0.4011,0.655671,0.75543,0.7409172500000001
0.4031,0.658234,0.76541,0.7425069999999999
0.4051,0.659422,0.77539,0.7443956666666667
0.4071,0.661896,0.78537,0.7456626666666667
0.4091,0.663131,0.79536,0.7467010000000001
0.4111,0.665346,0.80534,0.748472
0.4128,0.669311,0.81532,0.7495115
0.4158,0.670047,0.8253,0.749233
0.4188,0.671836,0.83528,0.747569
0.4218,0.674848,0.84526,0.748854
0.4248,0.678332,0.85524,0.756212
0.4278,0.67939,0.8752,0.75766
0.4308,0.684424,0.88518,0.762542
0.4338,0.686671,0.89517,0.762363
0.4368,0.688485,0.90515,0.763199
0.4398,0.688942,0.91513,0.763871
0.4428,0.692617,0.92511,0.769538
0.44580000000000003,0.6944,0.93509,0.765942
0.44880000000000003,0.696941,0.94507,0.7698065000000001
0.45130000000000003,0.697401,0.95505,0.773268
0.45330000000000004,0.697882,0.96503,0.774259
0.45530000000000004,0.701111,0.97501,0.773595
0.4573,0.702517,0.98499,0.777531
0.4593,0.702527,0.99497,0.777315
0.4613,0.704519,1.005,0.7811874999999999
0.4633,0.705009,1.0149,0.7817045
0.4653,0.706146,1.0249,0.7836135
0.4673,0.706658,1.0349,0.786489
0.4693,0.707908,1.0449,0.7879075
0.4713,0.705627,1.0549,0.7885835
0.4733,0.708304,1.0648,0.7892710000000001
0.4753,0.708136,1.0748,0.790559
0.4773,0.71053,1.0848,0.792025
0.4793,0.710461,1.0948,0.792731
0.4813,0.710466,1.1048,0.7954684999999999
0.4833,0.710567,1.1148,0.7949900000000001
0.4853,0.710838,1.1247,0.7966755
0.4873,0.710755,1.1347,0.7980395
0.4893,0.712163,1.1447,0.7986854999999999
0.4913,0.712695,1.1547,0.7985605
0.4933,0.712561,1.1647,0.7995025
0.4953,0.713745,1.1746,0.8006905
0.4973,0.712919,1.1846,0.8023685
0.4993,0.712267,1.1946,0.802551
0.5013,0.714186,1.2046,0.8035019999999999
0.5033,0.711952,1.2146,0.8050474999999999
0.5053,0.713374,1.2245,0.806207
0.5073,0.71318,1.2345,0.8066975000000001
0.5093,0.715657,1.2445,0.8068040000000001
0.5113,0.715624,1.2545,0.806689
0.5133,0.716121,1.2645,0.8079160000000001
0.5153,0.714744,1.2744,0.8071360000000001
0.5173,0.714549,1.2844,0.8087975000000001
0.5193,0.71577,1.2944,0.808196
0.5213,0.715613,1.3044,0.8097175
0.5233,0.714176,1.3144,0.8109884999999999
0.5253,0.714709,1.3244,0.809821
0.5273,0.716556,1.3343,0.8101165
0.5293,0.71499,1.3443,0.811275
0.5313,0.714966,1.3543,0.8115555000000001
0.5333,0.714264,1.3643,0.811032
0.5353,0.716677,1.3743,0.81179
0.5373,0.71529,1.3842,0.8116289999999999
0.5393,0.71674,1.3942,0.8133135
0.5413,0.716546,1.4042,0.8129485
0.5433,0.717687,1.4142,0.8125475
0.5453,0.716986,1.4242,0.8145355
0.5473,0.716958,1.4341,0.8166545000000001
0.5492999999999999,0.715781,1.4441,0.8168835
0.5512999999999999,0.716926,1.4541,0.8161160000000001
0.5532999999999999,0.715262,1.4641,0.8170455000000001
0.5552999999999999,0.716458,1.4741,0.8161339999999999
0.5572999999999999,0.715951,1.484,0.817665
0.5592999999999999,0.715241,1.494,0.8181645
0.5612999999999999,0.716811,1.504,0.817287
0.5632999999999999,0.716162,1.514,0.819242
0.5652999999999999,0.715394,1.524,0.818898
0.5672999999999999,0.716852,1.534,0.820719
0.5692999999999999,0.716883,1.5439,0.8205165000000001
0.5712999999999999,0.717349,1.5539,0.8214205
0.5732999999999999,0.717138,1.5639,0.822796
0.5752999999999999,0.717166,1.5739,0.8221515
0.5772999999999999,0.718165,1.5839,0.821853
0.5792999999999999,0.719192,1.5938,0.8222985
0.5812999999999999,0.719714,1.6038,0.821761
0.5832999999999999,0.719511,1.6138,0.822501
0.5852999999999999,0.720221,1.6238,0.8217715
0.5872999999999999,0.720757,1.6338,0.821353
0.5892999999999999,0.721259,1.6437,0.8225485
0.5912999999999999,0.720772,1.6537,0.823026
0.5932999999999999,0.719539,1.6637,0.823762
0.5952999999999999,0.720429,1.6737,0.823502
0.5972999999999999,0.720437,1.6837,0.822557
0.5992999999999999,0.720464,1.6936,0.825669
0.6011,0.719747,1.7036,0.828287
0.6027,0.719741,1.7136,0.823694
0.6043,0.721342,1.7236,0.824455
0.6059,0.720139,1.7336,0.820617
0.6075,0.720234,1.7436,0.824139
0.6091,0.718946,1.7535,0.826078
0.6107,0.719832,1.7635,0.826067
0.6123,0.720002,1.7735,0.823693
0.6139,0.720707,1.7835,0.828124
0.6155,0.72091,1.7935,0.829175
0.6171,0.720917,1.8034,0.826087
0.6187,0.721117,1.8134,0.826947
0.6203,0.721616,1.8234,0.824762
0.6219,0.722565,1.8334,0.82539
0.6235,0.720425,1.8434,0.828799
0.6251,0.721103,1.8533,0.825947
0.6267,0.722998,1.8633,0.825653
0.6283,0.722514,1.8733,0.826147
0.6299,0.721608,1.8833,0.822694
0.6317,0.724379,1.8933,0.82355
0.6337,0.723689,1.9032,0.823145
0.6357,0.723875,1.9132,0.818266
0.6377,0.725067,1.9232,0.820498
0.6397,0.722979,1.9332,0.82333
0.6417,0.723681,1.9432,0.822477
0.6437,0.724889,1.9532,0.823275
0.6457,0.72557,1.9631,0.825512
0.6477,0.725394,1.9731,0.827582
0.6497,0.726098,1.9831,0.828957
0.6517000000000001,0.725922,1.9931,0.831195
0.6537000000000001,0.726597,2.0031,0.830904
0.6557000000000001,0.725913,2.013,0.825094
0.6577000000000001,0.727109,2.023,0.831737
0.6597000000000001,0.727616,2.033,0.83059
0.6617000000000001,0.728862,2.043,0.833427
0.6637000000000001,0.72814,2.053,0.831096
0.6657000000000001,0.730081,2.0629,0.831186
0.6677000000000001,0.729349,2.0729,0.828706
0.6702,0.727985,2.0829,0.83334
0.6732,0.72988,2.0929,0.838147
0.6762,0.730904,2.1029,0.836369
0.6792,0.730723,2.1128,0.838745
0.6822,0.729834,2.1228,0.841353
0.6852,0.73156,2.1328,0.841922
0.6882,0.731891,2.1428,0.837873
0.6912,0.731532,2.1528,0.836584
0.6942,0.731856,2.1628,0.836215
0.6972,0.733971,2.1727,0.832405
0.7002,0.73413,2.1827,0.831486
0.702,0.733766,2.1927,0.832159
0.704,0.73413,2.2027,0.827313
0.706,0.735883,2.2127,0.833465
0.708,0.734301,2.2226,0.831547
0.71,0.735546,2.2326,0.830854
0.712,0.735358,2.2426,0.828049
0.714,0.735666,2.2526,0.824434
0.716,0.73425,2.2626,0.832178
0.718,0.734598,2.2725,0.831883
0.72,0.734572,2.2825,0.831221
0.722,0.735796,2.2925,0.839149
0.724,0.735994,2.3025,0.827434
0.726,0.73722,2.3125,0.83178
0.728,0.736292,2.3224,0.838777
0.73,0.737568,2.3324,0.83705
0.732,0.736652,2.3424,0.83761
0.734,0.737699,2.3524,0.836748
0.736,0.738256,2.3624,0.835707
0.738,0.738774,2.3724,0.842734
0.74,0.739121,2.3823,0.840589
0.742,0.739875,2.4023,0.838889
0.744,0.738758,2.4123,0.838355
0.746,0.74004,2.4223,0.8374354444444445
0.748,0.739988,2.4322,0.8360138749999999
0.7505,0.738923,2.4422,0.834857888888889
0.7535,0.741291,2.4522,0.8337150000000001
0.7565,0.741819,2.4622,0.832659875
0.7595,0.741636,2.4722,0.8314727777777777
0.7625,0.741599,2.4821,0.8307523750000001
0.7655,0.742308,2.4921,0.830165
0.7685,0.743614,2.5021,0.8297647777777778
0.7715,0.744693,2.5121,0.8297248749999999
0.7745,0.744321,2.5221,0.82967625
0.7775,0.744173,2.532,0.8301861249999999
0.781,0.744334,2.542,0.830465875
0.785,0.746883,2.552,0.8309270000000001
0.789,0.745771,2.562,0.83073
0.793,0.746341,2.572,0.830622
0.797,0.747061,2.5819,0.8310206000000001
0.8015,0.747999,2.5919,0.82969
0.8065,0.748945,2.6019,0.8281920000000002
0.8115,0.74986,2.6119,0.8280609999999999
0.8165,0.749163,2.6219,0.8262912
0.822,0.749866,2.6319,0.8255931428571428
0.828,0.7486,2.6418,0.821816
0.835,0.747569,2.6518,0.8216164285714286
0.843,0.748854,2.6618,0.8220128333333333
0.851,0.759279,2.6718,0.8200862000000001
0.859,0.753145,2.6818,0.8117135714285714
0.871,0.75766,2.6917,0.8045344285714287
0.883,0.762542,2.7017,0.7926195714285714
0.894,0.762363,2.7117,0.7878918571428571
0.904,0.763199,2.7217,0.7821738571428571
0.914,0.763871,2.7317,0.7604122857142857
0.924,0.769538,2.7416,0.7446240000000001
0.933,0.765942,2.7516,0.7251464285714285
0.941,0.770638,2.7616,0.704902
0.949,0.768975,2.7716,0.6978650000000001
0.957,0.773268,2.7816,0.6888899999999999
0.964,0.774175,2.7916,0.6813911428571429
0.97,0.774343,2.8015,0.6752621666666666
0.976,0.773595,2.8115,0.6672802857142858
0.982,0.776963,2.8215,0.6621531666666666
0.988,0.778099,2.8315,0.6564671428571428
0.994,0.777315,2.8414,0.6509821666666668
1.0,0.782333,2.8514,0.6458141428571428
1.006,0.780042,2.8614,0.6401281666666666
1.012,0.780331,2.8714,0.6360661666666666
1.018,0.783078,2.8814,0.6324041666666665
1.0235,0.783386,2.8914,0.6290675714285714
1.0285,0.783841,2.9013,0.6266746666666666
1.0335,0.785762,2.9113,0.6246623333333333
1.0385,0.787216,2.9213,0.6234788333333333
1.0435,0.788305,2.9313,0.6220906666666667
1.0485,0.78751,2.9413,0.6213638333333334
1.0535,0.788361,2.9513,0.6208793333333333
1.0585,0.788806,2.9612,0.6205623333333333
1.0635,0.788632,2.9712,0.6205161666666665
1.0685,0.78991,2.9812,0.6209203999999999
1.0735,0.789753,2.9912,0.6213730000000001
1.0785,0.791365,,
1.0835,0.793426,,
1.0885,0.790624,,
1.0935,0.79297,,
1.0985,0.792492,,
1.1035,0.795403,,
1.1085,0.795534,,
1.1135,0.795358,,
1.1185,0.794622,,
1.1235,0.796287,,
1.1285,0.797064,,
1.1335,0.797768,,
1.1385,0.798311,,
1.1435,0.798268,,
1.1485,0.799103,,
1.1535,0.798131,,
1.1585,0.79899,,
1.1635,0.800374,,
1.1685,0.798631,,
1.1735,0.800783,,
1.1785,0.800598,,
1.1835,0.799694,,
1.1885,0.805043,,
1.1935,0.801122,,
1.1985,0.80398,,
1.2035,0.804754,,
1.2085,0.80225,,
1.2135,0.804029,,
1.2185,0.806066,,
1.2235,0.806908,,
1.2285,0.805506,,
1.2335,0.807889,,
1.2385,0.805506,,
1.2435,0.805215,,
1.2485,0.808393,,
1.2535,0.806002,,
1.2585,0.807376,,
1.2635,0.807944,,
1.2685,0.807888,,
1.2735,0.808772,,
1.2785,0.8055,,
1.2835,0.807801,,
1.2885,0.809794,,
1.2935,0.807392,,
1.2985,0.809,,
1.3035,0.809364,,
1.3085,0.810071,,
1.3135,0.812251,,
1.3185,0.809726,,
1.3235,0.808407,,
1.3285,0.811235,,
1.3335,0.810914,,
1.3385,0.809319,,
1.3435,0.810941,,
1.3485,0.811609,,
1.3535,0.811521,,
1.3585,0.81159,,
1.3635,0.810628,,
1.3685,0.811436,,
1.3735,0.812045,,
1.3785,0.811535,,
1.3835,0.811398,,
1.3885,0.81186,,
1.3935,0.813599,,
1.3985,0.813028,,
1.4035,0.811974,,
1.4085,0.813923,,
1.4135,0.811509,,
1.4185,0.813586,,
1.4235,0.814533,,
1.4285,0.814538,,
1.4335,0.817387,,
1.4385,0.815922,,
1.4435,0.817228,,
1.4485,0.816539,,
1.4535,0.815681,,
1.4585,0.816551,,
1.4635,0.814386,,
1.4685,0.819705,,
1.4735,0.815078,,
1.4785,0.81719,,
1.4835,0.816386,,
1.4885,0.818944,,
1.4935,0.816343,,
1.4985,0.819986,,
1.5035,0.81763,,
1.5085,0.816944,,
1.5135,0.81757,,
1.5185,0.820914,,
1.5235,0.81836,,
1.5285,0.819436,,
1.534,0.820719,,
1.54,0.822945,,
1.546,0.818088,,
1.552,0.819065,,
1.558,0.823776,,
1.564,0.822796,,
1.5705,0.822312,,
1.5775,0.821991,,
1.5845,0.821853,,
1.5915,0.822644,,
1.5985,0.821953,,
1.6055,0.821761,,
1.6125,0.822501,,
1.6195,0.821456,,
1.6265,0.822087,,
1.6335,0.821353,,
1.6405,0.823473,,
1.6475,0.821624,,
1.6545,0.823026,,
1.6615,0.826361,,
1.6685,0.821163,,
1.676,0.823502,,
1.684,0.822557,,
1.692,0.825669,,
1.7,0.828043,,
1.708,0.828531,,
1.716,0.823694,,
1.724,0.824455,,
1.732,0.820617,,
1.74,0.822951,,
1.748,0.825327,,
1.756,0.826078,,
1.764,0.826067,,
1.772,0.823693,,
1.78,0.82763,,
1.788,0.828618,,
1.796,0.829175,,
1.805,0.826087,,
1.815,0.826947,,
1.825,0.824762,,
1.835,0.82539,,
1.845,0.828799,,
1.855,0.825947,,
1.865,0.825653,,
1.875,0.826147,,
1.885,0.822694,,
1.895,0.82355,,
1.905,0.823145,,
1.915,0.818266,,
1.925,0.820498,,
1.935,0.82333,,
1.945,0.822477,,
1.955,0.823275,,
1.965,0.825512,,
1.975,0.827582,,
1.985,0.828957,,
1.995,0.831195,,
2.005,0.830904,,
2.015,0.825094,,
2.025,0.831737,,
2.035,0.83059,,
2.045,0.833427,,
2.055,0.831096,,
2.065,0.831186,,
2.075,0.828706,,
2.085,0.83334,,
2.095,0.838147,,
2.105,0.836369,,
2.115,0.838745,,
2.125,0.841353,,
2.135,0.841922,,
2.145,0.837873,,
2.155,0.836584,,
2.165,0.836215,,
2.175,0.832405,,
2.185,0.831486,,
2.195,0.832159,,
2.205,0.827313,,
2.215,0.833465,,
2.225,0.831547,,
2.235,0.830854,,
2.245,0.828049,,
2.255,0.824434,,
2.265,0.832178,,
2.275,0.831883,,
2.285,0.831221,,
2.295,0.839149,,
2.305,0.827434,,
2.315,0.83178,,
2.325,0.838777,,
2.335,0.83705,,
2.345,0.83761,,
2.355,0.836748,,
2.365,0.835707,,
2.375,0.842734,,
2.386,0.840589,,
2.4,0.835922,,
2.400071,0.839808,,
2.401183,0.839361,,
2.4022959999999998,0.839249,,
2.40341,0.839249,,
2.404524,0.839137,,
2.40564,0.839193,,
2.4067570000000003,0.839193,,
2.407875,0.839026,,
2.4089940000000003,0.83869,,
2.410113,0.838243,,
2.411234,0.838411,,
2.4123560000000004,0.838411,,
2.4134789999999997,0.838355,,
2.414603,0.838467,,
2.415729,0.837964,,
2.416855,0.837628,,
2.417982,0.837908,,
2.419111,0.838019,,
2.4202399999999997,0.83774,,
2.421371,0.837628,,
2.422502,0.837572,,
2.4236350000000004,0.83746,,
2.424768,0.837069,,
2.425903,0.836901,,
2.427038,0.836622,,
2.428176,0.836398,,
2.4293139999999998,0.836286,,
2.430453,0.836175,,
2.431592,0.835895,,
2.432734,0.835672,,
2.433876,0.835783,,
2.4350189999999996,0.835951,,
2.436163,0.835951,,
2.437308,0.835672,,
2.438454,0.835168,,
2.439602,0.834833,,
2.44075,0.834889,,
2.4419,0.834498,,
2.443051,0.834442,,
2.444203,0.834665,,
2.445355,0.834889,,
2.4465100000000004,0.834665,,
2.4476649999999998,0.834609,,
2.4488209999999997,0.834386,,
2.449978,0.833827,,
2.451137,0.833603,,
2.452296,0.833659,,
2.4534569999999998,0.833547,,
2.454618,0.833324,,
2.455781,0.833212,,
2.456945,0.833268,,
2.45811,0.833044,,
2.459276,0.832597,,
2.460443,0.832541,,
2.461612,0.832765,,
2.462781,0.832765,,
2.4639520000000004,0.832597,,
2.465123,0.832373,,
2.466296,0.832597,,
2.4674699999999996,0.832597,,
2.468645,0.831982,,
2.469821,0.831423,,
2.4709980000000002,0.831535,,
2.472176,0.831703,,
2.4733560000000003,0.831367,,
2.474536,0.83092,,
2.4757179999999996,0.830976,,
2.476901,0.830752,,
2.478085,0.83092,,
2.47927,0.831088,,
2.480456,0.831032,,
2.4816439999999997,0.83092,,
2.4828319999999997,0.830529,,
2.484022,0.830808,,
2.4852130000000003,0.830529,,
2.486404,0.830193,,
2.487597,0.830081,,
2.488792,0.830137,,
2.489987,0.830137,,
2.491184,0.830025,,
2.492381,0.830025,,
2.4935810000000003,0.830417,,
2.494781,0.830305,,
2.495982,0.830193,,
2.4971840000000003,0.829858,,
2.498387,0.829802,,
2.4995920000000003,0.829914,,
2.5007979999999996,0.829634,,
2.502005,0.829858,,
2.503213,0.829578,,
2.504422,0.829411,,
2.505633,0.829858,,
2.506844,0.82997,,
2.508057,0.830025,,
2.509271,0.829914,,
2.5104859999999998,0.829522,,
2.511703,0.829634,,
2.5129200000000003,0.829522,,
2.514138,0.82969,,
2.515358,0.829914,,
2.516579,0.829578,,
2.517802,0.829802,,
2.519025,0.829746,,
2.52025,0.829355,,
2.5214760000000003,0.829522,,
2.522703,0.829914,,
2.523931,0.82997,,
2.52516,0.829634,,
2.5263910000000003,0.829467,,
2.527622,0.829299,,
2.528856,0.829355,,
2.53009,0.829802,,
2.531325,0.830808,,
2.532562,0.831255,,
2.5338000000000003,0.830249,,
2.5350390000000003,0.830081,,
2.536279,0.83064,,
2.5375199999999998,0.82997,,
2.538763,0.829467,,
2.540007,0.829522,,
2.541252,0.830473,,
2.542498,0.831982,,
2.543746,0.831591,,
2.544994,0.830417,,
2.546244,0.830305,,
2.547495,0.831311,,
2.5487480000000002,0.830976,,
2.550002,0.83092,,
2.551256,0.832206,,
2.552513,0.832541,,
2.5537710000000002,0.831088,,
2.555029,0.829467,,
2.556289,0.828907,,
2.55755,0.828516,,
2.5588130000000002,0.829467,,
2.560076,0.833324,,
2.565143,0.832876,,
2.566413,0.829467,,
2.5676840000000003,0.829858,,
2.571505,0.830529,,
2.575337,0.831479,,
2.5778980000000002,0.831199,,
2.579181,0.828852,,
2.5804650000000002,0.831479,,
2.58175,0.831647,,
2.585613,0.831926,,
2.5881950000000002,0.832262,,
2.589488,0.830137,,
2.5907820000000004,0.827901,,
2.592077,0.82846,,
2.597271,0.83064,,
2.598573,0.826057,,
2.599876,0.826168,,
2.601181,0.828293,,
2.602487,0.829802,,
2.607723,0.83064,,
2.609035,0.829467,,
2.6103490000000003,0.827566,,
2.611664,0.825833,,
2.6129810000000004,0.826448,,
2.614299,0.825777,,
2.615618,0.830696,,
2.6182600000000003,0.829802,,
2.622233,0.824491,,
2.62356,0.822423,,
2.624888,0.824379,,
2.626217,0.830361,,
2.627548,0.827789,,
2.628881,0.827845,,
2.6315500000000003,0.82969,,
2.632886,0.82533,,
2.634224,0.825162,,
2.635564,0.822087,,
2.636904,0.821249,,
2.638246,0.820746,,
2.63959,0.820858,,
2.640934,0.82164,,
2.6422800000000004,0.82192,,
2.643628,0.821305,,
2.644976,0.823317,,
2.6463270000000003,0.822926,,
2.647678,0.820522,,
2.649031,0.819684,,
2.650386,0.820299,,
2.651741,0.823317,,
2.653098,0.823541,,
2.654457,0.821976,,
2.655817,0.821976,,
2.6571770000000003,0.819125,,
2.65854,0.821137,,
2.659904,0.822758,,
2.66127,0.821584,,
2.662637,0.820466,,
2.664005,0.827007,,
2.6681179999999998,0.826224,,
2.672244,0.819181,,
2.673622,0.81482,,
2.675002,0.817895,,
2.676383,0.822311,,
2.677765,0.820355,,
2.67915,0.818118,,
2.680535,0.81141,,
2.681922,0.808168,,
2.68331,0.809174,,
2.6847,0.807944,,
2.68609,0.806826,,
2.6874830000000003,0.805149,,
2.6888769999999997,0.803305,,
2.6902719999999998,0.801516,,
2.691669,0.802019,,
2.693067,0.807609,,
2.694467,0.808727,,
2.695868,0.803416,,
2.69727,0.797882,,
2.698674,0.794919,,
2.70008,0.795199,,
2.701487,0.794752,,
2.702896,0.790839,,
2.704306,0.787988,,
2.705717,0.786758,,
2.7071300000000003,0.78687,,
2.708544,0.790056,,
2.70996,0.794808,,
2.7113780000000003,0.794304,,
2.712797,0.785919,,
2.714217,0.78223,,
2.715639,0.781056,,
2.717062,0.780776,,
2.718487,0.782565,,
2.719913,0.789553,,
2.721341,0.785696,,
2.72277,0.779099,,
2.7241999999999997,0.781671,,
2.7256329999999998,0.775857,,
2.727067,0.767807,,
2.7285019999999998,0.76395,,
2.729939,0.76149,,
2.731377,0.758863,,
2.732817,0.757354,,
2.7342579999999996,0.758528,,
2.735701,0.754894,,
2.737146,0.750086,,
2.738592,0.753776,,
2.7400390000000003,0.755341,,
2.741488,0.748521,,
2.742939,0.739409,,
2.7443910000000002,0.734043,,
2.745844,0.731192,,
2.747299,0.728341,,
2.7487559999999998,0.726161,,
2.750214,0.724484,,
2.751674,0.722918,,
2.7531350000000003,0.721856,,
2.754598,0.727055,,
2.756062,0.72521,,
2.7575279999999998,0.714365,,
2.7589960000000002,0.707601,,
2.760465,0.704303,,
2.761936,0.704415,,
2.763408,0.703185,,
2.764882,0.699999,,
2.766357,0.700446,,
2.7678339999999997,0.70134,,
2.769313,0.701005,,
2.7707930000000003,0.701173,,
2.772275,0.697595,,
2.773758,0.693849,,
2.775243,0.692228,,
2.77673,0.691613,,
2.778218,0.690495,,
2.7797069999999997,0.689657,,
2.781199,0.689489,,
2.782691,0.687868,,
2.784185,0.685967,,
2.785681,0.687141,,
2.787179,0.688427,,
2.788678,0.685352,,
2.790179,0.681775,,
2.7916819999999998,0.680209,,
2.793186,0.679147,,
2.794692,0.677917,,
2.7962,0.676911,,
2.797709,0.675793,,
2.799219,0.674508,,
2.8007310000000003,0.674955,,
2.802245,0.677023,,
2.803761,0.676408,,
2.805278,0.672886,,
2.806797,0.670427,,
2.8083180000000003,0.669197,,
2.8098400000000003,0.667967,,
2.8113629999999996,0.666849,,
2.812889,0.666066,,
2.814416,0.665731,,
2.815945,0.664725,,
2.817475,0.663942,,
2.819007,0.664333,,
2.82054,0.663607,,
2.822076,0.661762,,
2.823613,0.660029,,
2.825152,0.659246,,
2.826692,0.658743,,
2.828234,0.657793,,
2.8297779999999997,0.656731,,
2.831324,0.656172,,
2.832871,0.655836,,
2.83442,0.655333,,
2.835971,0.654662,,
2.837523,0.653768,,
2.839077,0.652482,,
2.8406320000000003,0.651364,,
2.84219,0.650358,,
2.843749,0.649464,,
2.84531,0.648457,,
2.846872,0.647843,,
2.848437,0.647507,,
2.850003,0.646669,,
2.85157,0.645662,,
2.85314,0.645327,,
2.854711,0.644544,,
2.856283,0.643147,,
2.857857,0.641973,,
2.8594340000000003,0.641358,,
2.861012,0.640408,,
2.8625920000000002,0.639569,,
2.8641729999999996,0.63901,,
2.865757,0.638451,,
2.8673420000000003,0.637892,,
2.868929,0.637054,,
2.870517,0.636439,,
2.8721080000000003,0.635824,,
2.8736990000000002,0.634985,,
2.875293,0.634203,,
2.8768890000000003,0.633867,,
2.8784859999999997,0.633308,,
2.8800850000000002,0.632637,,
2.881686,0.632022,,
2.8832890000000004,0.631575,,
2.884893,0.631016,,
2.8864989999999997,0.630345,,
2.8881069999999998,0.63001,,
2.889717,0.629507,,
2.8913290000000003,0.62906,,
2.892942,0.628724,,
2.894558,0.628165,,
2.8961750000000004,0.627662,,
2.8977939999999998,0.627327,,
2.899415,0.627103,,
2.9010369999999996,0.627103,,
2.902662,0.626768,,
2.904288,0.626209,,
2.9059160000000004,0.625538,,
2.907546,0.625091,,
2.909178,0.625035,,
2.9108110000000003,0.624979,,
2.912446,0.624532,,
2.914083,0.624308,,
2.915722,0.624029,,
2.917363,0.623861,,
2.919006,0.623581,,
2.92065,0.623525,,
2.922296,0.623693,,
2.923944,0.623358,,
2.9255940000000002,0.622855,,
2.9272460000000002,0.622463,,
2.9289,0.62224,,
2.930556,0.622184,,
2.9322130000000004,0.622128,,
2.933873,0.621848,,
2.935534,0.621681,,
2.937198,0.621569,,
2.938863,0.621513,,
2.9405300000000003,0.621345,,
2.942199,0.621513,,
2.9438690000000003,0.621233,,
2.945542,0.62101,,
2.947217,0.620954,,
2.948893,0.620842,,
2.950572,0.620842,,
2.952252,0.620898,,
2.9539340000000003,0.620954,,
2.955618,0.620786,,
2.957304,0.62073,,
2.9589920000000003,0.620618,,
2.960681,0.620674,,
2.962373,0.620618,,
2.964067,0.620451,,
2.965763,0.620283,,
2.96746,0.620283,,
2.96916,0.620507,,
2.9708609999999998,0.620618,,
2.972565,0.620563,,
2.9742710000000003,0.620563,,
2.975978,0.620563,,
2.977687,0.620786,,
2.979398,0.620954,,
2.981112,0.620786,,
2.9828270000000003,0.620954,,
2.984544,0.621122,,
2.9862640000000003,0.621233,,
2.987985,0.621233,,
2.989709,0.621233,,
2.9914340000000004,0.621345,,
2.993161,0.621457,,
2.99489,0.621737,,
2.996621,0.622128,,
2.998354,0.621904,,
3.000089,0.622016,,
3.001826,0.62224,,
3.003565,0.622407,,
3.005306,0.622463,,
3.00705,0.622519,,
3.008795,0.622743,,
3.010542,0.623022,,
3.0122910000000003,0.62319,,
3.014043,0.623302,,
3.015796,0.623469,,
3.0175520000000002,0.623693,,
3.0193090000000002,0.623805,,
3.021069,0.623917,,
3.02283,0.624084,,
3.024594,0.624252,,
3.02636,0.624532,,
3.028127,0.624811,,
3.029897,0.624587,,
3.031669,0.624643,,
3.033443,0.624979,,
3.035219,0.625202,,
3.036998,0.625482,,
3.0387779999999998,0.625761,,
3.04056,0.625873,,
3.042344,0.626153,,
3.04413,0.626432,,
3.045919,0.626544,,
3.047709,0.6266,,
3.049502,0.626768,,
3.051297,0.626991,,
3.053094,0.627327,,
3.054893,0.627662,,
3.056694,0.627774,,
3.058498,0.628165,,
3.0603029999999998,0.628668,,
3.062111,0.628668,,
3.0639209999999997,0.62878,,
3.0657330000000003,0.628948,,
3.0675470000000002,0.62906,,
3.0693629999999996,0.629283,,
3.071181,0.62973,,
3.073001,0.630066,,
3.074824,0.630345,,
3.0766489999999997,0.630513,,
3.078476,0.630737,,
3.0803049999999996,0.63124,,
3.0821359999999998,0.631687,,
3.08397,0.631799,,
3.0858049999999997,0.631855,,
3.0876439999999996,0.63219,,
3.089484,0.632749,,
3.091326,0.633029,,
3.093171,0.633476,,
3.095017,0.633699,,
3.096866,0.634147,,
3.098717,0.634426,,
3.1005700000000003,0.634706,,
3.102426,0.634985,,
3.1042840000000003,0.635376,,
3.1061439999999996,0.635768,,
3.108006,0.636215,,
3.109871,0.636718,,
3.111737,0.636998,,
3.1136060000000003,0.637333,,
3.115477,0.637613,,
3.11735,0.63778,,
3.1192260000000003,0.638283,,
3.121104,0.638731,,
3.1229839999999998,0.639234,,
3.124866,0.639681,,
3.126751,0.640072,,
3.128638,0.640408,,
3.130527,0.640687,,
3.132419,0.641134,,
3.134313,0.64147,,
3.136209,0.641693,,
3.1381080000000003,0.642141,,
3.140008,0.642644,,
3.1419119999999996,0.642923,,
3.143817,0.643315,,
3.145725,0.643874,,
3.147635,0.644153,,
3.149547,0.644488,,
3.151462,0.645047,,
3.153378,0.645383,,
3.1552979999999997,0.645774,,
3.157219,0.646277,,
3.159143,0.646613,,
3.16107,0.646836,,
3.162998,0.647228,,
3.164929,0.647731,,
3.166862,0.648122,,
3.168798,0.648178,,
3.1707359999999998,0.648513,,
3.172677,0.648961,,
3.1746190000000003,0.64952,,
3.176565,0.650023,,
3.1785129999999997,0.650135,,
3.180463,0.650526,,
3.1824149999999998,0.650917,,
3.18437,0.651197,,
3.1863270000000004,0.651532,,
3.188287,0.651979,,
3.190248,0.652371,,
3.192213,0.65265,,
3.19418,0.652985,,
3.1961489999999997,0.653265,,
3.198121,0.653544,,
3.2000949999999997,0.653824,,
3.2020720000000003,0.654159,,
3.2040509999999998,0.654383,,
3.206032,0.654718,,
3.208016,0.655054,,
3.210002,0.655333,,
3.211991,0.655669,,
3.213982,0.655836,,
3.215976,0.656116,,
3.217972,0.656507,,
3.219971,0.656843,,
3.221972,0.657234,,
3.223976,0.657402,,
3.225982,0.657625,,
3.227991,0.658017,,
3.230002,0.65852,,
3.2320160000000002,0.658632,,
3.234032,0.658687,,
3.236051,0.658911,,
3.2380720000000003,0.659191,,
3.240096,0.659358,,
3.242123,0.659861,,
3.244152,0.660197,,
3.246183,0.660476,,
3.248217,0.6607,,
3.2502530000000003,0.660923,,
3.2522930000000003,0.661315,,
3.2543339999999996,0.661594,,
3.256378,0.66193,,
3.2584250000000003,0.662265,,
3.2604740000000003,0.662601,,
3.262526,0.662936,,
3.26458,0.663048,,
3.266638,0.663495,,
3.268697,0.66383,,
3.27076,0.664166,,
3.2728249999999997,0.664445,,
3.274892,0.664613,,
3.276962,0.664892,,
3.279035,0.665284,,
3.28111,0.665563,,
3.283188,0.665843,,
3.285269,0.666178,,
3.287352,0.666402,,
3.289438,0.666737,,
3.2915259999999997,0.667129,,
3.2936170000000002,0.667408,,
3.295711,0.667799,,
3.2978069999999997,0.668191,,
3.299906,0.668302,,
3.302008,0.66847,,
3.3041129999999996,0.668694,,
3.3062199999999997,0.669085,,
3.3083299999999998,0.669421,,
3.3104430000000002,0.669588,,
3.312558,0.669644,,
3.314676,0.669868,,
3.316797,0.670315,,
3.31892,0.67065,,
3.321046,0.670706,,
3.323175,0.67093,,
3.3253069999999996,0.671265,,
3.327442,0.671545,,
3.3295790000000003,0.671601,,
3.331719,0.671712,,
3.3338609999999997,0.67188,,
3.336007,0.672216,,
3.338155,0.672551,,
3.340306,0.672551,,
3.342458,0.672551,,
3.3446149999999997,0.672719,,
3.346774,0.672551,,
3.348936,0.672495,,
3.3511010000000003,0.672327,,
3.353268,0.672104,,
3.355439,0.671824,,
3.357612,0.671489,,
3.359789,0.671042,,
3.361968,0.670594,,
3.364149,0.670091,,
3.3663339999999997,0.669421,,
3.3685210000000003,0.668806,,
3.3707109999999996,0.668414,,
3.372904,0.668135,,
3.3750999999999998,0.667911,,
3.3773,0.667911,,
3.3795010000000003,0.667967,,
3.3817060000000003,0.668358,,
3.383913,0.668694,,
3.386123,0.668806,,
3.388336,0.668973,,
3.3905529999999997,0.668862,,
3.392771,0.668582,,
3.3949920000000002,0.668135,,
3.397217,0.667408,,
3.399445,0.666625,,
3.401675,0.665843,,
3.403909,0.66506,,
3.406146,0.664166,,
3.408385,0.663327,,
3.410627,0.662656,,
3.4128730000000003,0.662042,,
3.415121,0.662042,,
3.417372,0.662489,,
3.419626,0.663495,,
3.421884,0.664892,,
3.4241439999999996,0.666234,,
3.426407,0.667799,,
3.428673,0.669476,,
3.430943,0.67093,,
3.433215,0.672216,,
3.4354899999999997,0.673389,,
3.437768,0.674508,,
3.440049,0.675346,,
3.442333,0.676073,,
3.444621,0.6768,,
3.446911,0.677526,,
3.4492040000000004,0.678085,,
3.4515,0.678644,,
3.4538,0.679427,,
3.456102,0.680154,,
3.458408,0.680545,,
3.4607159999999997,0.681048,,
3.463028,0.681663,,
3.465343,0.681775,,
3.467662,0.681775,,
3.469983,0.681998,,
3.472307,0.682054,,
3.474634,0.681998,,
3.4769650000000003,0.682054,,
3.4792979999999996,0.682222,,
3.4816350000000003,0.682222,,
3.483975,0.681998,,
3.486317,0.681775,,
3.488663,0.681495,,
3.491012,0.68116,,
3.493365,0.680657,,
3.49572,0.680154,,
3.498079,0.679818,,
3.500441,0.679874,,
3.502806,0.680545,,
3.5051750000000004,0.681607,,
3.507547,0.682893,,
3.509921,0.68429,,
3.512299,0.685911,,
3.514681,0.687309,,
3.517065,0.688651,,
3.519453,0.689601,,
3.521844,0.690384,,
3.524238,0.69111,,
3.526636,0.691725,,
3.529036,0.692116,,
3.53144,0.692452,,
3.533848,0.692843,,
3.5362579999999997,0.693179,,
3.538672,0.693458,,
3.541089,0.693794,,
3.543509,0.694073,,
3.5459319999999996,0.694297,,
3.548359,0.694464,,
3.55079,0.694688,,
3.553223,0.695023,,
3.55566,0.695191,,
3.558101,0.695191,,
3.5605450000000003,0.695471,,
3.5629920000000004,0.695582,,
3.565443,0.69575,,
3.567896,0.695918,,
3.570354,0.69603,,
3.5728139999999997,0.696197,,
3.575278,0.696365,,
3.5777460000000003,0.696533,,
3.580216,0.6967,,
3.5826909999999996,0.696812,,
3.585169,0.697036,,
3.58765,0.697259,,
3.590135,0.697427,,
3.592623,0.697483,,
3.595114,0.697595,,
3.597609,0.697595,,
3.600107,0.697651,,
3.602608,0.697707,,
3.605114,0.697819,,
3.6076219999999997,0.69793,,
3.610135,0.698098,,
3.61265,0.698154,,
3.61517,0.698322,,
3.617692,0.698322,,
3.620219,0.698377,,
3.6227489999999998,0.698545,,
3.625283,0.698657,,
3.627819,0.698713,,
3.63036,0.698881,,
3.632904,0.698881,,
3.6354520000000003,0.698825,,
3.6380030000000003,0.698881,,
3.640558,0.698881,,
3.643116,0.698825,,
3.645679,0.698825,,
3.648244,0.698936,,
3.6508130000000003,0.698992,,
3.653386,0.698881,,
3.655962,0.698936,,
3.6585430000000003,0.699104,,
3.6611260000000003,0.699104,,
3.663713,0.699216,,
3.6663040000000002,0.699216,,
3.668898,0.699104,,
3.671497,0.699104,,
3.674099,0.699104,,
3.676705,0.69916,,
3.6793139999999998,0.699328,,
3.681927,0.699495,,
3.684544,0.699607,,
3.687165,0.699663,,
3.689789,0.699607,,
3.692417,0.699663,,
3.695049,0.699663,,
3.697685,0.699663,,
3.700324,0.699831,,
3.702967,0.699999,,
3.705615,0.699943,,
3.708265,0.699999,,
3.71092,0.700055,,
3.713578,0.70011,,
3.71624,0.700055,,
3.718906,0.699999,,
3.721576,0.699943,,
3.724249,0.70011,,
3.7269259999999997,0.700055,,
3.729607,0.70011,,
3.7322919999999997,0.70011,,
3.7349810000000003,0.699999,,
3.737674,0.699943,,
3.740371,0.699999,,
3.743071,0.699943,,
3.7457759999999998,0.699943,,
3.748485,0.699831,,
3.7511970000000003,0.699775,,
3.753913,0.699831,,
3.756634,0.699775,,
3.759358,0.699607,,
3.7620859999999996,0.699495,,
3.764818,0.699384,,
3.767554,0.699328,,
3.770293,0.699272,,
3.773037,0.699104,,
3.775785,0.698936,,
3.7785369999999996,0.698881,,
3.7812930000000002,0.698825,,
3.7840529999999997,0.698713,,
3.786817,0.698433,,
3.789586,0.698322,,
3.792358,0.698098,,
3.795134,0.698042,,
3.797915,0.697707,,
3.8006990000000003,0.697539,,
3.8034879999999998,0.697259,,
3.80628,0.697036,,
3.8090770000000003,0.696756,,
3.811877,0.696533,,
3.814683,0.696141,,
3.817492,0.695918,,
3.820305,0.695638,,
3.823123,0.695303,,
3.825944,0.695023,,
3.82877,0.694744,,
3.8316,0.694408,,
3.8344340000000003,0.694129,,
3.8372710000000003,0.693738,,
3.8401129999999997,0.693458,,
3.84296,0.693123,,
3.8458110000000003,0.692675,,
3.848666,0.692284,,
3.851525,0.691781,,
3.8543890000000003,0.691446,,
3.857257,0.691222,,
3.8601300000000003,0.690943,,
3.863006,0.690551,,
3.8658870000000003,0.690048,,
3.868772,0.689713,,
3.871661,0.689265,,
3.8745540000000003,0.689042,,
3.8774520000000003,0.688818,,
3.880355,0.688483,,
3.883262,0.688092,,
3.886173,0.687868,,
3.889088,0.687533,,
3.8920079999999997,0.687197,,
3.894932,0.687029,,
3.897861,0.686694,,
3.900793,0.686303,,
3.903731,0.686079,,
3.906672,0.685744,,
3.909618,0.685352,,
3.912569,0.684961,,
3.915524,0.684793,,
3.918483,0.68457,,
3.921447,0.684346,,
3.9244160000000003,0.684011,,
3.9273890000000002,0.683731,,
3.9303670000000004,0.683452,,
3.933349,0.683172,,
3.936336,0.682893,,
3.939327,0.682725,,
3.9423220000000003,0.682501,,
3.9453229999999997,0.682278,,
3.9483270000000004,0.681998,,
3.951337,0.681942,,
3.954351,0.681663,,
3.95737,0.681272,,
3.960393,0.681048,,
3.963421,0.680992,,
3.966453,0.680824,,
3.96949,0.680489,,
3.972532,0.680154,,
3.975579,0.679986,,
3.9786289999999997,0.679762,,
3.981685,0.67965,,
3.9847449999999998,0.679483,,
3.98781,0.679427,,
3.99088,0.679203,,
3.993955,0.67898,,
3.997034,0.678868,,
