Wavelength (µm) raw,Mauna Iki HI basaltic glass JB388A <125 ¬µm raw,Wavelength (µm) bin avg,Mauna Iki HI basaltic glass JB388A <125 ¬µm bin avg,Wavelength (µm) cubic spline of bin avg,Mauna Iki HI basaltic glass JB388A <125 ¬µm cubic spline of bin avg
0.31,0.041271,0.44602,0.07078799999999999,0.44602,0.07078799999999999
0.315,0.041913,0.456,0.0733405,0.45600098039215686,0.07334078242198977
0.32,0.042772,0.46598,0.07646,0.46598196078431375,0.07646065330714158
0.325,0.043753,0.47596,0.0800025,0.47596294117647064,0.08000362298099534
0.33,0.044781,0.48595,0.084031,0.4859439215686275,0.08402848226897569
0.335,0.045862,0.49593,0.088092,0.4959249019607843,0.08809000218737456
0.34,0.04705,0.50591,0.091801,0.5059058823529412,0.09179954234481624
0.345,0.048394,0.51589,0.09519,0.5158868627450981,0.09518897781505424
0.35,0.049618,0.52587,0.09843450000000001,0.525867843137255,0.09843377363808437
0.355,0.050921,0.53585,0.101935,0.5358488235294118,0.10193458276879971
0.36,0.052199,0.54583,0.10526,0.5458298039215687,0.10525994188267256
0.365,0.053384,0.55581,0.10802,0.5558107843137255,0.10802022660913024
0.37,0.054326,0.56579,0.11125499999999999,0.5657917647058823,0.1112556176774652
0.375,0.055337,0.57577,0.11469,0.5757727450980392,0.11469086749420618
0.38,0.056322,0.58576,0.11743,0.5857537254901961,0.11742848582971684
0.385,0.057289,0.59574,0.11962,0.595734705882353,0.1196189418541353
0.39,0.058153,0.60572,0.12148,0.6057156862745099,0.12147923784918352
0.395,0.059223,0.6157,0.12315999999999999,0.6156966666666667,0.12315947480538879
0.4,0.060036,0.62568,0.124545,0.6256776470588236,0.12454473069177119
0.405,0.060829,0.63566,0.12547999999999998,0.6356586274509805,0.12547988738872254
0.41,0.061796,0.64564,0.126395,0.6456396078431372,0.12639495549729846
0.415,0.062861,0.65562,0.127665,0.6556205882352941,0.12766507107891362
0.42,0.06402,0.6656,0.12853,0.665601568627451,0.128530070509355
0.425,0.065476,0.67558,0.128645,0.6755825490196079,0.1286449845100564
0.43,0.066819,0.68556,0.12850499999999998,0.6855635294117648,0.12850490056170388
0.435,0.068055,0.69555,0.128025,0.6955445098039216,0.12802537033116018
0.44,0.069162,0.70553,0.12724000000000002,0.7055254901960785,0.127240370325408
0.445,0.070237,0.71551,0.126325,0.7155064705882352,0.12632540620166166
0.45,0.071339,0.72549,0.12489,0.7254874509803921,0.12489041773737297
0.455,0.072653,0.73547,0.12315,0.735468431372549,0.12315028826000189
0.46,0.074028,0.74545,0.121305,0.7454494117647059,0.12130510511959328
0.465,0.075634,0.75543,0.119365,0.7554303921568628,0.1193649061955598
0.47,0.077286,0.76541,0.11668500000000001,0.7654113725490197,0.11668465237020284
0.475,0.079021,0.77539,0.11455499999999999,0.7753923529411766,0.1145545445460639
0.48,0.080984,0.78537,0.11272499999999999,0.7853733333333334,0.11272445727493768
0.485,0.083038,0.79536,0.11109,0.7953543137254901,0.11109111568302314
0.49,0.085024,0.80534,0.108735,0.805335294117647,0.10873618200502831
0.495,0.087092,0.81532,0.10635,0.8153162745098039,0.10635083423696136
0.5,0.089092,0.8253,0.10426,0.8252972549019608,0.10426054446417016
0.505,0.090986,0.83528,0.10234,0.8352782352941177,0.10234033200744043
0.51,0.092616,0.84526,0.100443,0.8452592156862746,0.10044315412323108
0.515,0.094417,0.85524,0.0985045,0.8552401960784315,0.09850446494385483
0.52,0.095963,0.86522,0.096803,0.8652211764705883,0.09680278525105325
0.525,0.097617,0.8752,0.0949335,0.875202156862745,0.09493314515736437
0.53,0.099252,0.88518,0.09388085714285714,0.8851831372549019,0.09388073878205237
0.535,0.10113,0.89517,0.09358437500000001,0.8951641176470588,0.0935849039721523
0.54,0.10274,0.90515,0.09198353124999999,0.9051450980392157,0.09198437754897021
0.545,0.10458,0.91513,0.09099936666666665,0.9151260784313726,0.09099935339996632
0.55,0.10594,0.92511,0.09104172222222223,0.9251070588235295,0.09104208736056806
0.555,0.10725,0.93509,0.0886531724137931,0.9350880392156864,0.0886535877950056
0.56,0.10879,0.94507,0.08752541379310347,0.9450690196078432,0.08752549765121491
0.565,0.11053,0.95505,0.08655882758620687,0.95505,0.08655882758620687
0.57,0.11198,0.96503,0.08592759259259258,0.9650309803921568,0.08592750200303247
0.575,0.11383,0.97501,0.0848155,0.9750119607843137,0.08481534537462762
0.58,0.11555,0.98499,0.08442773076923077,0.9849929411764706,0.08442760436281165
0.585,0.11693,0.99497,0.08379711538461539,0.9949739215686275,0.08379689819940919
0.59,0.11793,1.00496,0.08340823076923075,1.0049549019607844,0.08340844397573921
0.595,0.11915,1.01494,0.08291924,1.0149358823529413,0.08291940914601571
0.6,0.12009,1.02492,0.08272539999999999,1.0249168627450982,0.08272539735767676
0.605,0.12109,1.0349,0.08282854166666669,1.0348978431372549,0.08282851920490841
0.61,0.12187,1.04488,0.08284433333333334,1.0448788235294117,0.0828443412674996
0.615,0.12281,1.05486,0.08282404347826086,1.0548598039215686,0.08282404049492019
0.62,0.12351,1.06484,0.08317886956521739,1.0648407843137255,0.08317890599233917
0.625,0.12432,1.07482,0.08356972727272728,1.0748217647058824,0.08356976813552132
0.63,0.12477,1.0848,0.08376404545454545,1.0848027450980393,0.08376414655882924
0.635,0.12527,1.09478,0.08432836363636365,1.0947837254901962,0.08432857822207959
0.64,0.12569,1.10477,0.08480542857142857,1.104764705882353,0.08480518679844054
0.645,0.12609,1.11475,0.08529185714285714,1.1147456862745098,0.08529164490964856
0.65,0.1267,1.12473,0.085761,1.1247266666666667,0.08576085072970391
0.655,0.12743,1.13471,0.08625939999999999,1.1347076470588235,0.08625925289432004
0.66,0.1279,1.14469,0.08694375,1.1446886274509804,0.08694366674086947
0.665,0.12836,1.15467,0.08746489473684212,1.1546696078431373,0.0874648722980378
0.67,0.1287,1.16465,0.08813589473684211,1.1646505882352942,0.08813593522144274
0.675,0.12868,1.17463,0.08881194736842106,1.174631568627451,0.08881206095384403
0.68,0.12861,1.18461,0.08956947368421053,1.184612549019608,0.08956965841780198
0.685,0.12861,1.19459,0.0902116111111111,1.1945935294117647,0.09021181733470142
0.69,0.1284,1.20458,0.09084688235294121,1.2045745098039216,0.09084645636739785
0.695,0.1282,1.21456,0.09167261111111111,1.2145554901960784,0.09167229460721456
0.7,0.12785,1.22454,0.09232923529411763,1.2245364705882353,0.09232892715164054
0.705,0.12745,1.23452,0.09337988235294119,1.2345174509803922,0.09337964336855252
0.71,0.12703,1.2445,0.09410582352941177,1.2444984313725491,0.0941057109992122
0.715,0.12657,1.25448,0.0949705,1.254479411764706,0.09497044268689128
0.72,0.12608,1.26446,0.09593911764705884,1.264460392156863,0.09593915279142824
0.725,0.12532,1.27444,0.09677437500000001,1.2744413725490196,0.09677449350727084
0.73,0.12446,1.28442,0.09772540000000002,1.2844223529411765,0.09772563996018692
0.735,0.12358,1.2944,0.0987848125,1.2944033333333334,0.09878517941179973
0.74,0.12272,1.30438,0.0999008666666667,1.3043843137254902,0.09990134840500138
0.745,0.12169,1.31437,0.10095800000000002,1.3143652941176471,0.10095754741469344
0.75,0.12092,1.32435,0.10188733333333334,1.324346274509804,0.10188695911780211
0.755,0.11989,1.33433,0.10299642857142856,1.334327254901961,0.1029961135131973
0.76,0.11884,1.34431,0.10410933333333335,1.3443082352941178,0.10410914203684057
0.765,0.11737,1.35429,0.10520571428571428,1.3542892156862745,0.10520562350958079
0.77,0.116,1.36427,0.10637461538461537,1.3642701960784314,0.10637463687164338
0.775,0.11499,1.37425,0.10741357142857143,1.3742511764705883,0.10741370038081817
0.78,0.11412,1.38423,0.10857214285714285,1.3842321568627451,0.10857238563888817
0.785,0.11305,1.39421,0.10964846153846154,1.394213137254902,0.1096488127408696
0.79,0.1124,1.40419,0.11081076923076923,1.404194117647059,0.1108112328634707
0.795,0.11164,1.41418,0.11185,1.4141750980392158,0.11184951403287645
0.8,0.11054,1.42416,0.11283692307692306,1.4241560784313727,0.11283653248341291
0.805,0.1093,1.43414,0.11386666666666667,1.4341370588235294,0.11386634706213762
0.81,0.10817,1.44412,0.11493,1.4441180392156863,0.1149298138966319
0.815,0.10692,1.4541,0.11578333333333334,1.4540990196078432,0.11578324720690845
0.82,0.10578,1.46408,0.11672416666666668,1.46408,0.11672416666666668
0.825,0.10469,1.47406,0.11758166666666665,1.474060980392157,0.11758174574069948
0.83,0.10383,1.48404,0.11834583333333333,1.4840419607843138,0.11834597417989089
0.835,0.10282,1.49402,0.11901454545454544,1.4940229411764707,0.11901472997493309
0.84,0.10186,1.504,0.11963000000000001,1.5040039215686276,0.11963024799528223
0.845,0.10092,1.51399,0.12024181818181817,1.5139849019607845,0.12024154772018762
0.85,0.099966,1.52397,0.1207018181818182,1.5239658823529412,0.12070162641498453
0.855,0.098926,1.53395,0.12119909090909092,1.533946862745098,0.12119893902310291
0.86,0.098083,1.54393,0.12166363636363636,1.543927843137255,0.1216635308928717
0.865,0.097249,1.55391,0.12215545454545454,1.5539088235294118,0.12215540340696093
0.87,0.096357,1.56389,0.122485,1.5638898039215687,0.12248499526738788
0.875,0.095334,1.57387,0.12271818181818182,1.5738707843137256,0.12271820467814112
0.88,0.094533,1.58385,0.12305200000000001,1.5838517647058825,0.12305205244831073
0.88527,0.094067,1.59383,0.123242,1.5938327450980394,0.1232420258626519
0.88557,0.093975,1.60381,0.123281,1.6038137254901963,0.12328100529061135
0.88587,0.093945,1.6138,0.12333000000000001,1.613794705882353,0.12332994002150374
0.88618,0.093928,1.62378,0.12344499999999999,1.6237756862745099,0.12344498902492257
0.88648,0.093923,1.63376,0.123394,1.6337566666666667,0.12339400748575306
0.88678,0.093979,1.64374,0.12340555555555555,1.6437376470588236,0.12340556831905726
0.88709,0.09415,1.65372,0.12328000000000001,1.6537186274509805,0.12328001415826682
0.88739,0.094293,1.6637,0.12326444444444445,1.6636996078431374,0.12326444277192766
0.88769,0.094224,1.67368,0.12334222222222224,1.6736805882352943,0.12334222925630066
0.888,0.093908,1.68366,0.123407,1.683661568627451,0.12340698549435594
0.8883,0.093728,1.69364,0.12323333333333333,1.6936425490196079,0.12323331368114517
0.88861,0.093658,1.70362,0.12325875,1.7036235294117648,0.12325873424996893
0.88891,0.093447,1.7136,0.12308444444444443,1.7136045098039216,0.12308435776854383
0.88922,0.093107,1.72359,0.12295000000000002,1.7235854901960785,0.12295005154735134
0.89289,0.093285,1.73357,0.12283444444444444,1.7335664705882354,0.12283448032280611
0.8932,0.093351,1.74355,0.12272625000000001,1.7435474509803923,0.12272628866533898
0.89351,0.09328,1.75353,0.12253222222222221,1.7535284313725492,0.12253225359693794
0.89382,0.093352,1.76351,0.12240375,1.763509411764706,0.12240375104146149
0.89412,0.093567,1.77349,0.12241874999999999,1.7734903921568628,0.12241874724258166
0.89443,0.093755,1.78347,0.1222675,1.7834713725490197,0.12226748481603154
0.89474,0.093893,1.79345,0.1222375,1.7934523529411766,0.12223749248012479
0.89505,0.093929,1.80343,0.12217125000000001,1.8034333333333334,0.12217123303333258
0.89536,0.093966,1.81341,0.12217499999999999,1.8134143137254903,0.12217502060475159
0.89567,0.093845,1.8234,0.12223749999999999,1.8233952941176472,0.12223747230376507
0.89598,0.09359,1.83338,0.12227500000000001,1.8333762745098041,0.12227499356576774
0.89629,0.093482,1.84336,0.12229999999999999,1.8433572549019608,0.12229998354033116
0.8966,0.093507,1.85334,0.1223775,1.8533382352941177,0.1223774910077604
0.89691,0.093581,1.86332,0.12243142857142857,1.8633192156862746,0.12243141827238106
0.89722,0.093548,1.8733,0.12262714285714285,1.8733001960784315,0.12262714627253113
0.89753,0.093516,1.88328,0.1227425,1.8832811764705883,0.1227425125902159
0.89784,0.093639,1.89326,0.12289714285714286,1.8932621568627452,0.12289718802221115
0.89815,0.093657,1.90324,0.12314571428571429,1.9032431372549021,0.12314579820731522
0.89846,0.093685,1.91322,0.12339857142857143,1.913224117647059,0.12339866526673021
0.89878,0.093742,1.92321,0.12360285714285714,1.923205098039216,0.12360276181684478
0.89909,0.093743,1.93319,0.12384285714285714,1.9331860784313726,0.12384272808772871
0.8994,0.093629,1.94317,0.12421,1.9431670588235295,0.12420990762162294
0.89971,0.093402,1.95315,0.1244342857142857,1.9531480392156864,0.12443424796507584
0.90002,0.093081,1.96313,0.12469000000000001,1.9631290196078433,0.12468996483087125
0.90034,0.092777,1.97311,0.12511857142857144,1.9731100000000001,0.12511857142857144
0.90065,0.092688,1.98309,0.1255042857142857,1.983090980392157,0.12550432209250867
0.90096,0.092562,1.99307,0.125885,1.993071960784314,0.12588507650566738
0.90128,0.092287,2.00305,0.1262757142857143,2.0030529411764704,0.12627582815448013
0.90159,0.092087,2.01303,0.12667000000000003,2.0130339215686273,0.126670165071412
0.9019,0.091911,2.02301,0.1271216666666667,2.023014901960784,0.12712189810309507
0.90222,0.091708,2.033,0.12761857142857144,2.032995882352941,0.12761834888298584
0.90253,0.091581,2.04298,0.12817333333333333,2.042976862745098,0.1281731683721714
0.90284,0.091538,2.05296,0.12867499999999998,2.052957843137255,0.12867488526211962
0.90316,0.091622,2.06294,0.12924333333333332,2.0629388235294117,0.12924326713190726
0.90347,0.09183,2.07292,0.12976666666666667,2.0729198039215686,0.12976665688716177
0.90379,0.092053,2.0829,0.13029500000000002,2.0829007843137255,0.1302950473417888
0.9041,0.092059,2.09288,0.13094666666666666,2.0928817647058824,0.13094677853667153
0.90442,0.091912,2.10286,0.13152666666666665,2.1028627450980393,0.1315268212236071
0.90474,0.091765,2.11284,0.13210666666666665,2.112843725490196,0.13210689054597313
0.90505,0.091731,2.12282,0.13270200000000001,2.122824705882353,0.1327022664896917
0.90537,0.091665,2.13281,0.13327166666666665,2.13280568627451,0.13327139313621292
0.90568,0.091571,2.14279,0.13396,2.142786666666667,0.1339597743014135
0.906,0.091693,2.15277,0.134582,2.1527676470588237,0.1345818596574496
0.90632,0.091956,2.16275,0.13516833333333333,2.16274862745098,0.13516825518369363
0.90663,0.09204,2.17273,0.1357,2.172729607843137,0.13569998091062876
0.90695,0.092028,2.18271,0.13618833333333333,2.182710588235294,0.13618836566626644
0.90727,0.091882,2.19269,0.13679,2.192691568627451,0.13679009272983067
0.90759,0.091824,2.20267,0.137344,2.2026725490196077,0.13734414265528516
0.9079,0.091955,2.21265,0.137935,2.2126535294117646,0.1379352160625164
0.90822,0.092055,2.22263,0.138538,2.2226345098039215,0.13853826194145435
0.90854,0.092032,2.23262,0.13914600000000002,2.2326154901960784,0.1391456830212291
0.90886,0.091998,2.2426,0.13997200000000004,2.2425964705882353,0.1399716765874308
0.90918,0.092158,2.25258,0.14091199999999998,2.252577450980392,0.14091176032358838
0.9095,0.092286,2.26256,0.141834,2.262558431372549,0.14183385571886628
0.90982,0.092177,2.27254,0.14276,2.272539411764706,0.14275994496035346
0.91014,0.092042,2.28252,0.14367200000000002,2.282520392156863,0.14367203382571156
0.91046,0.091945,2.2925,0.14447000000000002,2.2925013725490198,0.14447010354058012
0.91078,0.091949,2.30248,0.14519200000000002,2.3024823529411766,0.14519216213814004
0.9111,0.091885,2.31246,0.145852,2.3124633333333335,0.14585221451705085
0.91142,0.09173,2.32244,0.146472,2.32244431372549,0.14647225207780387
0.91174,0.091608,2.33242,0.14701,2.332425294117647,0.14701026462807165
0.91206,0.091531,2.34241,0.1475125,2.3424062745098038,0.14751229793621992
0.91238,0.091529,2.35239,0.148122,2.3523872549019607,0.14812181560518603
0.9127,0.091401,2.36237,0.14878600000000003,2.3623682352941175,0.14878589432697747
0.91302,0.091206,2.37235,0.149335,2.3723492156862744,0.14933495455844537
0.91334,0.09115,2.38233,0.14995799999999998,2.3823301960784313,0.14995801189608074
0.91366,0.091037,2.39231,0.1505225,2.392311176470588,0.15052256628806965
0.91399,0.090888,2.40229,0.151112,2.402292156862745,0.15111213123666825
0.91431,0.091008,2.41227,0.151715,2.412273137254902,0.1517151842758772
0.91463,0.091105,2.42225,0.152296,2.422254117647059,0.15229624752103724
0.91496,0.091024,2.43223,0.15291749999999998,2.432235098039216,0.15291781756249676
0.91528,0.090874,2.44222,0.15357,2.4422160784313727,0.1535697118146855
0.9156,0.09087,2.4522,0.154372,2.452197058823529,0.1543717624085584
0.91592,0.091008,2.46218,0.15508750000000002,2.462178039215686,0.15508738322437396
0.91625,0.090972,2.47216,0.15561750000000002,2.472159019607843,0.1556174456783694
0.91657,0.0909,2.48214,0.1562225,2.48214,0.1562225
0.9169,0.090845,2.49212,0.1568025,2.4921209803921567,0.15680255963848186
0.91722,0.090558,2.5021,0.157436,2.5021019607843136,0.1574361205155438
0.91755,0.090294,2.51208,0.1579875,2.5120829411764705,0.15798764565701828
0.91787,0.090083,2.52206,0.15845,2.5220639215686274,0.15845017743535664
0.9182,0.090193,2.53204,0.15892,2.5320449019607842,0.15892024414179234
0.91852,0.090467,2.54203,0.15944000000000003,2.542025882352941,0.15943978185945037
0.91885,0.090579,2.55201,0.15995499999999999,2.552006862745098,0.15995484547155323
0.91917,0.090505,2.56199,0.1604425,2.561987843137255,0.16044238923406487
0.9195,0.090375,2.57197,0.160965,2.571968823529412,0.16096494243753873
0.91983,0.090462,2.58195,0.16140749999999998,2.5819498039215687,0.16140749156565307
0.92015,0.090423,2.59193,0.16182333333333332,2.5919307843137256,0.16182336237444167
0.92048,0.090287,2.60191,0.16219250000000002,2.601911764705882,0.16219257914242727
0.92081,0.090641,2.61189,0.16271750000000001,2.611892745098039,0.1627176437852564
0.92113,0.091084,2.62187,0.1631625,2.621873725490196,0.1631626386302843
0.92146,0.091241,2.63185,0.16349333333333335,2.6318547058823527,0.16349348382997753
0.92179,0.091172,2.64183,0.16382,2.6418356862745096,0.16382018487119618
0.92212,0.091018,2.65182,0.164115,2.6518166666666665,0.1641149174713374
0.92244,0.090957,2.6618,0.16425499999999998,2.6617976470588234,0.1642550020410904
0.92277,0.091024,2.67178,0.16415333333333335,2.6717786274509803,0.16415334671146808
0.9231,0.090965,2.68176,0.1641675,2.681759607843137,0.16416749468590694
0.92343,0.091209,2.69174,0.16441333333333333,2.691740588235294,0.16441335315477118
0.92376,0.091537,2.70172,0.16472499999999998,2.701721568627451,0.16472503019015447
0.92409,0.091846,2.7117,0.16458666666666666,2.711702549019608,0.16458651728234144
0.92872,0.091607,2.72168,0.1634475,2.7216835294117647,0.16344690379125576
0.92906,0.091239,2.73166,0.16129666666666667,2.7316645098039216,0.1612955176803229
0.92939,0.090951,2.74164,0.15845499999999998,2.7416454901960785,0.15845328257957905
0.92972,0.09091,2.75163,0.15522333333333332,2.7516264705882354,0.15522445813254465
0.93006,0.09064,2.76161,0.152165,2.7616074509803923,0.15216577042233725
0.93039,0.090495,2.77159,0.14933333333333332,2.7715884313725487,0.14933371433838677
0.93072,0.090274,2.78157,0.14727,2.7815694117647056,0.14727011627945988
0.93106,0.090039,2.79155,0.145345,2.7915503921568625,0.1453449351723689
0.93139,0.089864,2.80153,0.14408999999999997,2.8015313725490194,0.1440898668854504
0.93173,0.089708,2.81151,0.14336000000000002,2.8115123529411763,0.14335989781448327
0.93206,0.089423,2.82149,0.14318333333333333,2.821493333333333,0.14318332730596153
0.9324,0.089189,2.83147,0.14325,2.83147431372549,0.14325007599838818
0.93273,0.088852,2.84145,0.14353,2.841455294117647,0.14353018832748046
0.93307,0.088469,2.85144,0.14393,2.851436274509804,0.14392983463252598
0.93341,0.088378,2.86142,0.14437999999999998,2.8614172549019607,0.14437988397198134
0.93374,0.088484,2.8714,0.14482333333333333,2.8713982352941176,0.14482323613054066
0.93408,0.088391,2.88138,0.14547333333333334,2.8813792156862745,0.14547328152747563
0.93442,0.088367,2.89136,0.1460875,2.8913601960784314,0.14608751190545263
0.93475,0.088438,2.90134,0.1466833333333333,2.9013411764705883,0.14668339780814185
0.93509,0.088437,2.91132,0.14715999999999999,2.911322156862745,0.1471600915755989
0.93543,0.088336,2.9213,0.14759666666666665,2.9213031372549016,0.14759682325881512
0.93576,0.088354,2.93128,0.14819666666666667,2.9312841176470585,0.14819695295475624
0.9361,0.088377,2.94126,0.14892666666666668,2.9412650980392154,0.14892703266427995
0.93644,0.088412,2.95125,0.1496333333333333,2.9512460784313723,0.149633039412294
0.93678,0.088507,2.96123,0.15042,2.961227058823529,0.1504197732723658
0.93712,0.088429,2.97121,0.15111333333333332,2.971208039215686,0.1511132125551605
0.93746,0.088169,2.98119,0.1517,2.981189019607843,0.15169993989954603
0.9378,0.088065,2.99117,0.15244333333333335,2.99117,0.15244333333333335
0.93814,0.087977,,,,
0.93847,0.087926,,,,
0.93881,0.087965,,,,
0.93915,0.088005,,,,
0.9395,0.087853,,,,
0.93984,0.087759,,,,
0.94018,0.087704,,,,
0.94052,0.087645,,,,
0.94086,0.087629,,,,
0.9412,0.087682,,,,
0.94154,0.087708,,,,
0.94188,0.087831,,,,
0.94223,0.08792,,,,
0.94257,0.087906,,,,
0.94291,0.087953,,,,
0.94326,0.08809,,,,
0.9436,0.088079,,,,
0.94394,0.087865,,,,
0.94429,0.087691,,,,
0.94463,0.087656,,,,
0.94498,0.087627,,,,
0.94532,0.087552,,,,
0.94566,0.087407,,,,
0.94601,0.087317,,,,
0.94636,0.087276,,,,
0.9467,0.087236,,,,
0.94705,0.0872,,,,
0.94739,0.087149,,,,
0.94774,0.087152,,,,
0.94809,0.087159,,,,
0.94843,0.087095,,,,
0.94878,0.0871,,,,
0.94913,0.087142,,,,
0.94948,0.087216,,,,
0.94982,0.08725,,,,
0.95017,0.087174,,,,
0.95052,0.087059,,,,
0.95087,0.086996,,,,
0.95122,0.08708,,,,
0.95157,0.087168,,,,
0.95192,0.087152,,,,
0.95227,0.087102,,,,
0.95262,0.087008,,,,
0.95297,0.086905,,,,
0.95332,0.086789,,,,
0.95367,0.086696,,,,
0.95402,0.086709,,,,
0.95437,0.086739,,,,
0.95472,0.086649,,,,
0.95507,0.086398,,,,
0.95542,0.086291,,,,
0.95578,0.086286,,,,
0.95613,0.086296,,,,
0.95648,0.086318,,,,
0.95684,0.086343,,,,
0.95719,0.086355,,,,
0.95754,0.086268,,,,
0.9579,0.086163,,,,
0.95825,0.086066,,,,
0.9586,0.086025,,,,
0.95896,0.086045,,,,
0.95931,0.086022,,,,
0.95967,0.086044,,,,
0.96003,0.08606,,,,
0.96038,0.086006,,,,
0.96074,0.085994,,,,
0.96109,0.086027,,,,
0.96145,0.086113,,,,
0.96181,0.086276,,,,
0.96216,0.086344,,,,
0.96252,0.086276,,,,
0.96288,0.086328,,,,
0.96324,0.086396,,,,
0.96359,0.086321,,,,
0.96395,0.086191,,,,
0.96431,0.086155,,,,
0.96467,0.08615,,,,
0.96503,0.08612,,,,
0.96539,0.086034,,,,
0.96575,0.085884,,,,
0.96611,0.085804,,,,
0.96647,0.085782,,,,
0.96683,0.085666,,,,
0.96719,0.085547,,,,
0.96755,0.085557,,,,
0.96791,0.085643,,,,
0.96827,0.085656,,,,
0.96864,0.085616,,,,
0.969,0.085487,,,,
0.96936,0.085373,,,,
0.96972,0.085299,,,,
0.97009,0.08524,,,,
0.97045,0.085241,,,,
0.97081,0.085269,,,,
0.97118,0.085229,,,,
0.97154,0.085219,,,,
0.9719,0.085183,,,,
0.97227,0.085007,,,,
0.97263,0.084808,,,,
0.973,0.084739,,,,
0.97336,0.084701,,,,
0.97373,0.084647,,,,
0.9741,0.084637,,,,
0.97446,0.084628,,,,
0.97483,0.084605,,,,
0.97519,0.084644,,,,
0.97556,0.084585,,,,
0.97593,0.084478,,,,
0.9763,0.084565,,,,
0.97666,0.084714,,,,
0.97703,0.084762,,,,
0.9774,0.084778,,,,
0.97777,0.084791,,,,
0.97814,0.084763,,,,
0.97851,0.084756,,,,
0.97888,0.084751,,,,
0.97925,0.084718,,,,
0.97962,0.084695,,,,
0.97999,0.084681,,,,
0.98036,0.084633,,,,
0.98073,0.084567,,,,
0.9811,0.084528,,,,
0.98147,0.08446,,,,
0.98184,0.084348,,,,
0.98222,0.084255,,,,
0.98259,0.084233,,,,
0.98296,0.084277,,,,
0.98333,0.084335,,,,
0.98371,0.084404,,,,
0.98408,0.084469,,,,
0.98445,0.084552,,,,
0.98483,0.084641,,,,
0.9852,0.084693,,,,
0.98558,0.084713,,,,
0.98595,0.084736,,,,
0.98633,0.084766,,,,
0.9867,0.084732,,,,
0.98708,0.08463,,,,
0.98745,0.084492,,,,
0.98783,0.084357,,,,
0.98821,0.084281,,,,
0.98858,0.084204,,,,
0.98896,0.084084,,,,
0.98934,0.083927,,,,
0.98972,0.083804,,,,
0.99009,0.08373,,,,
0.99047,0.083713,,,,
0.99085,0.083724,,,,
0.99123,0.083727,,,,
0.99161,0.083801,,,,
0.99199,0.083906,,,,
0.99237,0.083937,,,,
0.99275,0.083887,,,,
0.99313,0.083841,,,,
0.99351,0.083864,,,,
0.99389,0.083966,,,,
0.99427,0.084103,,,,
0.99465,0.084211,,,,
0.99504,0.084208,,,,
0.99542,0.084104,,,,
0.9958,0.083857,,,,
0.99618,0.083668,,,,
0.99657,0.083656,,,,
0.99695,0.083652,,,,
0.99733,0.083624,,,,
0.99772,0.083616,,,,
0.9981,0.083622,,,,
0.99849,0.08363,,,,
0.99887,0.083576,,,,
0.99926,0.083529,,,,
0.99964,0.083573,,,,
1.0,0.083725,,,,
1.0004,0.083801,,,,
1.0008,0.083774,,,,
1.0012,0.083812,,,,
1.0016,0.08384,,,,
1.002,0.083804,,,,
1.0023,0.083737,,,,
1.0027,0.083635,,,,
1.0031,0.083531,,,,
1.0035,0.083493,,,,
1.0039,0.083446,,,,
1.0043,0.083359,,,,
1.0047,0.083241,,,,
1.0051,0.083108,,,,
1.0055,0.083025,,,,
1.0058,0.083033,,,,
1.0062,0.083081,,,,
1.0066,0.083135,,,,
1.007,0.083132,,,,
1.0074,0.083113,,,,
1.0078,0.083089,,,,
1.0082,0.083126,,,,
1.0086,0.08323,,,,
1.009,0.083353,,,,
1.0094,0.083462,,,,
1.0098,0.083529,,,,
1.0102,0.083499,,,,
1.0106,0.083418,,,,
1.0109,0.083305,,,,
1.0113,0.083229,,,,
1.0117,0.083209,,,,
1.0121,0.083186,,,,
1.0125,0.083144,,,,
1.0129,0.083049,,,,
1.0133,0.082954,,,,
1.0137,0.082882,,,,
1.0141,0.08279,,,,
1.0145,0.082771,,,,
1.0149,0.08278,,,,
1.0153,0.082792,,,,
1.0157,0.082835,,,,
1.0161,0.082815,,,,
1.0165,0.082721,,,,
1.0169,0.082635,,,,
1.0173,0.082635,,,,
1.0177,0.082668,,,,
1.0181,0.082712,,,,
1.0185,0.082733,,,,
1.0189,0.082716,,,,
1.0193,0.082723,,,,
1.0197,0.08278,,,,
1.0201,0.082866,,,,
1.0205,0.082977,,,,
1.0209,0.083082,,,,
1.0213,0.083139,,,,
1.0217,0.083144,,,,
1.0221,0.083109,,,,
1.0225,0.083068,,,,
1.0229,0.083062,,,,
1.0233,0.083034,,,,
1.0237,0.082953,,,,
1.0241,0.082871,,,,
1.0245,0.082779,,,,
1.0249,0.082668,,,,
1.0253,0.082597,,,,
1.0257,0.082554,,,,
1.0262,0.082467,,,,
1.0266,0.082393,,,,
1.027,0.082339,,,,
1.0274,0.082319,,,,
1.0278,0.082358,,,,
1.0282,0.082412,,,,
1.0286,0.082433,,,,
1.029,0.082445,,,,
1.0294,0.082496,,,,
1.0298,0.08257,,,,
1.0302,0.082578,,,,
1.0306,0.082597,,,,
1.0311,0.08264,,,,
1.0315,0.082672,,,,
1.0319,0.082681,,,,
1.0323,0.082694,,,,
1.0327,0.08275,,,,
1.0331,0.082788,,,,
1.0335,0.082809,,,,
1.0339,0.082823,,,,
1.0343,0.082763,,,,
1.0348,0.082744,,,,
1.0352,0.082813,,,,
1.0356,0.082896,,,,
1.036,0.082974,,,,
1.0364,0.083042,,,,
1.0368,0.083056,,,,
1.0372,0.082997,,,,
1.0377,0.082961,,,,
1.0381,0.082925,,,,
1.0385,0.08289,,,,
1.0389,0.082923,,,,
1.0393,0.082954,,,,
1.0397,0.082915,,,,
1.0402,0.08285,,,,
1.0406,0.082764,,,,
1.041,0.082672,,,,
1.0414,0.082672,,,,
1.0418,0.082766,,,,
1.0422,0.082799,,,,
1.0427,0.082794,,,,
1.0431,0.082822,,,,
1.0435,0.082873,,,,
1.0439,0.082908,,,,
1.0443,0.082926,,,,
1.0448,0.082932,,,,
1.0452,0.082937,,,,
1.0456,0.082993,,,,
1.046,0.082969,,,,
1.0465,0.082856,,,,
1.0469,0.082832,,,,
1.0473,0.082881,,,,
1.0477,0.08289,,,,
1.0481,0.082836,,,,
1.0486,0.082817,,,,
1.049,0.082813,,,,
1.0494,0.082827,,,,
1.0498,0.082835,,,,
1.0503,0.082803,,,,
1.0507,0.082822,,,,
1.0511,0.082842,,,,
1.0515,0.082806,,,,
1.052,0.08274,,,,
1.0524,0.082701,,,,
1.0528,0.082766,,,,
1.0533,0.082816,,,,
1.0537,0.082797,,,,
1.0541,0.082763,,,,
1.0545,0.08278,,,,
1.055,0.082784,,,,
1.0554,0.082738,,,,
1.0558,0.08276,,,,
1.0563,0.082838,,,,
1.0567,0.082918,,,,
1.0571,0.082928,,,,
1.0576,0.082842,,,,
1.058,0.082808,,,,
1.0584,0.082862,,,,
1.0589,0.082922,,,,
1.0593,0.08295,,,,
1.0597,0.082967,,,,
1.0602,0.083006,,,,
1.0606,0.083033,,,,
1.061,0.08302,,,,
1.0615,0.082955,,,,
1.0619,0.082945,,,,
1.0623,0.08299,,,,
1.0628,0.082996,,,,
1.0632,0.08303,,,,
1.0636,0.08307,,,,
1.0641,0.083068,,,,
1.0645,0.083109,,,,
1.0649,0.083156,,,,
1.0654,0.083176,,,,
1.0658,0.083192,,,,
1.0663,0.083246,,,,
1.0667,0.08329,,,,
1.0671,0.083319,,,,
1.0676,0.083378,,,,
1.068,0.083401,,,,
1.0685,0.083387,,,,
1.0689,0.083427,,,,
1.0693,0.08346,,,,
1.0698,0.08346,,,,
1.0702,0.083462,,,,
1.0707,0.083497,,,,
1.0711,0.083526,,,,
1.0715,0.083558,,,,
1.072,0.083587,,,,
1.0724,0.083572,,,,
1.0729,0.083548,,,,
1.0733,0.083549,,,,
1.0738,0.083546,,,,
1.0742,0.083568,,,,
1.0747,0.083633,,,,
1.0751,0.083682,,,,
1.0755,0.08366,,,,
1.076,0.083617,,,,
1.0764,0.083587,,,,
1.0769,0.08356,,,,
1.0773,0.083566,,,,
1.0778,0.083605,,,,
1.0782,0.083622,,,,
1.0787,0.0836,,,,
1.0791,0.08352,,,,
1.0796,0.083469,,,,
1.08,0.083481,,,,
1.0805,0.083512,,,,
1.0809,0.083581,,,,
1.0814,0.083681,,,,
1.0818,0.083753,,,,
1.0823,0.08379,,,,
1.0827,0.083792,,,,
1.0832,0.083808,,,,
1.0836,0.08388,,,,
1.0841,0.083957,,,,
1.0845,0.083952,,,,
1.085,0.083905,,,,
1.0855,0.083861,,,,
1.0859,0.083832,,,,
1.0864,0.083793,,,,
1.0868,0.083774,,,,
1.0873,0.083741,,,,
1.0877,0.083728,,,,
1.0882,0.083734,,,,
1.0886,0.083743,,,,
1.0891,0.083738,,,,
1.0896,0.083773,,,,
1.09,0.083848,,,,
1.0905,0.083956,,,,
1.0909,0.084053,,,,
1.0914,0.084145,,,,
1.0919,0.084203,,,,
1.0923,0.084209,,,,
1.0928,0.084192,,,,
1.0932,0.084214,,,,
1.0937,0.084265,,,,
1.0942,0.08435,,,,
1.0946,0.084394,,,,
1.0951,0.084412,,,,
1.0955,0.084406,,,,
1.096,0.084393,,,,
1.0965,0.084355,,,,
1.0969,0.084356,,,,
1.0974,0.084456,,,,
1.0979,0.084546,,,,
1.0983,0.084607,,,,
1.0988,0.084631,,,,
1.0993,0.084614,,,,
1.0997,0.084619,,,,
1.1002,0.084646,,,,
1.1007,0.084693,,,,
1.1011,0.084747,,,,
1.1016,0.084776,,,,
1.1021,0.084788,,,,
1.1025,0.084822,,,,
1.103,0.084843,,,,
1.1035,0.084793,,,,
1.1039,0.08477,,,,
1.1044,0.084807,,,,
1.1049,0.084857,,,,
1.1054,0.084872,,,,
1.1058,0.08485,,,,
1.1063,0.084811,,,,
1.1068,0.084829,,,,
1.1072,0.084849,,,,
1.1077,0.084776,,,,
1.1082,0.08475,,,,
1.1087,0.084829,,,,
1.1091,0.084878,,,,
1.1096,0.084928,,,,
1.1101,0.084987,,,,
1.1106,0.085016,,,,
1.111,0.08507,,,,
1.1115,0.085124,,,,
1.112,0.085143,,,,
1.1125,0.085188,,,,
1.113,0.085287,,,,
1.1134,0.085337,,,,
1.1139,0.085354,,,,
1.1144,0.0854,,,,
1.1149,0.085426,,,,
1.1153,0.085386,,,,
1.1158,0.085377,,,,
1.1163,0.085409,,,,
1.1168,0.085411,,,,
1.1173,0.085397,,,,
1.1178,0.085377,,,,
1.1182,0.085367,,,,
1.1187,0.085361,,,,
1.1192,0.08535,,,,
1.1197,0.085362,,,,
1.1202,0.085382,,,,
1.1207,0.085455,,,,
1.1211,0.085554,,,,
1.1216,0.085571,,,,
1.1221,0.085615,,,,
1.1226,0.085713,,,,
1.1231,0.085779,,,,
1.1236,0.085786,,,,
1.1241,0.085798,,,,
1.1245,0.085819,,,,
1.125,0.085842,,,,
1.1255,0.085873,,,,
1.126,0.085893,,,,
1.1265,0.085867,,,,
1.127,0.085882,,,,
1.1275,0.085916,,,,
1.128,0.085887,,,,
1.1285,0.08585,,,,
1.1289,0.085845,,,,
1.1294,0.085893,,,,
1.1299,0.085982,,,,
1.1304,0.08603,,,,
1.1309,0.086026,,,,
1.1314,0.08601,,,,
1.1319,0.086029,,,,
1.1324,0.086061,,,,
1.1329,0.086077,,,,
1.1334,0.086135,,,,
1.1339,0.086231,,,,
1.1344,0.086326,,,,
1.1349,0.086365,,,,
1.1354,0.086357,,,,
1.1359,0.086333,,,,
1.1364,0.086361,,,,
1.1369,0.0864,,,,
1.1374,0.086434,,,,
1.1379,0.086484,,,,
1.1384,0.086507,,,,
1.1389,0.086515,,,,
1.1394,0.086525,,,,
1.1399,0.086536,,,,
1.1404,0.086602,,,,
1.1409,0.086662,,,,
1.1414,0.086702,,,,
1.1419,0.086736,,,,
1.1424,0.086804,,,,
1.1429,0.086883,,,,
1.1434,0.086922,,,,
1.1439,0.086973,,,,
1.1444,0.087015,,,,
1.1449,0.087058,,,,
1.1454,0.087102,,,,
1.1459,0.087126,,,,
1.1464,0.087146,,,,
1.1469,0.087162,,,,
1.1474,0.087129,,,,
1.1479,0.087076,,,,
1.1485,0.087061,,,,
1.149,0.087079,,,,
1.1495,0.087101,,,,
1.15,0.087126,,,,
1.1505,0.087132,,,,
1.151,0.087186,,,,
1.1515,0.087224,,,,
1.152,0.087238,,,,
1.1525,0.087302,,,,
1.1531,0.087395,,,,
1.1536,0.087449,,,,
1.1541,0.087466,,,,
1.1546,0.087467,,,,
1.1551,0.087508,,,,
1.1556,0.087565,,,,
1.1561,0.087606,,,,
1.1567,0.087595,,,,
1.1572,0.087594,,,,
1.1577,0.087662,,,,
1.1582,0.087727,,,,
1.1587,0.087771,,,,
1.1592,0.08782,,,,
1.1598,0.087848,,,,
1.1603,0.087855,,,,
1.1608,0.087831,,,,
1.1613,0.087828,,,,
1.1618,0.087878,,,,
1.1624,0.087938,,,,
1.1629,0.087985,,,,
1.1634,0.088009,,,,
1.1639,0.088033,,,,
1.1645,0.088079,,,,
1.165,0.08813,,,,
1.1655,0.088205,,,,
1.166,0.088285,,,,
1.1665,0.088359,,,,
1.1671,0.088441,,,,
1.1676,0.088475,,,,
1.1681,0.088458,,,,
1.1687,0.088469,,,,
1.1692,0.088476,,,,
1.1697,0.088451,,,,
1.1702,0.088439,,,,
1.1708,0.088472,,,,
1.1713,0.088519,,,,
1.1718,0.088544,,,,
1.1724,0.088587,,,,
1.1729,0.08864,,,,
1.1734,0.08869,,,,
1.1739,0.088769,,,,
1.1745,0.08883,,,,
1.175,0.088896,,,,
1.1755,0.088963,,,,
1.1761,0.089011,,,,
1.1766,0.089037,,,,
1.1771,0.089049,,,,
1.1777,0.089077,,,,
1.1782,0.089116,,,,
1.1787,0.089141,,,,
1.1793,0.089196,,,,
1.1798,0.089244,,,,
1.1804,0.089272,,,,
1.1809,0.089317,,,,
1.1814,0.089358,,,,
1.182,0.089382,,,,
1.1825,0.089418,,,,
1.1831,0.089454,,,,
1.1836,0.089527,,,,
1.1841,0.089578,,,,
1.1847,0.089591,,,,
1.1852,0.089582,,,,
1.1858,0.08961,,,,
1.1863,0.089678,,,,
1.1868,0.089703,,,,
1.1874,0.089725,,,,
1.1879,0.089798,,,,
1.1885,0.089845,,,,
1.189,0.089864,,,,
1.1896,0.089874,,,,
1.1901,0.089878,,,,
1.1907,0.0899,,,,
1.1912,0.089931,,,,
1.1918,0.089973,,,,
1.1923,0.09,,,,
1.1929,0.090027,,,,
1.1934,0.090085,,,,
1.194,0.090118,,,,
1.1945,0.090143,,,,
1.1951,0.090194,,,,
1.1956,0.090234,,,,
1.1962,0.090265,,,,
1.1967,0.090324,,,,
1.1973,0.090437,,,,
1.1978,0.090531,,,,
1.1984,0.090572,,,,
1.1989,0.090601,,,,
1.1995,0.090596,,,,
1.2,0.090589,,,,
1.2006,0.090616,,,,
1.2011,0.090654,,,,
1.2017,0.090696,,,,
1.2023,0.090741,,,,
1.2028,0.090752,,,,
1.2034,0.090744,,,,
1.2039,0.090734,,,,
1.2045,0.090748,,,,
1.2051,0.09079,,,,
1.2056,0.090859,,,,
1.2062,0.090946,,,,
1.2067,0.091007,,,,
1.2073,0.091053,,,,
1.2079,0.091081,,,,
1.2084,0.091147,,,,
1.209,0.09124,,,,
1.2096,0.091299,,,,
1.2101,0.091341,,,,
1.2107,0.091383,,,,
1.2112,0.091424,,,,
1.2118,0.091477,,,,
1.2124,0.091528,,,,
1.2129,0.091572,,,,
1.2135,0.091605,,,,
1.2141,0.09166,,,,
1.2147,0.091721,,,,
1.2152,0.091741,,,,
1.2158,0.091768,,,,
1.2164,0.091803,,,,
1.2169,0.091856,,,,
1.2175,0.091938,,,,
1.2181,0.091996,,,,
1.2186,0.091994,,,,
1.2192,0.092001,,,,
1.2198,0.092028,,,,
1.2204,0.092052,,,,
1.2209,0.092041,,,,
1.2215,0.092061,,,,
1.2221,0.092111,,,,
1.2227,0.09216,,,,
1.2233,0.092192,,,,
1.2238,0.092206,,,,
1.2244,0.092225,,,,
1.225,0.092294,,,,
1.2256,0.092378,,,,
1.2261,0.092458,,,,
1.2267,0.092539,,,,
1.2273,0.092634,,,,
1.2279,0.092698,,,,
1.2285,0.092726,,,,
1.2291,0.092794,,,,
1.2296,0.092883,,,,
1.2302,0.092967,,,,
1.2308,0.093075,,,,
1.2314,0.093179,,,,
1.232,0.093237,,,,
1.2326,0.093268,,,,
1.2331,0.093297,,,,
1.2337,0.093325,,,,
1.2343,0.093404,,,,
1.2349,0.093507,,,,
1.2355,0.093569,,,,
1.2361,0.093614,,,,
1.2367,0.093641,,,,
1.2373,0.093616,,,,
1.2379,0.093587,,,,
1.2384,0.093613,,,,
1.239,0.093676,,,,
1.2396,0.093763,,,,
1.2402,0.09384,,,,
1.2408,0.093872,,,,
1.2414,0.093876,,,,
1.242,0.093895,,,,
1.2426,0.093931,,,,
1.2432,0.093962,,,,
1.2438,0.094027,,,,
1.2444,0.094095,,,,
1.245,0.094154,,,,
1.2456,0.094217,,,,
1.2462,0.094249,,,,
1.2468,0.094278,,,,
1.2474,0.094319,,,,
1.248,0.09437,,,,
1.2486,0.09444,,,,
1.2492,0.094511,,,,
1.2498,0.094572,,,,
1.2504,0.094638,,,,
1.251,0.094697,,,,
1.2516,0.094747,,,,
1.2522,0.094763,,,,
1.2528,0.094795,,,,
1.2534,0.094845,,,,
1.254,0.094896,,,,
1.2546,0.09496,,,,
1.2552,0.095021,,,,
1.2558,0.095092,,,,
1.2565,0.095176,,,,
1.2571,0.095239,,,,
1.2577,0.095307,,,,
1.2583,0.095362,,,,
1.2589,0.095418,,,,
1.2595,0.095497,,,,
1.2601,0.095587,,,,
1.2607,0.095668,,,,
1.2613,0.095707,,,,
1.262,0.095723,,,,
1.2626,0.095767,,,,
1.2632,0.095828,,,,
1.2638,0.095878,,,,
1.2644,0.09593,,,,
1.265,0.096006,,,,
1.2657,0.096081,,,,
1.2663,0.096128,,,,
1.2669,0.096142,,,,
1.2675,0.096158,,,,
1.2681,0.096221,,,,
1.2688,0.096306,,,,
1.2694,0.096338,,,,
1.27,0.096365,,,,
1.2706,0.096419,,,,
1.2712,0.096478,,,,
1.2719,0.096519,,,,
1.2725,0.09656,,,,
1.2731,0.096595,,,,
1.2737,0.096657,,,,
1.2744,0.096744,,,,
1.275,0.096779,,,,
1.2756,0.096797,,,,
1.2763,0.096861,,,,
1.2769,0.096955,,,,
1.2775,0.097048,,,,
1.2781,0.097118,,,,
1.2788,0.097198,,,,
1.2794,0.097297,,,,
1.28,0.097402,,,,
1.2807,0.097473,,,,
1.2813,0.0975,,,,
1.2819,0.097546,,,,
1.2826,0.09761,,,,
1.2832,0.097649,,,,
1.2838,0.097671,,,,
1.2845,0.097706,,,,
1.2851,0.097749,,,,
1.2857,0.097786,,,,
1.2864,0.097822,,,,
1.287,0.097868,,,,
1.2877,0.097931,,,,
1.2883,0.098025,,,,
1.2889,0.098143,,,,
1.2896,0.098236,,,,
1.2902,0.09832,,,,
1.2909,0.098386,,,,
1.2915,0.098438,,,,
1.2922,0.09852,,,,
1.2928,0.098616,,,,
1.2934,0.0987,,,,
1.2941,0.098768,,,,
1.2947,0.098846,,,,
1.2954,0.098912,,,,
1.296,0.098961,,,,
1.2967,0.099039,,,,
1.2973,0.099109,,,,
1.298,0.099165,,,,
1.2986,0.09924,,,,
1.2993,0.099301,,,,
1.2999,0.099364,,,,
1.3006,0.099449,,,,
1.3012,0.099538,,,,
1.3019,0.099605,,,,
1.3025,0.099696,,,,
1.3032,0.099787,,,,
1.3039,0.09984,,,,
1.3045,0.099889,,,,
1.3052,0.099965,,,,
1.3058,0.10004,,,,
1.3065,0.10012,,,,
1.3071,0.1002,,,,
1.3078,0.10027,,,,
1.3085,0.10034,,,,
1.3091,0.10041,,,,
1.3098,0.10046,,,,
1.3104,0.10055,,,,
1.3111,0.10065,,,,
1.3118,0.10075,,,,
1.3124,0.10085,,,,
1.3131,0.10093,,,,
1.3138,0.10099,,,,
1.3144,0.10102,,,,
1.3151,0.10105,,,,
1.3158,0.1011,,,,
1.3164,0.10113,,,,
1.3171,0.10116,,,,
1.3178,0.10119,,,,
1.3184,0.10125,,,,
1.3191,0.10129,,,,
1.3198,0.10133,,,,
1.3205,0.10138,,,,
1.3211,0.10144,,,,
1.3218,0.10151,,,,
1.3225,0.1016,,,,
1.3232,0.1017,,,,
1.3238,0.10181,,,,
1.3245,0.10191,,,,
1.3252,0.10199,,,,
1.3259,0.10207,,,,
1.3265,0.10217,,,,
1.3272,0.10226,,,,
1.3279,0.10231,,,,
1.3286,0.10237,,,,
1.3293,0.10246,,,,
1.3299,0.10254,,,,
1.3306,0.10262,,,,
1.3313,0.10269,,,,
1.332,0.10277,,,,
1.3327,0.10284,,,,
1.3334,0.10289,,,,
1.3341,0.10293,,,,
1.3347,0.10298,,,,
1.3354,0.10309,,,,
1.3361,0.10318,,,,
1.3368,0.10326,,,,
1.3375,0.10333,,,,
1.3382,0.10339,,,,
1.3389,0.10344,,,,
1.3396,0.1035,,,,
1.3403,0.10358,,,,
1.341,0.10366,,,,
1.3416,0.10377,,,,
1.3423,0.10389,,,,
1.343,0.10397,,,,
1.3437,0.10406,,,,
1.3444,0.10416,,,,
1.3451,0.10423,,,,
1.3458,0.10429,,,,
1.3465,0.10437,,,,
1.3472,0.10443,,,,
1.3479,0.1045,,,,
1.3486,0.10458,,,,
1.3493,0.10465,,,,
1.35,0.10469,,,,
1.3507,0.10476,,,,
1.3514,0.10482,,,,
1.3521,0.10489,,,,
1.3529,0.10496,,,,
1.3536,0.10503,,,,
1.3543,0.10512,,,,
1.355,0.10525,,,,
1.3557,0.10533,,,,
1.3564,0.10541,,,,
1.3571,0.10551,,,,
1.3578,0.10563,,,,
1.3585,0.1057,,,,
1.3592,0.10578,,,,
1.36,0.10587,,,,
1.3607,0.10597,,,,
1.3614,0.10608,,,,
1.3621,0.10616,,,,
1.3628,0.10622,,,,
1.3635,0.10631,,,,
1.3642,0.10641,,,,
1.365,0.10647,,,,
1.3657,0.10653,,,,
1.3664,0.10661,,,,
1.3671,0.10668,,,,
1.3678,0.10676,,,,
1.3686,0.1068,,,,
1.3693,0.10686,,,,
1.37,0.10693,,,,
1.3707,0.107,,,,
1.3715,0.10707,,,,
1.3722,0.10716,,,,
1.3729,0.10725,,,,
1.3736,0.10734,,,,
1.3744,0.10745,,,,
1.3751,0.10754,,,,
1.3758,0.10763,,,,
1.3766,0.10773,,,,
1.3773,0.10783,,,,
1.378,0.10794,,,,
1.3788,0.10806,,,,
1.3795,0.10815,,,,
1.3802,0.10823,,,,
1.381,0.10829,,,,
1.3817,0.10835,,,,
1.3824,0.10839,,,,
1.3832,0.10846,,,,
1.3839,0.10853,,,,
1.3847,0.1086,,,,
1.3854,0.10868,,,,
1.3861,0.10872,,,,
1.3869,0.10879,,,,
1.3876,0.10886,,,,
1.3884,0.10893,,,,
1.3891,0.10903,,,,
1.3898,0.10911,,,,
1.3906,0.10919,,,,
1.3913,0.10928,,,,
1.3921,0.10937,,,,
1.3928,0.10945,,,,
1.3936,0.10953,,,,
1.3943,0.10963,,,,
1.3951,0.10973,,,,
1.3958,0.10985,,,,
1.3966,0.10994,,,,
1.3973,0.11001,,,,
1.3981,0.11011,,,,
1.3988,0.11023,,,,
1.3996,0.11032,,,,
1.4004,0.11039,,,,
1.4011,0.11047,,,,
1.4019,0.11055,,,,
1.4026,0.11062,,,,
1.4034,0.11071,,,,
1.4042,0.1108,,,,
1.4049,0.11088,,,,
1.4057,0.11098,,,,
1.4064,0.11108,,,,
1.4072,0.11116,,,,
1.408,0.11125,,,,
1.4087,0.11133,,,,
1.4095,0.11143,,,,
1.4103,0.11152,,,,
1.411,0.11161,,,,
1.4118,0.11168,,,,
1.4126,0.11172,,,,
1.4133,0.11177,,,,
1.4141,0.11182,,,,
1.4149,0.11187,,,,
1.4157,0.11196,,,,
1.4164,0.11206,,,,
1.4172,0.11215,,,,
1.418,0.11221,,,,
1.4188,0.11225,,,,
1.4195,0.11232,,,,
1.4203,0.1124,,,,
1.4211,0.11249,,,,
1.4219,0.11259,,,,
1.4226,0.11269,,,,
1.4234,0.11277,,,,
1.4242,0.11283,,,,
1.425,0.11291,,,,
1.4258,0.11298,,,,
1.4266,0.11307,,,,
1.4273,0.11319,,,,
1.4281,0.11328,,,,
1.4289,0.11336,,,,
1.4297,0.11344,,,,
1.4305,0.11351,,,,
1.4313,0.11358,,,,
1.4321,0.11367,,,,
1.4329,0.11376,,,,
1.4337,0.11383,,,,
1.4345,0.1139,,,,
1.4353,0.11397,,,,
1.436,0.11407,,,,
1.4368,0.11415,,,,
1.4376,0.11422,,,,
1.4384,0.1143,,,,
1.4392,0.1144,,,,
1.44,0.11449,,,,
1.4408,0.11457,,,,
1.4416,0.11466,,,,
1.4424,0.11477,,,,
1.4432,0.1149,,,,
1.444,0.115,,,,
1.4449,0.11504,,,,
1.4457,0.1151,,,,
1.4465,0.11518,,,,
1.4473,0.11526,,,,
1.4481,0.11533,,,,
1.4489,0.11539,,,,
1.4497,0.11546,,,,
1.4505,0.11552,,,,
1.4513,0.11556,,,,
1.4521,0.11558,,,,
1.453,0.11564,,,,
1.4538,0.11572,,,,
1.4546,0.11577,,,,
1.4554,0.11585,,,,
1.4562,0.11592,,,,
1.457,0.11603,,,,
1.4579,0.11614,,,,
1.4587,0.11621,,,,
1.4595,0.11628,,,,
1.4603,0.11635,,,,
1.4611,0.11643,,,,
1.462,0.11652,,,,
1.4628,0.11661,,,,
1.4636,0.11672,,,,
1.4644,0.11681,,,,
1.4653,0.11687,,,,
1.4661,0.11693,,,,
1.4669,0.11699,,,,
1.4678,0.11705,,,,
1.4686,0.11713,,,,
1.4694,0.11722,,,,
1.4703,0.11729,,,,
1.4711,0.11737,,,,
1.4719,0.11745,,,,
1.4728,0.11751,,,,
1.4736,0.11756,,,,
1.4744,0.11761,,,,
1.4753,0.11767,,,,
1.4761,0.11773,,,,
1.477,0.1178,,,,
1.4778,0.11786,,,,
1.4786,0.11791,,,,
1.4795,0.11799,,,,
1.4803,0.11806,,,,
1.4812,0.11812,,,,
1.482,0.11818,,,,
1.4829,0.11825,,,,
1.4837,0.11832,,,,
1.4846,0.1184,,,,
1.4854,0.11846,,,,
1.4863,0.11852,,,,
1.4871,0.11856,,,,
1.488,0.11862,,,,
1.4888,0.11867,,,,
1.4897,0.11871,,,,
1.4906,0.11877,,,,
1.4914,0.11883,,,,
1.4923,0.1189,,,,
1.4931,0.11898,,,,
1.494,0.11903,,,,
1.4948,0.11907,,,,
1.4957,0.11913,,,,
1.4966,0.1192,,,,
1.4974,0.11924,,,,
1.4983,0.1193,,,,
1.4992,0.11937,,,,
1.5,0.11942,,,,
1.5009,0.11946,,,,
1.5018,0.1195,,,,
1.5026,0.11955,,,,
1.5035,0.11959,,,,
1.5044,0.11965,,,,
1.5053,0.11969,,,,
1.5061,0.11974,,,,
1.507,0.11982,,,,
1.5079,0.11987,,,,
1.5088,0.1199,,,,
1.5096,0.11997,,,,
1.5105,0.12003,,,,
1.5114,0.12009,,,,
1.5123,0.12014,,,,
1.5132,0.1202,,,,
1.5141,0.12024,,,,
1.5149,0.12029,,,,
1.5158,0.12035,,,,
1.5167,0.12039,,,,
1.5176,0.12045,,,,
1.5185,0.12051,,,,
1.5194,0.12054,,,,
1.5203,0.12059,,,,
1.5212,0.12064,,,,
1.5221,0.12066,,,,
1.523,0.12069,,,,
1.5238,0.1207,,,,
1.5247,0.12072,,,,
1.5256,0.12075,,,,
1.5265,0.12078,,,,
1.5274,0.12081,,,,
1.5283,0.12084,,,,
1.5292,0.12089,,,,
1.5301,0.12094,,,,
1.531,0.121,,,,
1.532,0.12106,,,,
1.5329,0.12113,,,,
1.5338,0.12122,,,,
1.5347,0.12129,,,,
1.5356,0.12134,,,,
1.5365,0.1214,,,,
1.5374,0.12144,,,,
1.5383,0.12148,,,,
1.5392,0.12153,,,,
1.5401,0.12154,,,,
1.5411,0.12154,,,,
1.542,0.12156,,,,
1.5429,0.1216,,,,
1.5438,0.12165,,,,
1.5447,0.1217,,,,
1.5457,0.12174,,,,
1.5466,0.12177,,,,
1.5475,0.12181,,,,
1.5484,0.12186,,,,
1.5494,0.12191,,,,
1.5503,0.12196,,,,
1.5512,0.12203,,,,
1.5521,0.12209,,,,
1.5531,0.12214,,,,
1.554,0.12218,,,,
1.5549,0.1222,,,,
1.5559,0.12224,,,,
1.5568,0.12229,,,,
1.5577,0.12232,,,,
1.5587,0.12235,,,,
1.5596,0.12238,,,,
1.5605,0.12241,,,,
1.5615,0.12244,,,,
1.5624,0.12246,,,,
1.5634,0.12249,,,,
1.5643,0.1225,,,,
1.5653,0.12252,,,,
1.5662,0.12254,,,,
1.5672,0.12255,,,,
1.5681,0.12256,,,,
1.569,0.12258,,,,
1.57,0.1226,,,,
1.5709,0.12263,,,,
1.5719,0.12265,,,,
1.5729,0.12267,,,,
1.5738,0.12271,,,,
1.5748,0.12275,,,,
1.5757,0.12278,,,,
1.5767,0.12281,,,,
1.5776,0.12284,,,,
1.5786,0.12288,,,,
1.5796,0.12294,,,,
1.5805,0.12298,,,,
1.5815,0.123,,,,
1.5825,0.12302,,,,
1.5834,0.12304,,,,
1.5844,0.12305,,,,
1.5854,0.12307,,,,
1.5863,0.12311,,,,
1.5873,0.12314,,,,
1.5883,0.12317,,,,
1.5893,0.12322,,,,
1.5902,0.12324,,,,
1.5912,0.12324,,,,
1.5922,0.12325,,,,
1.5932,0.12325,,,,
1.5941,0.12325,,,,
1.5951,0.12324,,,,
1.5961,0.12324,,,,
1.5971,0.12324,,,,
1.5981,0.12325,,,,
1.5991,0.12327,,,,
1.6,0.12329,,,,
1.601,0.12329,,,,
1.602,0.12328,,,,
1.603,0.12327,,,,
1.604,0.12327,,,,
1.605,0.12328,,,,
1.606,0.12329,,,,
1.607,0.12328,,,,
1.608,0.12329,,,,
1.609,0.12331,,,,
1.61,0.1233,,,,
1.611,0.12328,,,,
1.612,0.12328,,,,
1.613,0.1233,,,,
1.614,0.12332,,,,
1.615,0.12335,,,,
1.616,0.12336,,,,
1.617,0.12339,,,,
1.618,0.12341,,,,
1.619,0.12344,,,,
1.62,0.12344,,,,
1.6211,0.12343,,,,
1.6221,0.12343,,,,
1.6231,0.12343,,,,
1.6241,0.12344,,,,
1.6251,0.12347,,,,
1.6261,0.12347,,,,
1.6272,0.12346,,,,
1.6282,0.12344,,,,
1.6292,0.12342,,,,
1.6302,0.1234,,,,
1.6313,0.1234,,,,
1.6323,0.12341,,,,
1.6333,0.12341,,,,
1.6343,0.12342,,,,
1.6354,0.1234,,,,
1.6364,0.12336,,,,
1.6374,0.12335,,,,
1.6385,0.12337,,,,
1.6395,0.1234,,,,
1.6405,0.12342,,,,
1.6416,0.12341,,,,
1.6426,0.1234,,,,
1.6437,0.1234,,,,
1.6447,0.12341,,,,
1.6458,0.12342,,,,
1.6468,0.1234,,,,
1.6478,0.12339,,,,
1.6489,0.12338,,,,
1.6499,0.12336,,,,
1.651,0.12332,,,,
1.6521,0.12328,,,,
1.6531,0.12326,,,,
1.6542,0.12326,,,,
1.6552,0.12325,,,,
1.6563,0.12323,,,,
1.6573,0.12322,,,,
1.6584,0.12324,,,,
1.6595,0.12325,,,,
1.6605,0.12324,,,,
1.6616,0.12323,,,,
1.6626,0.12324,,,,
1.6637,0.12326,,,,
1.6648,0.12327,,,,
1.6659,0.12329,,,,
1.6669,0.1233,,,,
1.668,0.1233,,,,
1.6691,0.1233,,,,
1.6701,0.1233,,,,
1.6712,0.1233,,,,
1.6723,0.12331,,,,
1.6734,0.12333,,,,
1.6745,0.12335,,,,
1.6755,0.12338,,,,
1.6766,0.12341,,,,
1.6777,0.1234,,,,
1.6788,0.12339,,,,
1.6799,0.12339,,,,
1.681,0.1234,,,,
1.6821,0.1234,,,,
1.6832,0.12342,,,,
1.6843,0.12343,,,,
1.6853,0.12343,,,,
1.6864,0.12344,,,,
1.6875,0.12341,,,,
1.6886,0.12336,,,,
1.6897,0.12333,,,,
1.6908,0.12331,,,,
1.692,0.12327,,,,
1.6931,0.12323,,,,
1.6942,0.12322,,,,
1.6953,0.1232,,,,
1.6964,0.12319,,,,
1.6975,0.12318,,,,
1.6986,0.12317,,,,
1.6997,0.12318,,,,
1.7008,0.12321,,,,
1.7019,0.12324,,,,
1.7031,0.12327,,,,
1.7042,0.1233,,,,
1.7053,0.1233,,,,
1.7064,0.12329,,,,
1.7076,0.12328,,,,
1.7087,0.12325,,,,
1.7098,0.1232,,,,
1.7109,0.12316,,,,
1.7121,0.12311,,,,
1.7132,0.12308,,,,
1.7143,0.12305,,,,
1.7155,0.12301,,,,
1.7166,0.12296,,,,
1.7177,0.12294,,,,
1.7189,0.12293,,,,
1.72,0.12292,,,,
1.7212,0.12293,,,,
1.7223,0.12296,,,,
1.7234,0.12299,,,,
1.7246,0.12299,,,,
1.7257,0.12298,,,,
1.7269,0.12294,,,,
1.728,0.12291,,,,
1.7292,0.1229,,,,
1.7304,0.1229,,,,
1.7315,0.1229,,,,
1.7327,0.12288,,,,
1.7338,0.12285,,,,
1.735,0.1228,,,,
1.7361,0.12277,,,,
1.7373,0.12276,,,,
1.7385,0.12275,,,,
1.7396,0.12277,,,,
1.7408,0.12279,,,,
1.742,0.12277,,,,
1.7432,0.12273,,,,
1.7443,0.12271,,,,
1.7455,0.12269,,,,
1.7467,0.12268,,,,
1.7479,0.12267,,,,
1.749,0.12265,,,,
1.7502,0.12263,,,,
1.7514,0.1226,,,,
1.7526,0.12255,,,,
1.7538,0.12252,,,,
1.755,0.12249,,,,
1.7561,0.12247,,,,
1.7573,0.12245,,,,
1.7585,0.12243,,,,
1.7597,0.12242,,,,
1.7609,0.12242,,,,
1.7621,0.12241,,,,
1.7633,0.12238,,,,
1.7645,0.12237,,,,
1.7657,0.12239,,,,
1.7669,0.12241,,,,
1.7681,0.12243,,,,
1.7693,0.12244,,,,
1.7705,0.12244,,,,
1.7717,0.12243,,,,
1.773,0.12243,,,,
1.7742,0.12242,,,,
1.7754,0.12241,,,,
1.7766,0.1224,,,,
1.7778,0.12238,,,,
1.779,0.12234,,,,
1.7803,0.12231,,,,
1.7815,0.12228,,,,
1.7827,0.12227,,,,
1.7839,0.12225,,,,
1.7852,0.12224,,,,
1.7864,0.12223,,,,
1.7876,0.12222,,,,
1.7889,0.12222,,,,
1.7901,0.12223,,,,
1.7913,0.12224,,,,
1.7926,0.12224,,,,
1.7938,0.12225,,,,
1.7951,0.12225,,,,
1.7963,0.12224,,,,
1.7976,0.12223,,,,
1.7988,0.12221,,,,
1.8,0.1222,,,,
1.8013,0.12219,,,,
1.8026,0.12218,,,,
1.8038,0.12216,,,,
1.8051,0.12215,,,,
1.8063,0.12214,,,,
1.8076,0.12214,,,,
1.8088,0.12216,,,,
1.8101,0.12217,,,,
1.8114,0.12217,,,,
1.8126,0.12217,,,,
1.8139,0.12218,,,,
1.8152,0.12218,,,,
1.8164,0.12218,,,,
1.8177,0.12219,,,,
1.819,0.1222,,,,
1.8203,0.12223,,,,
1.8216,0.12224,,,,
1.8228,0.12223,,,,
1.8241,0.12225,,,,
1.8254,0.12225,,,,
1.8267,0.12225,,,,
1.828,0.12225,,,,
1.8293,0.12226,,,,
1.8306,0.12227,,,,
1.8318,0.12227,,,,
1.8331,0.12226,,,,
1.8344,0.12227,,,,
1.8357,0.12229,,,,
1.837,0.12229,,,,
1.8383,0.12229,,,,
1.8397,0.12228,,,,
1.841,0.12228,,,,
1.8423,0.12229,,,,
1.8436,0.12228,,,,
1.8449,0.1223,,,,
1.8462,0.12233,,,,
1.8475,0.12234,,,,
1.8488,0.12234,,,,
1.8502,0.12236,,,,
1.8515,0.12238,,,,
1.8528,0.12238,,,,
1.8541,0.12239,,,,
1.8555,0.12239,,,,
1.8568,0.12239,,,,
1.8581,0.12239,,,,
1.8594,0.12238,,,,
1.8608,0.12238,,,,
1.8621,0.12243,,,,
1.8635,0.12246,,,,
1.8648,0.12244,,,,
1.8661,0.12245,,,,
1.8675,0.12248,,,,
1.8688,0.12252,,,,
1.8702,0.12256,,,,
1.8715,0.1226,,,,
1.8729,0.12264,,,,
1.8742,0.12268,,,,
1.8756,0.1227,,,,
1.8769,0.12269,,,,
1.8783,0.12269,,,,
1.8797,0.1227,,,,
1.881,0.12272,,,,
1.8824,0.12272,,,,
1.8838,0.12273,,,,
1.8851,0.12277,,,,
1.8865,0.12279,,,,
1.8879,0.12282,,,,
1.8893,0.12284,,,,
1.8906,0.12285,,,,
1.892,0.12286,,,,
1.8934,0.12289,,,,
1.8948,0.12291,,,,
1.8962,0.12294,,,,
1.8976,0.12299,,,,
1.899,0.12304,,,,
1.9003,0.12307,,,,
1.9017,0.12311,,,,
1.9031,0.12315,,,,
1.9045,0.12317,,,,
1.9059,0.12322,,,,
1.9073,0.12326,,,,
1.9087,0.12328,,,,
1.9101,0.12332,,,,
1.9116,0.12338,,,,
1.913,0.12343,,,,
1.9144,0.12344,,,,
1.9158,0.12346,,,,
1.9172,0.12348,,,,
1.9186,0.1235,,,,
1.92,0.12353,,,,
1.9215,0.12356,,,,
1.9229,0.1236,,,,
1.9243,0.12365,,,,
1.9258,0.12368,,,,
1.9272,0.1237,,,,
1.9286,0.1237,,,,
1.9301,0.12374,,,,
1.9315,0.12379,,,,
1.9329,0.12383,,,,
1.9344,0.12389,,,,
1.9358,0.12395,,,,
1.9373,0.124,,,,
1.9387,0.12406,,,,
1.9402,0.12412,,,,
1.9416,0.12417,,,,
1.9431,0.12421,,,,
1.9445,0.12426,,,,
1.946,0.1243,,,,
1.9475,0.12435,,,,
1.9489,0.12437,,,,
1.9504,0.12438,,,,
1.9519,0.1244,,,,
1.9533,0.12443,,,,
1.9548,0.12446,,,,
1.9563,0.12448,,,,
1.9578,0.12452,,,,
1.9592,0.12456,,,,
1.9607,0.12461,,,,
1.9622,0.12466,,,,
1.9637,0.1247,,,,
1.9652,0.12476,,,,
1.9667,0.12485,,,,
1.9682,0.12493,,,,
1.9697,0.12499,,,,
1.9712,0.12505,,,,
1.9727,0.12512,,,,
1.9742,0.12519,,,,
1.9757,0.12525,,,,
1.9772,0.1253,,,,
1.9787,0.12535,,,,
1.9802,0.1254,,,,
1.9817,0.12545,,,,
1.9832,0.12549,,,,
1.9847,0.12554,,,,
1.9863,0.12561,,,,
1.9878,0.12569,,,,
1.9893,0.12573,,,,
1.9908,0.12578,,,,
1.9924,0.12583,,,,
1.9939,0.12592,,,,
1.9954,0.126,,,,
1.997,0.12605,,,,
1.9985,0.12611,,,,
2.0001,0.12617,,,,
2.0016,0.12621,,,,
2.0031,0.12625,,,,
2.0047,0.12632,,,,
2.0062,0.1264,,,,
2.0078,0.12647,,,,
2.0094,0.12651,,,,
2.0109,0.12654,,,,
2.0125,0.12661,,,,
2.014,0.1267,,,,
2.0156,0.12679,,,,
2.0172,0.12687,,,,
2.0187,0.12696,,,,
2.0203,0.12704,,,,
2.0219,0.12709,,,,
2.0235,0.12715,,,,
2.0251,0.12721,,,,
2.0266,0.12728,,,,
2.0282,0.12736,,,,
2.0298,0.12744,,,,
2.0314,0.12752,,,,
2.033,0.12762,,,,
2.0346,0.12773,,,,
2.0362,0.1278,,,,
2.0378,0.12786,,,,
2.0394,0.12794,,,,
2.041,0.12803,,,,
2.0426,0.12812,,,,
2.0442,0.12823,,,,
2.0458,0.12832,,,,
2.0474,0.1284,,,,
2.0491,0.12846,,,,
2.0507,0.12854,,,,
2.0523,0.12862,,,,
2.0539,0.12871,,,,
2.0556,0.12881,,,,
2.0572,0.12891,,,,
2.0588,0.12899,,,,
2.0605,0.12909,,,,
2.0621,0.1292,,,,
2.0637,0.1293,,,,
2.0654,0.12939,,,,
2.067,0.12949,,,,
2.0687,0.12957,,,,
2.0703,0.12964,,,,
2.072,0.12972,,,,
2.0737,0.1298,,,,
2.0753,0.12989,,,,
2.077,0.12998,,,,
2.0786,0.13007,,,,
2.0803,0.13015,,,,
2.082,0.13024,,,,
2.0837,0.13033,,,,
2.0853,0.13043,,,,
2.087,0.13055,,,,
2.0887,0.13066,,,,
2.0904,0.13078,,,,
2.0921,0.1309,,,,
2.0938,0.13101,,,,
2.0954,0.13112,,,,
2.0971,0.13121,,,,
2.0988,0.13129,,,,
2.1005,0.13139,,,,
2.1022,0.13149,,,,
2.104,0.13157,,,,
2.1057,0.13166,,,,
2.1074,0.13176,,,,
2.1091,0.13187,,,,
2.1108,0.13197,,,,
2.1125,0.13205,,,,
2.1142,0.13213,,,,
2.116,0.13225,,,,
2.1177,0.13237,,,,
2.1194,0.13248,,,,
2.1212,0.1326,,,,
2.1229,0.13272,,,,
2.1246,0.13282,,,,
2.1264,0.13289,,,,
2.1281,0.13298,,,,
2.1299,0.13308,,,,
2.1316,0.13321,,,,
2.1334,0.13334,,,,
2.1351,0.13346,,,,
2.1369,0.13356,,,,
2.1387,0.13366,,,,
2.1404,0.13378,,,,
2.1422,0.13389,,,,
2.144,0.13402,,,,
2.1458,0.13415,,,,
2.1475,0.13426,,,,
2.1493,0.13436,,,,
2.1511,0.13447,,,,
2.1529,0.13458,,,,
2.1547,0.13469,,,,
2.1565,0.13481,,,,
2.1583,0.13492,,,,
2.1601,0.13502,,,,
2.1619,0.13512,,,,
2.1637,0.13521,,,,
2.1655,0.13531,,,,
2.1673,0.13543,,,,
2.1691,0.13554,,,,
2.1709,0.13562,,,,
2.1727,0.1357,,,,
2.1746,0.13578,,,,
2.1764,0.13586,,,,
2.1782,0.13594,,,,
2.18,0.13603,,,,
2.1819,0.13612,,,,
2.1837,0.13624,,,,
2.1856,0.13635,,,,
2.1874,0.13645,,,,
2.1892,0.13656,,,,
2.1911,0.13668,,,,
2.193,0.1368,,,,
2.1948,0.1369,,,,
2.1967,0.13701,,,,
2.1985,0.13714,,,,
2.2004,0.13724,,,,
2.2023,0.13734,,,,
2.2041,0.13744,,,,
2.206,0.13756,,,,
2.2079,0.13767,,,,
2.2098,0.13776,,,,
2.2117,0.13787,,,,
2.2136,0.13799,,,,
2.2154,0.13811,,,,
2.2173,0.13821,,,,
2.2192,0.1383,,,,
2.2211,0.13842,,,,
2.223,0.13855,,,,
2.225,0.13866,,,,
2.2269,0.13876,,,,
2.2288,0.13887,,,,
2.2307,0.13899,,,,
2.2326,0.13914,,,,
2.2345,0.13929,,,,
2.2365,0.13944,,,,
2.2384,0.13962,,,,
2.2403,0.1398,,,,
2.2423,0.13997,,,,
2.2442,0.14014,,,,
2.2462,0.14033,,,,
2.2481,0.14053,,,,
2.2501,0.14075,,,,
2.252,0.14093,,,,
2.254,0.14109,,,,
2.2559,0.14126,,,,
2.2579,0.14144,,,,
2.2599,0.14162,,,,
2.2618,0.14183,,,,
2.2638,0.14204,,,,
2.2658,0.14224,,,,
2.2678,0.14242,,,,
2.2698,0.1426,,,,
2.2718,0.14275,,,,
2.2737,0.14291,,,,
2.2757,0.14312,,,,
2.2777,0.14333,,,,
2.2797,0.14352,,,,
2.2817,0.14369,,,,
2.2838,0.14383,,,,
2.2858,0.14399,,,,
2.2878,0.14415,,,,
2.2898,0.14432,,,,
2.2918,0.14446,,,,
2.2939,0.14462,,,,
2.2959,0.1448,,,,
2.2979,0.14495,,,,
2.3,0.14506,,,,
2.302,0.14518,,,,
2.3041,0.14531,,,,
2.3061,0.14546,,,,
2.3082,0.14559,,,,
2.3102,0.1457,,,,
2.3123,0.14584,,,,
2.3143,0.146,,,,
2.3164,0.14613,,,,
2.3185,0.14624,,,,
2.3206,0.14636,,,,
2.3226,0.14647,,,,
2.3247,0.14659,,,,
2.3268,0.1467,,,,
2.3289,0.14681,,,,
2.331,0.14691,,,,
2.3331,0.14701,,,,
2.3352,0.14711,,,,
2.3373,0.14721,,,,
2.3394,0.14733,,,,
2.3415,0.14745,,,,
2.3436,0.14757,,,,
2.3458,0.1477,,,,
2.3479,0.14785,,,,
2.35,0.148,,,,
2.3521,0.14813,,,,
2.3543,0.14825,,,,
2.3564,0.14838,,,,
2.3586,0.14852,,,,
2.3607,0.14866,,,,
2.3629,0.14878,,,,
2.365,0.14892,,,,
2.3672,0.14905,,,,
2.3693,0.14916,,,,
2.3715,0.14927,,,,
2.3737,0.14938,,,,
2.3759,0.14953,,,,
2.378,0.14969,,,,
2.3802,0.14984,,,,
2.3824,0.14997,,,,
2.3846,0.15008,,,,
2.3868,0.15021,,,,
2.389,0.15032,,,,
2.3912,0.15044,,,,
2.3934,0.15059,,,,
2.3956,0.15074,,,,
2.3978,0.15087,,,,
2.4001,0.15099,,,,
2.4023,0.1511,,,,
2.4045,0.15123,,,,
2.4067,0.15137,,,,
2.409,0.1515,,,,
2.4112,0.15164,,,,
2.4135,0.15178,,,,
2.4157,0.15194,,,,
2.418,0.15206,,,,
2.4202,0.15217,,,,
2.4225,0.15228,,,,
2.4248,0.15241,,,,
2.427,0.15256,,,,
2.4293,0.1527,,,,
2.4316,0.15284,,,,
2.4339,0.15299,,,,
2.4362,0.15314,,,,
2.4384,0.15331,,,,
2.4407,0.15348,,,,
2.443,0.15365,,,,
2.4453,0.15384,,,,
2.4477,0.15404,,,,
2.45,0.15422,,,,
2.4523,0.15437,,,,
2.4546,0.15453,,,,
2.4569,0.1547,,,,
2.4593,0.15486,,,,
2.4616,0.15503,,,,
2.4639,0.15517,,,,
2.4663,0.15529,,,,
2.4686,0.15541,,,,
2.471,0.15555,,,,
2.4733,0.15568,,,,
2.4757,0.15583,,,,
2.4781,0.15601,,,,
2.4804,0.15616,,,,
2.4828,0.15629,,,,
2.4852,0.15643,,,,
2.4876,0.15657,,,,
2.49,0.15672,,,,
2.4924,0.15688,,,,
2.4948,0.15704,,,,
2.4972,0.15719,,,,
2.4996,0.15732,,,,
2.502,0.15744,,,,
2.5044,0.15755,,,,
2.5068,0.15768,,,,
2.5093,0.15781,,,,
2.5117,0.15792,,,,
2.5141,0.15805,,,,
2.5166,0.15817,,,,
2.519,0.15828,,,,
2.5215,0.15839,,,,
2.5239,0.15851,,,,
2.5264,0.15862,,,,
2.5288,0.15874,,,,
2.5313,0.15886,,,,
2.5338,0.15897,,,,
2.5363,0.15911,,,,
2.5388,0.15926,,,,
2.5412,0.15938,,,,
2.5437,0.15949,,,,
2.5462,0.15963,,,,
2.5487,0.15976,,,,
2.5512,0.15989,,,,
2.5538,0.16002,,,,
2.5563,0.16015,,,,
2.5588,0.16026,,,,
2.5613,0.16039,,,,
2.5639,0.1605,,,,
2.5664,0.16062,,,,
2.5689,0.16076,,,,
2.5715,0.16091,,,,
2.574,0.16104,,,,
2.5766,0.16115,,,,
2.5792,0.16125,,,,
2.5817,0.16135,,,,
2.5843,0.16146,,,,
2.5869,0.16157,,,,
2.5895,0.1617,,,,
2.5921,0.16183,,,,
2.5947,0.16194,,,,
2.5973,0.16203,,,,
2.5999,0.16214,,,,
2.6025,0.16224,,,,
2.6051,0.16236,,,,
2.6077,0.16251,,,,
2.6103,0.16265,,,,
2.613,0.1628,,,,
2.6156,0.16291,,,,
2.6182,0.16302,,,,
2.6209,0.16312,,,,
2.6236,0.16321,,,,
2.6262,0.1633,,,,
2.6289,0.16339,,,,
2.6315,0.16349,,,,
2.6342,0.1636,,,,
2.6369,0.16369,,,,
2.6396,0.16377,,,,
2.6423,0.16386,,,,
2.645,0.16396,,,,
2.6477,0.16403,,,,
2.6504,0.16408,,,,
2.6531,0.16414,,,,
2.6558,0.16421,,,,
2.6585,0.16426,,,,
2.6613,0.16427,,,,
2.664,0.16426,,,,
2.6667,0.16423,,,,
2.6695,0.16419,,,,
2.6722,0.16416,,,,
2.675,0.16411,,,,
2.6778,0.1641,,,,
2.6805,0.16414,,,,
2.6833,0.16418,,,,
2.6861,0.16425,,,,
2.6889,0.16433,,,,
2.6917,0.16441,,,,
2.6945,0.1645,,,,
2.6973,0.16462,,,,
2.7001,0.16472,,,,
2.7029,0.16477,,,,
2.7057,0.16479,,,,
2.7085,0.16475,,,,
2.7114,0.16461,,,,
2.7142,0.1644,,,,
2.7171,0.16413,,,,
2.7199,0.16377,,,,
2.7228,0.16325,,,,
2.7256,0.16264,,,,
2.7285,0.16199,,,,
2.7314,0.16132,,,,
2.7342,0.16058,,,,
2.7371,0.1598,,,,
2.74,0.15893,,,,
2.7429,0.15801,,,,
2.7458,0.15708,,,,
2.7487,0.15613,,,,
2.7517,0.15519,,,,
2.7546,0.15435,,,,
2.7575,0.1535,,,,
2.7605,0.1526,,,,
2.7634,0.1517,,,,
2.7663,0.15086,,,,
2.7693,0.15005,,,,
2.7723,0.14931,,,,
2.7752,0.14864,,,,
2.7782,0.14795,,,,
2.7812,0.14725,,,,
2.7842,0.14661,,,,
2.7872,0.14601,,,,
2.7902,0.1455,,,,
2.7932,0.14512,,,,
2.7962,0.14475,,,,
2.7992,0.14439,,,,
2.8022,0.14409,,,,
2.8053,0.14379,,,,
2.8083,0.14351,,,,
2.8114,0.14333,,,,
2.8144,0.14324,,,,
2.8175,0.1432,,,,
2.8205,0.14318,,,,
2.8236,0.14317,,,,
2.8267,0.14317,,,,
2.8298,0.14321,,,,
2.8329,0.14328,,,,
2.836,0.14334,,,,
2.8391,0.14341,,,,
2.8422,0.14353,,,,
2.8453,0.14365,,,,
2.8484,0.14379,,,,
2.8516,0.14392,,,,
2.8547,0.14408,,,,
2.8578,0.14425,,,,
2.861,0.14439,,,,
2.8642,0.1445,,,,
2.8673,0.14463,,,,
2.8705,0.14482,,,,
2.8737,0.14502,,,,
2.8769,0.14526,,,,
2.8801,0.14548,,,,
2.8833,0.14568,,,,
2.8865,0.14585,,,,
2.8897,0.14602,,,,
2.8929,0.14616,,,,
2.8962,0.14632,,,,
2.8994,0.1465,,,,
2.9027,0.14669,,,,
2.9059,0.14686,,,,
2.9092,0.14701,,,,
2.9124,0.14715,,,,
2.9157,0.14732,,,,
2.919,0.14744,,,,
2.9223,0.14758,,,,
2.9256,0.14777,,,,
2.9289,0.14797,,,,
2.9322,0.14819,,,,
2.9355,0.14843,,,,
2.9389,0.14867,,,,
2.9422,0.14892,,,,
2.9455,0.14919,,,,
2.9489,0.1494,,,,
2.9522,0.14961,,,,
2.9556,0.14989,,,,
2.959,0.15018,,,,
2.9624,0.15042,,,,
2.9658,0.15066,,,,
2.9691,0.15089,,,,
2.9726,0.15112,,,,
2.976,0.15133,,,,
2.9794,0.15155,,,,
2.9828,0.15185,,,,
2.9863,0.15217,,,,
2.9897,0.15246,,,,
2.9931,0.1527,,,,
2.9966,0.15293,,,,
3.0001,0.15318,,,,
3.0036,0.15343,,,,
3.007,0.15368,,,,
3.0105,0.15392,,,,
3.014,0.1542,,,,
3.0175,0.15445,,,,
3.0211,0.15465,,,,
3.0246,0.15486,,,,
3.0281,0.15507,,,,
3.0317,0.15534,,,,
3.0352,0.15562,,,,
3.0388,0.15583,,,,
3.0423,0.15603,,,,
3.0459,0.15626,,,,
3.0495,0.15652,,,,
3.0531,0.15673,,,,
3.0567,0.15689,,,,
3.0603,0.15704,,,,
3.0639,0.15718,,,,
3.0675,0.15737,,,,
3.0712,0.15755,,,,
3.0748,0.15773,,,,
3.0785,0.1579,,,,
3.0821,0.15807,,,,
3.0858,0.15827,,,,
3.0895,0.15844,,,,
3.0932,0.1586,,,,
3.0969,0.15877,,,,
3.1006,0.15891,,,,
3.1024,0.15902,,,,
3.1043,0.15914,,,,
3.1061,0.1592,,,,
3.108,0.1592,,,,
3.1099,0.15923,,,,
3.1117,0.1593,,,,
3.1136,0.15936,,,,
3.1155,0.15942,,,,
3.1173,0.15947,,,,
3.1192,0.15951,,,,
3.1211,0.15962,,,,
3.123,0.15978,,,,
3.1249,0.15987,,,,
3.1267,0.16004,,,,
3.1286,0.16031,,,,
3.1305,0.16052,,,,
3.1324,0.16063,,,,
3.1343,0.16071,,,,
3.1362,0.16076,,,,
3.1381,0.16079,,,,
3.14,0.16088,,,,
3.1419,0.16099,,,,
3.1438,0.16106,,,,
3.1457,0.16114,,,,
3.1476,0.16118,,,,
3.1495,0.16116,,,,
3.1514,0.16125,,,,
3.1534,0.16137,,,,
3.1553,0.16144,,,,
3.1572,0.16152,,,,
3.1591,0.16166,,,,
3.1611,0.16177,,,,
3.163,0.16186,,,,
3.1649,0.16199,,,,
3.1669,0.16208,,,,
3.1688,0.16213,,,,
3.1707,0.1622,,,,
3.1727,0.16226,,,,
3.1746,0.16237,,,,
3.1766,0.16251,,,,
3.1785,0.16268,,,,
3.1805,0.1628,,,,
3.1824,0.16292,,,,
3.1844,0.16298,,,,
3.1863,0.16304,,,,
3.1883,0.16314,,,,
3.1902,0.16327,,,,
3.1922,0.16336,,,,
3.1942,0.16342,,,,
3.1961,0.1635,,,,
3.1981,0.16359,,,,
3.2001,0.16365,,,,
3.2021,0.16374,,,,
3.204,0.16378,,,,
3.206,0.16387,,,,
3.208,0.16402,,,,
3.21,0.16416,,,,
3.212,0.16428,,,,
3.214,0.16442,,,,
3.216,0.16455,,,,
3.218,0.1646,,,,
3.22,0.16465,,,,
3.222,0.16473,,,,
3.224,0.16481,,,,
3.226,0.16497,,,,
3.228,0.16515,,,,
3.23,0.1653,,,,
3.232,0.1654,,,,
3.234,0.16544,,,,
3.236,0.16551,,,,
3.2381,0.16564,,,,
3.2401,0.16577,,,,
3.2421,0.1659,,,,
3.2441,0.166,,,,
3.2462,0.1661,,,,
3.2482,0.16615,,,,
3.2502,0.16613,,,,
3.2523,0.1661,,,,
3.2543,0.16614,,,,
3.2564,0.16627,,,,
3.2584,0.16637,,,,
3.2605,0.16642,,,,
3.2625,0.16651,,,,
3.2646,0.16659,,,,
3.2666,0.16665,,,,
3.2687,0.16673,,,,
3.2707,0.16688,,,,
3.2728,0.16704,,,,
3.2749,0.1672,,,,
3.2769,0.16736,,,,
3.279,0.16744,,,,
3.2811,0.16742,,,,
3.2832,0.1674,,,,
3.2853,0.16738,,,,
3.2873,0.1674,,,,
3.2894,0.16753,,,,
3.2915,0.16763,,,,
3.2936,0.16765,,,,
3.2957,0.16774,,,,
3.2978,0.16784,,,,
3.2999,0.16792,,,,
3.302,0.16804,,,,
3.3041,0.16818,,,,
3.3062,0.16831,,,,
3.3083,0.16846,,,,
3.3104,0.16864,,,,
3.3125,0.16872,,,,
3.3147,0.16877,,,,
3.3168,0.16886,,,,
3.3189,0.16887,,,,
3.321,0.16883,,,,
3.3232,0.16881,,,,
3.3253,0.16889,,,,
3.3274,0.16904,,,,
3.3296,0.1692,,,,
3.3317,0.16932,,,,
3.3338,0.16933,,,,
3.336,0.16937,,,,
3.3381,0.16947,,,,
3.3403,0.16956,,,,
3.3424,0.16969,,,,
3.3446,0.16984,,,,
3.3468,0.16996,,,,
3.3489,0.17002,,,,
3.3511,0.17004,,,,
3.3533,0.17013,,,,
3.3554,0.1703,,,,
3.3576,0.17043,,,,
3.3598,0.17052,,,,
3.362,0.17062,,,,
3.3641,0.17074,,,,
3.3663,0.17081,,,,
3.3685,0.17088,,,,
3.3707,0.17097,,,,
3.3729,0.17109,,,,
3.3751,0.17122,,,,
3.3773,0.17127,,,,
3.3795,0.17133,,,,
3.3817,0.17148,,,,
3.3839,0.17167,,,,
3.3861,0.17174,,,,
3.3883,0.1718,,,,
3.3905,0.17194,,,,
3.3928,0.17207,,,,
3.395,0.17216,,,,
3.3972,0.17219,,,,
3.3994,0.17227,,,,
3.4017,0.17241,,,,
3.4039,0.17252,,,,
3.4061,0.1726,,,,
3.4084,0.17267,,,,
3.4106,0.17279,,,,
3.4129,0.17286,,,,
3.4151,0.17292,,,,
3.4174,0.17305,,,,
3.4196,0.17323,,,,
3.4219,0.17341,,,,
3.4241,0.17359,,,,
3.4264,0.17376,,,,
3.4287,0.1739,,,,
3.4309,0.174,,,,
3.4332,0.17416,,,,
3.4355,0.17432,,,,
3.4378,0.17445,,,,
3.44,0.17457,,,,
3.4423,0.17466,,,,
3.4446,0.17472,,,,
3.4469,0.17481,,,,
3.4492,0.17493,,,,
3.4515,0.17504,,,,
3.4538,0.17514,,,,
3.4561,0.17522,,,,
3.4584,0.17523,,,,
3.4607,0.17525,,,,
3.463,0.17535,,,,
3.4653,0.17548,,,,
3.4676,0.17559,,,,
3.47,0.17571,,,,
3.4723,0.17585,,,,
3.4746,0.17596,,,,
3.477,0.17605,,,,
3.4793,0.1761,,,,
3.4816,0.17621,,,,
3.484,0.17639,,,,
3.4863,0.17661,,,,
3.4887,0.17681,,,,
3.491,0.17696,,,,
3.4934,0.17707,,,,
3.4957,0.1772,,,,
3.4981,0.1773,,,,
3.5004,0.17741,,,,
3.5028,0.17756,,,,
3.5052,0.17773,,,,
3.5075,0.17789,,,,
3.5099,0.17799,,,,
3.5123,0.1781,,,,
3.5147,0.17821,,,,
3.5171,0.17835,,,,
3.5194,0.17852,,,,
3.5218,0.17868,,,,
3.5242,0.17883,,,,
3.5266,0.17899,,,,
3.529,0.17911,,,,
3.5314,0.1792,,,,
3.5338,0.17931,,,,
3.5362,0.17944,,,,
3.5387,0.17954,,,,
3.5411,0.17963,,,,
3.5435,0.17972,,,,
3.5459,0.17977,,,,
3.5483,0.17982,,,,
3.5508,0.17989,,,,
3.5532,0.17997,,,,
3.5556,0.18007,,,,
3.5581,0.1802,,,,
3.5605,0.18031,,,,
3.563,0.1804,,,,
3.5654,0.18052,,,,
3.5679,0.18065,,,,
3.5703,0.18073,,,,
3.5728,0.18086,,,,
3.5753,0.18101,,,,
3.5777,0.18113,,,,
3.5802,0.18124,,,,
3.5827,0.18135,,,,
3.5852,0.18148,,,,
3.5876,0.18161,,,,
3.5901,0.18178,,,,
3.5926,0.18198,,,,
3.5951,0.18221,,,,
3.5976,0.18246,,,,
3.6001,0.18268,,,,
3.6026,0.18285,,,,
3.6051,0.183,,,,
3.6076,0.18317,,,,
3.6101,0.1834,,,,
3.6126,0.18358,,,,
3.6152,0.18371,,,,
3.6177,0.18377,,,,
3.6202,0.18379,,,,
3.6227,0.18384,,,,
3.6253,0.18391,,,,
3.6278,0.18402,,,,
3.6303,0.18419,,,,
3.6329,0.18438,,,,
3.6354,0.18449,,,,
3.638,0.18449,,,,
3.6405,0.18454,,,,
3.6431,0.18468,,,,
3.6457,0.18489,,,,
3.6482,0.1851,,,,
3.6508,0.18526,,,,
3.6534,0.18542,,,,
3.6559,0.18559,,,,
3.6585,0.18577,,,,
3.6611,0.18593,,,,
3.6637,0.1861,,,,
3.6663,0.18633,,,,
3.6689,0.18656,,,,
3.6715,0.18678,,,,
3.6741,0.18698,,,,
3.6767,0.18716,,,,
3.6793,0.18733,,,,
3.6819,0.18748,,,,
3.6845,0.18759,,,,
3.6872,0.18771,,,,
3.6898,0.18786,,,,
3.6924,0.18804,,,,
3.695,0.18822,,,,
3.6977,0.18837,,,,
3.7003,0.18847,,,,
3.703,0.18861,,,,
3.7056,0.18879,,,,
3.7083,0.18893,,,,
3.7109,0.18906,,,,
3.7136,0.18923,,,,
3.7162,0.18935,,,,
3.7189,0.18941,,,,
3.7216,0.18943,,,,
3.7242,0.18945,,,,
3.7269,0.1895,,,,
3.7296,0.18964,,,,
3.7323,0.18976,,,,
3.735,0.18987,,,,
3.7377,0.19001,,,,
3.7404,0.19018,,,,
3.7431,0.1903,,,,
3.7458,0.19038,,,,
3.7485,0.19052,,,,
3.7512,0.19074,,,,
3.7539,0.19096,,,,
3.7566,0.19115,,,,
3.7593,0.1913,,,,
3.7621,0.1914,,,,
3.7648,0.19147,,,,
3.7675,0.19153,,,,
3.7703,0.1916,,,,
3.773,0.19167,,,,
3.7758,0.19179,,,,
3.7785,0.19196,,,,
3.7813,0.19208,,,,
3.784,0.19216,,,,
3.7868,0.19225,,,,
3.7896,0.19238,,,,
3.7923,0.19256,,,,
3.7951,0.19272,,,,
3.7979,0.19288,,,,
3.8007,0.19299,,,,
3.8035,0.1931,,,,
3.8063,0.19324,,,,
3.8091,0.19339,,,,
3.8119,0.19355,,,,
3.8147,0.19369,,,,
3.8175,0.19379,,,,
3.8203,0.19387,,,,
3.8231,0.19394,,,,
3.8259,0.19403,,,,
3.8288,0.19412,,,,
3.8316,0.19424,,,,
3.8344,0.19441,,,,
3.8373,0.19457,,,,
3.8401,0.19469,,,,
3.8429,0.19478,,,,
3.8458,0.19489,,,,
3.8487,0.195,,,,
3.8515,0.1951,,,,
3.8544,0.19519,,,,
3.8572,0.19527,,,,
3.8601,0.19541,,,,
3.863,0.19558,,,,
3.8659,0.19571,,,,
3.8688,0.19578,,,,
3.8716,0.19586,,,,
3.8745,0.19592,,,,
3.8774,0.196,,,,
3.8803,0.19611,,,,
3.8832,0.19624,,,,
3.8862,0.19638,,,,
3.8891,0.19651,,,,
3.892,0.19657,,,,
3.8949,0.1966,,,,
3.8978,0.19667,,,,
3.9008,0.19677,,,,
3.9037,0.19684,,,,
3.9067,0.19692,,,,
3.9096,0.19701,,,,
3.9126,0.1971,,,,
3.9155,0.19719,,,,
3.9185,0.19728,,,,
3.9214,0.19737,,,,
3.9244,0.19747,,,,
3.9274,0.19756,,,,
3.9304,0.19762,,,,
3.9333,0.19768,,,,
3.9363,0.19776,,,,
3.9393,0.19785,,,,
3.9423,0.19792,,,,
3.9453,0.19799,,,,
3.9483,0.19806,,,,
3.9513,0.19812,,,,
3.9543,0.19822,,,,
3.9574,0.19832,,,,
3.9604,0.19843,,,,
3.9634,0.19857,,,,
3.9664,0.1987,,,,
3.9695,0.19883,,,,
3.9725,0.19894,,,,
3.9756,0.19905,,,,
3.9786,0.19916,,,,
3.9817,0.19926,,,,
3.9847,0.19932,,,,
3.9878,0.19933,,,,
3.9909,0.19938,,,,
3.9939,0.19945,,,,
3.997,0.19948,,,,
4.0001,0.19949,,,,
